STARTFONT 2.1
FONT -Mojang-Mojangles-medium-r-normal--10-100-72-72-p-60-iso10646-1
SIZE 12 72 72
FONTBOUNDINGBOX 12 12 0 -2
STARTPROPERTIES 2
FONT_ASCENT 10
FONT_DESCENT 2
ENDPROPERTIES
CHARS 2415
STARTCHAR U+0020
ENCODING 32
SWIDTH 416 0
DWIDTH 5 0
BBX 5 12 0 -2
BITMAP
00
ENDCHAR
STARTCHAR U+200c
ENCODING 8204
SWIDTH 83 0
DWIDTH 1 0
BBX 1 12 0 -2
BITMAP

ENDCHAR
STARTCHAR U+00a1
ENCODING 161
SWIDTH 166 0
DWIDTH 2 0
BBX 2 12 0 -2
BITMAP
00
00
00
00
80
00
80
80
80
80
80
00
ENDCHAR
STARTCHAR U+2030
ENCODING 8240
SWIDTH 666 0
DWIDTH 8 0
BBX 8 12 0 -2
BITMAP
00
00
00
88
90
10
20
40
4A
8A
00
00
ENDCHAR
STARTCHAR U+00ad
ENCODING 173
SWIDTH 333 0
DWIDTH 4 0
BBX 4 12 0 -2
BITMAP
00
00
00
00
00
00
00
E0
00
00
00
00
ENDCHAR
STARTCHAR U+00b7
ENCODING 183
SWIDTH 166 0
DWIDTH 2 0
BBX 2 12 0 -2
BITMAP
00
00
00
00
00
00
80
00
00
00
00
00
ENDCHAR
STARTCHAR U+20b4
ENCODING 8372
SWIDTH 666 0
DWIDTH 8 0
BBX 8 12 0 -2
BITMAP
00
00
00
78
04
FE
10
FE
40
3C
00
00
ENDCHAR
STARTCHAR U+2260
ENCODING 8800
SWIDTH 500 0
DWIDTH 6 0
BBX 6 12 0 -2
BITMAP
00
00
00
00
10
F8
20
20
F8
40
00
00
ENDCHAR
STARTCHAR U+00bf
ENCODING 191
SWIDTH 500 0
DWIDTH 6 0
BBX 6 12 0 -2
BITMAP
00
00
00
00
20
00
20
40
80
88
70
00
ENDCHAR
STARTCHAR U+00d7
ENCODING 215
SWIDTH 500 0
DWIDTH 6 0
BBX 6 12 0 -2
BITMAP
00
00
00
00
88
50
20
50
88
00
00
00
ENDCHAR
STARTCHAR U+00d8
ENCODING 216
SWIDTH 500 0
DWIDTH 6 0
BBX 6 12 0 -2
BITMAP
00
00
00
70
98
98
A8
C8
C8
70
00
00
ENDCHAR
STARTCHAR U+00de
ENCODING 222
SWIDTH 500 0
DWIDTH 6 0
BBX 6 12 0 -2
BITMAP
00
00
00
80
80
F0
88
F0
80
80
00
00
ENDCHAR
STARTCHAR U+04bb
ENCODING 1211
SWIDTH 500 0
DWIDTH 6 0
BBX 6 12 0 -2
BITMAP
00
00
00
80
80
B0
C8
88
88
88
00
00
ENDCHAR
STARTCHAR U+00f0
ENCODING 240
SWIDTH 500 0
DWIDTH 6 0
BBX 6 12 0 -2
BITMAP
00
00
00
68
10
28
08
78
88
70
00
00
ENDCHAR
STARTCHAR U+00f8
ENCODING 248
SWIDTH 500 0
DWIDTH 6 0
BBX 6 12 0 -2
BITMAP
00
00
00
00
00
70
98
A8
C8
70
00
00
ENDCHAR
STARTCHAR U+00fe
ENCODING 254
SWIDTH 500 0
DWIDTH 6 0
BBX 6 12 0 -2
BITMAP
00
00
00
80
80
F0
88
88
F0
80
80
00
ENDCHAR
STARTCHAR U+0391
ENCODING 913
SWIDTH 500 0
DWIDTH 6 0
BBX 6 12 0 -2
BITMAP
00
00
00
70
88
F8
88
88
88
88
00
00
ENDCHAR
STARTCHAR U+0392
ENCODING 914
SWIDTH 500 0
DWIDTH 6 0
BBX 6 12 0 -2
BITMAP
00
00
00
F0
88
F0
88
88
88
F0
00
00
ENDCHAR
STARTCHAR U+0393
ENCODING 915
SWIDTH 500 0
DWIDTH 6 0
BBX 6 12 0 -2
BITMAP
00
00
00
F8
80
80
80
80
80
80
00
00
ENDCHAR
STARTCHAR U+0394
ENCODING 916
SWIDTH 500 0
DWIDTH 6 0
BBX 6 12 0 -2
BITMAP
00
00
00
20
20
50
50
50
88
F8
00
00
ENDCHAR
STARTCHAR U+0395
ENCODING 917
SWIDTH 500 0
DWIDTH 6 0
BBX 6 12 0 -2
BITMAP
00
00
00
F8
80
E0
80
80
80
F8
00
00
ENDCHAR
STARTCHAR U+0396
ENCODING 918
SWIDTH 500 0
DWIDTH 6 0
BBX 6 12 0 -2
BITMAP
00
00
00
F8
08
10
20
40
80
F8
00
00
ENDCHAR
STARTCHAR U+0397
ENCODING 919
SWIDTH 500 0
DWIDTH 6 0
BBX 6 12 0 -2
BITMAP
00
00
00
88
88
F8
88
88
88
88
00
00
ENDCHAR
STARTCHAR U+0398
ENCODING 920
SWIDTH 500 0
DWIDTH 6 0
BBX 6 12 0 -2
BITMAP
00
00
00
70
88
88
A8
88
88
70
00
00
ENDCHAR
STARTCHAR U+0399
ENCODING 921
SWIDTH 333 0
DWIDTH 4 0
BBX 4 12 0 -2
BITMAP
00
00
00
E0
40
40
40
40
40
E0
00
00
ENDCHAR
STARTCHAR U+039a
ENCODING 922
SWIDTH 500 0
DWIDTH 6 0
BBX 6 12 0 -2
BITMAP
00
00
00
88
90
E0
90
88
88
88
00
00
ENDCHAR
STARTCHAR U+039b
ENCODING 923
SWIDTH 500 0
DWIDTH 6 0
BBX 6 12 0 -2
BITMAP
00
00
00
20
20
50
50
50
88
88
00
00
ENDCHAR
STARTCHAR U+039c
ENCODING 924
SWIDTH 500 0
DWIDTH 6 0
BBX 6 12 0 -2
BITMAP
00
00
00
88
D8
A8
88
88
88
88
00
00
ENDCHAR
STARTCHAR U+039d
ENCODING 925
SWIDTH 500 0
DWIDTH 6 0
BBX 6 12 0 -2
BITMAP
00
00
00
88
C8
A8
98
88
88
88
00
00
ENDCHAR
STARTCHAR U+039e
ENCODING 926
SWIDTH 500 0
DWIDTH 6 0
BBX 6 12 0 -2
BITMAP
00
00
00
F8
00
00
70
00
00
F8
00
00
ENDCHAR
STARTCHAR U+039f
ENCODING 927
SWIDTH 500 0
DWIDTH 6 0
BBX 6 12 0 -2
BITMAP
00
00
00
70
88
88
88
88
88
70
00
00
ENDCHAR
STARTCHAR U+03a0
ENCODING 928
SWIDTH 500 0
DWIDTH 6 0
BBX 6 12 0 -2
BITMAP
00
00
00
F8
88
88
88
88
88
88
00
00
ENDCHAR
STARTCHAR U+03a1
ENCODING 929
SWIDTH 500 0
DWIDTH 6 0
BBX 6 12 0 -2
BITMAP
00
00
00
F0
88
F0
80
80
80
80
00
00
ENDCHAR
STARTCHAR U+03a3
ENCODING 931
SWIDTH 500 0
DWIDTH 6 0
BBX 6 12 0 -2
BITMAP
00
00
00
F8
80
40
20
40
80
F8
00
00
ENDCHAR
STARTCHAR U+03a4
ENCODING 932
SWIDTH 500 0
DWIDTH 6 0
BBX 6 12 0 -2
BITMAP
00
00
00
F8
20
20
20
20
20
20
00
00
ENDCHAR
STARTCHAR U+03a5
ENCODING 933
SWIDTH 500 0
DWIDTH 6 0
BBX 6 12 0 -2
BITMAP
00
00
00
88
50
20
20
20
20
20
00
00
ENDCHAR
STARTCHAR U+03a6
ENCODING 934
SWIDTH 500 0
DWIDTH 6 0
BBX 6 12 0 -2
BITMAP
00
00
00
20
70
A8
A8
A8
70
20
00
00
ENDCHAR
STARTCHAR U+03a7
ENCODING 935
SWIDTH 500 0
DWIDTH 6 0
BBX 6 12 0 -2
BITMAP
00
00
00
88
50
20
50
88
88
88
00
00
ENDCHAR
STARTCHAR U+03a8
ENCODING 936
SWIDTH 500 0
DWIDTH 6 0
BBX 6 12 0 -2
BITMAP
00
00
00
A8
A8
70
20
20
20
20
00
00
ENDCHAR
STARTCHAR U+03a9
ENCODING 937
SWIDTH 500 0
DWIDTH 6 0
BBX 6 12 0 -2
BITMAP
00
00
00
70
88
88
88
88
50
D8
00
00
ENDCHAR
STARTCHAR U+03b1
ENCODING 945
SWIDTH 500 0
DWIDTH 6 0
BBX 6 12 0 -2
BITMAP
00
00
00
00
00
68
90
90
90
68
00
00
ENDCHAR
STARTCHAR U+03b2
ENCODING 946
SWIDTH 500 0
DWIDTH 6 0
BBX 6 12 0 -2
BITMAP
00
00
00
60
90
A0
90
88
88
F0
80
00
ENDCHAR
STARTCHAR U+03b3
ENCODING 947
SWIDTH 500 0
DWIDTH 6 0
BBX 6 12 0 -2
BITMAP
00
00
00
00
00
88
50
20
50
50
20
00
ENDCHAR
STARTCHAR U+03b4
ENCODING 948
SWIDTH 500 0
DWIDTH 6 0
BBX 6 12 0 -2
BITMAP
00
00
00
30
40
20
50
88
88
70
00
00
ENDCHAR
STARTCHAR U+03b5
ENCODING 949
SWIDTH 500 0
DWIDTH 6 0
BBX 6 12 0 -2
BITMAP
00
00
00
00
00
78
80
60
80
78
00
00
ENDCHAR
STARTCHAR U+03b6
ENCODING 950
SWIDTH 500 0
DWIDTH 6 0
BBX 6 12 0 -2
BITMAP
00
00
00
F0
08
10
20
40
30
08
10
00
ENDCHAR
STARTCHAR U+03b7
ENCODING 951
SWIDTH 500 0
DWIDTH 6 0
BBX 6 12 0 -2
BITMAP
00
00
00
00
00
F0
88
88
88
88
08
00
ENDCHAR
STARTCHAR U+03b8
ENCODING 952
SWIDTH 500 0
DWIDTH 6 0
BBX 6 12 0 -2
BITMAP
00
00
00
70
88
88
F8
88
88
70
00
00
ENDCHAR
STARTCHAR U+03b9
ENCODING 953
SWIDTH 250 0
DWIDTH 3 0
BBX 3 12 0 -2
BITMAP
00
00
00
00
00
80
80
80
80
40
00
00
ENDCHAR
STARTCHAR U+03ba
ENCODING 954
SWIDTH 416 0
DWIDTH 5 0
BBX 5 12 0 -2
BITMAP
00
00
00
00
00
90
A0
C0
A0
90
00
00
ENDCHAR
STARTCHAR U+03bb
ENCODING 955
SWIDTH 500 0
DWIDTH 6 0
BBX 6 12 0 -2
BITMAP
00
00
00
C0
20
20
50
50
88
88
00
00
ENDCHAR
STARTCHAR U+03bc
ENCODING 956
SWIDTH 500 0
DWIDTH 6 0
BBX 6 12 0 -2
BITMAP
00
00
00
00
00
88
88
88
88
F0
80
00
ENDCHAR
STARTCHAR U+03bd
ENCODING 957
SWIDTH 500 0
DWIDTH 6 0
BBX 6 12 0 -2
BITMAP
00
00
00
00
00
88
88
50
50
20
00
00
ENDCHAR
STARTCHAR U+03be
ENCODING 958
SWIDTH 500 0
DWIDTH 6 0
BBX 6 12 0 -2
BITMAP
00
00
00
80
70
80
70
80
70
08
10
00
ENDCHAR
STARTCHAR U+03bf
ENCODING 959
SWIDTH 500 0
DWIDTH 6 0
BBX 6 12 0 -2
BITMAP
00
00
00
00
00
70
88
88
88
70
00
00
ENDCHAR
STARTCHAR U+03c0
ENCODING 960
SWIDTH 500 0
DWIDTH 6 0
BBX 6 12 0 -2
BITMAP
00
00
00
00
00
F8
50
50
50
50
00
00
ENDCHAR
STARTCHAR U+03c1
ENCODING 961
SWIDTH 500 0
DWIDTH 6 0
BBX 6 12 0 -2
BITMAP
00
00
00
00
00
70
88
88
F0
80
80
00
ENDCHAR
STARTCHAR U+03c2
ENCODING 962
SWIDTH 500 0
DWIDTH 6 0
BBX 6 12 0 -2
BITMAP
00
00
00
00
00
70
88
80
70
08
10
00
ENDCHAR
STARTCHAR U+03c3
ENCODING 963
SWIDTH 583 0
DWIDTH 7 0
BBX 7 12 0 -2
BITMAP
00
00
00
00
00
7C
88
88
88
70
00
00
ENDCHAR
STARTCHAR U+03c4
ENCODING 964
SWIDTH 500 0
DWIDTH 6 0
BBX 6 12 0 -2
BITMAP
00
00
00
00
00
F8
20
20
20
10
00
00
ENDCHAR
STARTCHAR U+03c5
ENCODING 965
SWIDTH 500 0
DWIDTH 6 0
BBX 6 12 0 -2
BITMAP
00
00
00
00
00
90
88
88
88
70
00
00
ENDCHAR
STARTCHAR U+03c6
ENCODING 966
SWIDTH 500 0
DWIDTH 6 0
BBX 6 12 0 -2
BITMAP
00
00
00
00
00
10
A8
A8
A8
70
20
00
ENDCHAR
STARTCHAR U+03c7
ENCODING 967
SWIDTH 500 0
DWIDTH 6 0
BBX 6 12 0 -2
BITMAP
00
00
00
00
00
88
50
20
50
88
88
00
ENDCHAR
STARTCHAR U+03c8
ENCODING 968
SWIDTH 500 0
DWIDTH 6 0
BBX 6 12 0 -2
BITMAP
00
00
00
00
00
A8
A8
A8
70
20
20
00
ENDCHAR
STARTCHAR U+03c9
ENCODING 969
SWIDTH 666 0
DWIDTH 8 0
BBX 8 12 0 -2
BITMAP
00
00
00
00
00
44
82
92
92
6C
00
00
ENDCHAR
STARTCHAR U+0402
ENCODING 1026
SWIDTH 666 0
DWIDTH 8 0
BBX 8 12 0 -2
BITMAP
00
00
00
F8
20
2C
32
22
22
24
00
00
ENDCHAR
STARTCHAR U+0405
ENCODING 1029
SWIDTH 500 0
DWIDTH 6 0
BBX 6 12 0 -2
BITMAP
00
00
00
78
80
70
08
08
88
70
00
00
ENDCHAR
STARTCHAR U+0406
ENCODING 1030
SWIDTH 333 0
DWIDTH 4 0
BBX 4 12 0 -2
BITMAP
00
00
00
E0
40
40
40
40
40
E0
00
00
ENDCHAR
STARTCHAR U+0408
ENCODING 1032
SWIDTH 500 0
DWIDTH 6 0
BBX 6 12 0 -2
BITMAP
00
00
00
08
08
08
08
08
88
70
00
00
ENDCHAR
STARTCHAR U+0409
ENCODING 1033
SWIDTH 666 0
DWIDTH 8 0
BBX 8 12 0 -2
BITMAP
00
00
00
70
50
5C
52
52
52
9C
00
00
ENDCHAR
STARTCHAR U+040a
ENCODING 1034
SWIDTH 583 0
DWIDTH 7 0
BBX 7 12 0 -2
BITMAP
00
00
00
A0
A0
F8
A4
A4
A4
B8
00
00
ENDCHAR
STARTCHAR U+040b
ENCODING 1035
SWIDTH 583 0
DWIDTH 7 0
BBX 7 12 0 -2
BITMAP
00
00
00
40
F8
40
58
64
44
44
00
00
ENDCHAR
STARTCHAR U+0410
ENCODING 1040
SWIDTH 500 0
DWIDTH 6 0
BBX 6 12 0 -2
BITMAP
00
00
00
70
88
F8
88
88
88
88
00
00
ENDCHAR
STARTCHAR U+0411
ENCODING 1041
SWIDTH 500 0
DWIDTH 6 0
BBX 6 12 0 -2
BITMAP
00
00
00
F8
80
F0
88
88
88
F0
00
00
ENDCHAR
STARTCHAR U+0412
ENCODING 1042
SWIDTH 500 0
DWIDTH 6 0
BBX 6 12 0 -2
BITMAP
00
00
00
F0
88
F0
88
88
88
F0
00
00
ENDCHAR
STARTCHAR U+0413
ENCODING 1043
SWIDTH 500 0
DWIDTH 6 0
BBX 6 12 0 -2
BITMAP
00
00
00
F8
80
80
80
80
80
80
00
00
ENDCHAR
STARTCHAR U+0414
ENCODING 1044
SWIDTH 583 0
DWIDTH 7 0
BBX 7 12 0 -2
BITMAP
00
00
00
38
28
28
48
48
48
FC
84
00
ENDCHAR
STARTCHAR U+0415
ENCODING 1045
SWIDTH 500 0
DWIDTH 6 0
BBX 6 12 0 -2
BITMAP
00
00
00
F8
80
E0
80
80
80
F8
00
00
ENDCHAR
STARTCHAR U+0416
ENCODING 1046
SWIDTH 666 0
DWIDTH 8 0
BBX 8 12 0 -2
BITMAP
00
00
00
92
54
38
54
92
92
92
00
00
ENDCHAR
STARTCHAR U+0417
ENCODING 1047
SWIDTH 500 0
DWIDTH 6 0
BBX 6 12 0 -2
BITMAP
00
00
00
70
88
30
08
08
88
70
00
00
ENDCHAR
STARTCHAR U+0418
ENCODING 1048
SWIDTH 500 0
DWIDTH 6 0
BBX 6 12 0 -2
BITMAP
00
00
00
88
98
A8
C8
88
88
88
00
00
ENDCHAR
STARTCHAR U+041a
ENCODING 1050
SWIDTH 500 0
DWIDTH 6 0
BBX 6 12 0 -2
BITMAP
00
00
00
88
90
E0
90
88
88
88
00
00
ENDCHAR
STARTCHAR U+041b
ENCODING 1051
SWIDTH 500 0
DWIDTH 6 0
BBX 6 12 0 -2
BITMAP
00
00
00
78
48
48
48
48
48
88
00
00
ENDCHAR
STARTCHAR U+041c
ENCODING 1052
SWIDTH 500 0
DWIDTH 6 0
BBX 6 12 0 -2
BITMAP
00
00
00
88
D8
A8
88
88
88
88
00
00
ENDCHAR
STARTCHAR U+041d
ENCODING 1053
SWIDTH 500 0
DWIDTH 6 0
BBX 6 12 0 -2
BITMAP
00
00
00
88
88
F8
88
88
88
88
00
00
ENDCHAR
STARTCHAR U+041e
ENCODING 1054
SWIDTH 500 0
DWIDTH 6 0
BBX 6 12 0 -2
BITMAP
00
00
00
70
88
88
88
88
88
70
00
00
ENDCHAR
STARTCHAR U+041f
ENCODING 1055
SWIDTH 500 0
DWIDTH 6 0
BBX 6 12 0 -2
BITMAP
00
00
00
F8
88
88
88
88
88
88
00
00
ENDCHAR
STARTCHAR U+0420
ENCODING 1056
SWIDTH 500 0
DWIDTH 6 0
BBX 6 12 0 -2
BITMAP
00
00
00
F0
88
F0
80
80
80
80
00
00
ENDCHAR
STARTCHAR U+0421
ENCODING 1057
SWIDTH 500 0
DWIDTH 6 0
BBX 6 12 0 -2
BITMAP
00
00
00
70
88
80
80
80
88
70
00
00
ENDCHAR
STARTCHAR U+0422
ENCODING 1058
SWIDTH 500 0
DWIDTH 6 0
BBX 6 12 0 -2
BITMAP
00
00
00
F8
20
20
20
20
20
20
00
00
ENDCHAR
STARTCHAR U+0423
ENCODING 1059
SWIDTH 500 0
DWIDTH 6 0
BBX 6 12 0 -2
BITMAP
00
00
00
88
88
88
78
08
08
F0
00
00
ENDCHAR
STARTCHAR U+0424
ENCODING 1060
SWIDTH 666 0
DWIDTH 8 0
BBX 8 12 0 -2
BITMAP
00
00
00
10
7C
92
92
92
92
7C
10
00
ENDCHAR
STARTCHAR U+0425
ENCODING 1061
SWIDTH 500 0
DWIDTH 6 0
BBX 6 12 0 -2
BITMAP
00
00
00
88
50
20
50
88
88
88
00
00
ENDCHAR
STARTCHAR U+0426
ENCODING 1062
SWIDTH 583 0
DWIDTH 7 0
BBX 7 12 0 -2
BITMAP
00
00
00
88
88
88
88
88
88
FC
04
00
ENDCHAR
STARTCHAR U+0427
ENCODING 1063
SWIDTH 500 0
DWIDTH 6 0
BBX 6 12 0 -2
BITMAP
00
00
00
88
88
88
78
08
08
08
00
00
ENDCHAR
STARTCHAR U+0428
ENCODING 1064
SWIDTH 666 0
DWIDTH 8 0
BBX 8 12 0 -2
BITMAP
00
00
00
92
92
92
92
92
92
FE
00
00
ENDCHAR
STARTCHAR U+0429
ENCODING 1065
SWIDTH 750 0
DWIDTH 9 0
BBX 9 12 0 -2
BITMAP
0000
0000
0000
4900
4900
4900
4900
4900
4900
7F80
0080
0000
ENDCHAR
STARTCHAR U+042a
ENCODING 1066
SWIDTH 583 0
DWIDTH 7 0
BBX 7 12 0 -2
BITMAP
00
00
00
C0
40
40
78
44
44
78
00
00
ENDCHAR
STARTCHAR U+042b
ENCODING 1067
SWIDTH 666 0
DWIDTH 8 0
BBX 8 12 0 -2
BITMAP
00
00
00
82
82
82
F2
8A
8A
F2
00
00
ENDCHAR
STARTCHAR U+042c
ENCODING 1068
SWIDTH 500 0
DWIDTH 6 0
BBX 6 12 0 -2
BITMAP
00
00
00
80
80
80
F0
88
88
F0
00
00
ENDCHAR
STARTCHAR U+042d
ENCODING 1069
SWIDTH 500 0
DWIDTH 6 0
BBX 6 12 0 -2
BITMAP
00
00
00
70
88
08
38
08
88
70
00
00
ENDCHAR
STARTCHAR U+042e
ENCODING 1070
SWIDTH 666 0
DWIDTH 8 0
BBX 8 12 0 -2
BITMAP
00
00
00
9C
A2
A2
E2
A2
A2
9C
00
00
ENDCHAR
STARTCHAR U+042f
ENCODING 1071
SWIDTH 500 0
DWIDTH 6 0
BBX 6 12 0 -2
BITMAP
00
00
00
78
88
78
88
88
88
88
00
00
ENDCHAR
STARTCHAR U+0430
ENCODING 1072
SWIDTH 500 0
DWIDTH 6 0
BBX 6 12 0 -2
BITMAP
00
00
00
00
00
70
08
78
88
78
00
00
ENDCHAR
STARTCHAR U+0431
ENCODING 1073
SWIDTH 500 0
DWIDTH 6 0
BBX 6 12 0 -2
BITMAP
00
00
00
78
80
F0
88
88
88
70
00
00
ENDCHAR
STARTCHAR U+0432
ENCODING 1074
SWIDTH 500 0
DWIDTH 6 0
BBX 6 12 0 -2
BITMAP
00
00
00
00
00
F0
88
F0
88
F0
00
00
ENDCHAR
STARTCHAR U+0433
ENCODING 1075
SWIDTH 416 0
DWIDTH 5 0
BBX 5 12 0 -2
BITMAP
00
00
00
00
00
F0
80
80
80
80
00
00
ENDCHAR
STARTCHAR U+0434
ENCODING 1076
SWIDTH 583 0
DWIDTH 7 0
BBX 7 12 0 -2
BITMAP
00
00
00
00
00
38
28
48
48
FC
84
00
ENDCHAR
STARTCHAR U+0435
ENCODING 1077
SWIDTH 500 0
DWIDTH 6 0
BBX 6 12 0 -2
BITMAP
00
00
00
00
00
70
88
F8
80
78
00
00
ENDCHAR
STARTCHAR U+0436
ENCODING 1078
SWIDTH 500 0
DWIDTH 6 0
BBX 6 12 0 -2
BITMAP
00
00
00
00
00
A8
A8
70
A8
A8
00
00
ENDCHAR
STARTCHAR U+0437
ENCODING 1079
SWIDTH 500 0
DWIDTH 6 0
BBX 6 12 0 -2
BITMAP
00
00
00
00
00
70
88
30
88
70
00
00
ENDCHAR
STARTCHAR U+0438
ENCODING 1080
SWIDTH 500 0
DWIDTH 6 0
BBX 6 12 0 -2
BITMAP
00
00
00
00
00
88
98
A8
C8
88
00
00
ENDCHAR
STARTCHAR U+043a
ENCODING 1082
SWIDTH 416 0
DWIDTH 5 0
BBX 5 12 0 -2
BITMAP
00
00
00
00
00
90
A0
C0
A0
90
00
00
ENDCHAR
STARTCHAR U+043b
ENCODING 1083
SWIDTH 500 0
DWIDTH 6 0
BBX 6 12 0 -2
BITMAP
00
00
00
00
00
78
48
48
48
88
00
00
ENDCHAR
STARTCHAR U+043c
ENCODING 1084
SWIDTH 500 0
DWIDTH 6 0
BBX 6 12 0 -2
BITMAP
00
00
00
00
00
88
D8
A8
88
88
00
00
ENDCHAR
STARTCHAR U+043d
ENCODING 1085
SWIDTH 500 0
DWIDTH 6 0
BBX 6 12 0 -2
BITMAP
00
00
00
00
00
88
88
F8
88
88
00
00
ENDCHAR
STARTCHAR U+043e
ENCODING 1086
SWIDTH 500 0
DWIDTH 6 0
BBX 6 12 0 -2
BITMAP
00
00
00
00
00
70
88
88
88
70
00
00
ENDCHAR
STARTCHAR U+043f
ENCODING 1087
SWIDTH 500 0
DWIDTH 6 0
BBX 6 12 0 -2
BITMAP
00
00
00
00
00
F8
88
88
88
88
00
00
ENDCHAR
STARTCHAR U+0440
ENCODING 1088
SWIDTH 500 0
DWIDTH 6 0
BBX 6 12 0 -2
BITMAP
00
00
00
00
00
B0
C8
88
F0
80
80
00
ENDCHAR
STARTCHAR U+0441
ENCODING 1089
SWIDTH 500 0
DWIDTH 6 0
BBX 6 12 0 -2
BITMAP
00
00
00
00
00
70
88
80
88
70
00
00
ENDCHAR
STARTCHAR U+0442
ENCODING 1090
SWIDTH 500 0
DWIDTH 6 0
BBX 6 12 0 -2
BITMAP
00
00
00
00
00
F8
20
20
20
20
00
00
ENDCHAR
STARTCHAR U+0443
ENCODING 1091
SWIDTH 500 0
DWIDTH 6 0
BBX 6 12 0 -2
BITMAP
00
00
00
00
00
88
88
88
78
08
F0
00
ENDCHAR
STARTCHAR U+0444
ENCODING 1092
SWIDTH 500 0
DWIDTH 6 0
BBX 6 12 0 -2
BITMAP
00
00
00
00
00
70
A8
A8
A8
70
20
00
ENDCHAR
STARTCHAR U+0445
ENCODING 1093
SWIDTH 500 0
DWIDTH 6 0
BBX 6 12 0 -2
BITMAP
00
00
00
00
00
88
50
20
50
88
00
00
ENDCHAR
STARTCHAR U+0446
ENCODING 1094
SWIDTH 500 0
DWIDTH 6 0
BBX 6 12 0 -2
BITMAP
00
00
00
00
00
90
90
90
90
F8
08
00
ENDCHAR
STARTCHAR U+0447
ENCODING 1095
SWIDTH 500 0
DWIDTH 6 0
BBX 6 12 0 -2
BITMAP
00
00
00
00
00
88
88
78
08
08
00
00
ENDCHAR
STARTCHAR U+0448
ENCODING 1096
SWIDTH 500 0
DWIDTH 6 0
BBX 6 12 0 -2
BITMAP
00
00
00
00
00
A8
A8
A8
A8
F8
00
00
ENDCHAR
STARTCHAR U+0449
ENCODING 1097
SWIDTH 583 0
DWIDTH 7 0
BBX 7 12 0 -2
BITMAP
00
00
00
00
00
A8
A8
A8
A8
FC
04
00
ENDCHAR
STARTCHAR U+044a
ENCODING 1098
SWIDTH 583 0
DWIDTH 7 0
BBX 7 12 0 -2
BITMAP
00
00
00
00
00
C0
40
78
44
78
00
00
ENDCHAR
STARTCHAR U+044b
ENCODING 1099
SWIDTH 583 0
DWIDTH 7 0
BBX 7 12 0 -2
BITMAP
00
00
00
00
00
84
84
E4
94
E4
00
00
ENDCHAR
STARTCHAR U+044c
ENCODING 1100
SWIDTH 500 0
DWIDTH 6 0
BBX 6 12 0 -2
BITMAP
00
00
00
00
00
80
80
F0
88
F0
00
00
ENDCHAR
STARTCHAR U+044d
ENCODING 1101
SWIDTH 500 0
DWIDTH 6 0
BBX 6 12 0 -2
BITMAP
00
00
00
00
00
70
88
38
88
70
00
00
ENDCHAR
STARTCHAR U+044e
ENCODING 1102
SWIDTH 666 0
DWIDTH 8 0
BBX 8 12 0 -2
BITMAP
00
00
00
00
00
9C
A2
E2
A2
9C
00
00
ENDCHAR
STARTCHAR U+044f
ENCODING 1103
SWIDTH 500 0
DWIDTH 6 0
BBX 6 12 0 -2
BITMAP
00
00
00
00
00
78
88
78
88
88
00
00
ENDCHAR
STARTCHAR U+0454
ENCODING 1108
SWIDTH 500 0
DWIDTH 6 0
BBX 6 12 0 -2
BITMAP
00
00
00
00
00
70
88
E0
88
70
00
00
ENDCHAR
STARTCHAR U+0455
ENCODING 1109
SWIDTH 500 0
DWIDTH 6 0
BBX 6 12 0 -2
BITMAP
00
00
00
00
00
78
80
70
08
F0
00
00
ENDCHAR
STARTCHAR U+0456
ENCODING 1110
SWIDTH 166 0
DWIDTH 2 0
BBX 2 12 0 -2
BITMAP
00
00
00
80
00
80
80
80
80
80
00
00
ENDCHAR
STARTCHAR U+0458
ENCODING 1112
SWIDTH 500 0
DWIDTH 6 0
BBX 6 12 0 -2
BITMAP
00
00
00
08
00
08
08
08
88
88
70
00
ENDCHAR
STARTCHAR U+0459
ENCODING 1113
SWIDTH 666 0
DWIDTH 8 0
BBX 8 12 0 -2
BITMAP
00
00
00
00
00
70
50
5C
52
9C
00
00
ENDCHAR
STARTCHAR U+045a
ENCODING 1114
SWIDTH 583 0
DWIDTH 7 0
BBX 7 12 0 -2
BITMAP
00
00
00
00
00
A0
A0
F8
A4
B8
00
00
ENDCHAR
STARTCHAR U+2013
ENCODING 8211
SWIDTH 583 0
DWIDTH 7 0
BBX 7 12 0 -2
BITMAP
00
00
00
00
00
00
FC
00
00
00
00
00
ENDCHAR
STARTCHAR U+2014
ENCODING 8212
SWIDTH 750 0
DWIDTH 9 0
BBX 9 12 0 -2
BITMAP
0000
0000
0000
0000
0000
0000
7F80
0000
0000
0000
0000
0000
ENDCHAR
STARTCHAR U+2018
ENCODING 8216
SWIDTH 250 0
DWIDTH 3 0
BBX 3 12 0 -2
BITMAP
00
00
00
40
80
80
00
00
00
00
00
00
ENDCHAR
STARTCHAR U+2019
ENCODING 8217
SWIDTH 250 0
DWIDTH 3 0
BBX 3 12 0 -2
BITMAP
00
00
00
40
40
80
00
00
00
00
00
00
ENDCHAR
STARTCHAR U+201c
ENCODING 8220
SWIDTH 416 0
DWIDTH 5 0
BBX 5 12 0 -2
BITMAP
00
00
00
50
A0
A0
00
00
00
00
00
00
ENDCHAR
STARTCHAR U+201d
ENCODING 8221
SWIDTH 416 0
DWIDTH 5 0
BBX 5 12 0 -2
BITMAP
00
00
00
50
50
A0
00
00
00
00
00
00
ENDCHAR
STARTCHAR U+201e
ENCODING 8222
SWIDTH 416 0
DWIDTH 5 0
BBX 5 12 0 -2
BITMAP
00
00
00
00
00
00
00
00
50
50
A0
00
ENDCHAR
STARTCHAR U+2026
ENCODING 8230
SWIDTH 666 0
DWIDTH 8 0
BBX 8 12 0 -2
BITMAP
00
00
00
00
00
00
00
00
00
92
00
00
ENDCHAR
STARTCHAR U+204a
ENCODING 8266
SWIDTH 416 0
DWIDTH 5 0
BBX 5 12 0 -2
BITMAP
00
00
00
00
00
F0
10
20
20
40
00
00
ENDCHAR
STARTCHAR U+2190
ENCODING 8592
SWIDTH 666 0
DWIDTH 8 0
BBX 8 12 0 -2
BITMAP
00
00
00
00
20
60
FE
60
20
00
00
00
ENDCHAR
STARTCHAR U+2191
ENCODING 8593
SWIDTH 500 0
DWIDTH 6 0
BBX 6 12 0 -2
BITMAP
00
00
00
20
70
F8
20
20
20
20
00
00
ENDCHAR
STARTCHAR U+2192
ENCODING 8594
SWIDTH 666 0
DWIDTH 8 0
BBX 8 12 0 -2
BITMAP
00
00
00
00
08
0C
FE
0C
08
00
00
00
ENDCHAR
STARTCHAR U+2193
ENCODING 8595
SWIDTH 500 0
DWIDTH 6 0
BBX 6 12 0 -2
BITMAP
00
00
00
20
20
20
20
F8
70
20
00
00
ENDCHAR
STARTCHAR U+21c4
ENCODING 8644
SWIDTH 666 0
DWIDTH 8 0
BBX 8 12 0 -2
BITMAP
00
00
00
04
FE
04
40
FE
40
00
00
00
ENDCHAR
STARTCHAR U+ff0b
ENCODING 65291
SWIDTH 500 0
DWIDTH 6 0
BBX 6 12 0 -2
BITMAP
00
00
00
00
00
20
20
F8
20
20
00
00
ENDCHAR
STARTCHAR U+018f
ENCODING 399
SWIDTH 500 0
DWIDTH 6 0
BBX 6 12 0 -2
BITMAP
00
00
00
70
88
08
F8
88
88
70
00
00
ENDCHAR
STARTCHAR U+0259
ENCODING 601
SWIDTH 500 0
DWIDTH 6 0
BBX 6 12 0 -2
BITMAP
00
00
00
00
00
F0
08
F8
88
70
00
00
ENDCHAR
STARTCHAR U+025b
ENCODING 603
SWIDTH 500 0
DWIDTH 6 0
BBX 6 12 0 -2
BITMAP
00
00
00
00
00
78
80
60
80
78
00
00
ENDCHAR
STARTCHAR U+026a
ENCODING 618
SWIDTH 333 0
DWIDTH 4 0
BBX 4 12 0 -2
BITMAP
00
00
00
00
00
E0
40
40
40
E0
00
00
ENDCHAR
STARTCHAR U+04ae
ENCODING 1198
SWIDTH 500 0
DWIDTH 6 0
BBX 6 12 0 -2
BITMAP
00
00
00
88
50
20
20
20
20
20
00
00
ENDCHAR
STARTCHAR U+04af
ENCODING 1199
SWIDTH 500 0
DWIDTH 6 0
BBX 6 12 0 -2
BITMAP
00
00
00
00
00
88
88
50
20
20
20
00
ENDCHAR
STARTCHAR U+04e8
ENCODING 1256
SWIDTH 500 0
DWIDTH 6 0
BBX 6 12 0 -2
BITMAP
00
00
00
70
88
88
F8
88
88
70
00
00
ENDCHAR
STARTCHAR U+04e9
ENCODING 1257
SWIDTH 500 0
DWIDTH 6 0
BBX 6 12 0 -2
BITMAP
00
00
00
00
00
70
88
F8
88
70
00
00
ENDCHAR
STARTCHAR U+02bb
ENCODING 699
SWIDTH 166 0
DWIDTH 2 0
BBX 2 12 0 -2
BITMAP
00
00
00
80
80
00
00
00
00
00
00
00
ENDCHAR
STARTCHAR U+02cc
ENCODING 716
SWIDTH 166 0
DWIDTH 2 0
BBX 2 12 0 -2
BITMAP
00
00
00
00
00
00
00
00
00
80
80
00
ENDCHAR
STARTCHAR U+037e
ENCODING 894
SWIDTH 166 0
DWIDTH 2 0
BBX 2 12 0 -2
BITMAP
00
00
00
00
00
00
80
00
00
80
80
00
ENDCHAR
STARTCHAR U+0138
ENCODING 312
SWIDTH 416 0
DWIDTH 5 0
BBX 5 12 0 -2
BITMAP
00
00
00
00
00
90
A0
C0
A0
90
00
00
ENDCHAR
STARTCHAR U+1e9e
ENCODING 7838
SWIDTH 500 0
DWIDTH 6 0
BBX 6 12 0 -2
BITMAP
00
00
00
78
88
B0
88
88
88
B0
00
00
ENDCHAR
STARTCHAR U+00df
ENCODING 223
SWIDTH 500 0
DWIDTH 6 0
BBX 6 12 0 -2
BITMAP
00
00
00
70
88
B0
88
88
88
B0
80
00
ENDCHAR
STARTCHAR U+20bd
ENCODING 8381
SWIDTH 583 0
DWIDTH 7 0
BBX 7 12 0 -2
BITMAP
00
00
00
78
44
78
40
F0
40
40
00
00
ENDCHAR
STARTCHAR U+20ac
ENCODING 8364
SWIDTH 583 0
DWIDTH 7 0
BBX 7 12 0 -2
BITMAP
00
00
00
38
44
F0
40
F0
44
38
00
00
ENDCHAR
STARTCHAR U+0462
ENCODING 1122
SWIDTH 583 0
DWIDTH 7 0
BBX 7 12 0 -2
BITMAP
00
00
00
40
E0
40
78
44
44
78
00
00
ENDCHAR
STARTCHAR U+0463
ENCODING 1123
SWIDTH 583 0
DWIDTH 7 0
BBX 7 12 0 -2
BITMAP
00
00
00
00
40
E0
40
78
44
78
00
00
ENDCHAR
STARTCHAR U+0474
ENCODING 1140
SWIDTH 583 0
DWIDTH 7 0
BBX 7 12 0 -2
BITMAP
00
00
00
84
88
88
88
50
50
20
00
00
ENDCHAR
STARTCHAR U+0475
ENCODING 1141
SWIDTH 583 0
DWIDTH 7 0
BBX 7 12 0 -2
BITMAP
00
00
00
00
00
84
88
88
50
20
00
00
ENDCHAR
STARTCHAR U+04c0
ENCODING 1216
SWIDTH 333 0
DWIDTH 4 0
BBX 4 12 0 -2
BITMAP
00
00
00
E0
40
40
40
40
40
E0
00
00
ENDCHAR
STARTCHAR U+0472
ENCODING 1138
SWIDTH 500 0
DWIDTH 6 0
BBX 6 12 0 -2
BITMAP
00
00
00
70
88
88
F8
88
88
70
00
00
ENDCHAR
STARTCHAR U+0473
ENCODING 1139
SWIDTH 500 0
DWIDTH 6 0
BBX 6 12 0 -2
BITMAP
00
00
00
00
00
70
88
F8
88
70
00
00
ENDCHAR
STARTCHAR U+2070
ENCODING 8304
SWIDTH 416 0
DWIDTH 5 0
BBX 5 12 0 -2
BITMAP
00
00
00
60
90
90
90
60
00
00
00
00
ENDCHAR
STARTCHAR U+00b9
ENCODING 185
SWIDTH 333 0
DWIDTH 4 0
BBX 4 12 0 -2
BITMAP
00
00
00
40
C0
40
40
E0
00
00
00
00
ENDCHAR
STARTCHAR U+00b3
ENCODING 179
SWIDTH 416 0
DWIDTH 5 0
BBX 5 12 0 -2
BITMAP
00
00
00
60
90
20
90
60
00
00
00
00
ENDCHAR
STARTCHAR U+2074
ENCODING 8308
SWIDTH 416 0
DWIDTH 5 0
BBX 5 12 0 -2
BITMAP
00
00
00
30
50
90
F0
10
00
00
00
00
ENDCHAR
STARTCHAR U+2075
ENCODING 8309
SWIDTH 416 0
DWIDTH 5 0
BBX 5 12 0 -2
BITMAP
00
00
00
F0
80
E0
10
E0
00
00
00
00
ENDCHAR
STARTCHAR U+2076
ENCODING 8310
SWIDTH 416 0
DWIDTH 5 0
BBX 5 12 0 -2
BITMAP
00
00
00
60
80
E0
90
60
00
00
00
00
ENDCHAR
STARTCHAR U+2077
ENCODING 8311
SWIDTH 416 0
DWIDTH 5 0
BBX 5 12 0 -2
BITMAP
00
00
00
F0
90
20
40
40
00
00
00
00
ENDCHAR
STARTCHAR U+2078
ENCODING 8312
SWIDTH 416 0
DWIDTH 5 0
BBX 5 12 0 -2
BITMAP
00
00
00
60
90
60
90
60
00
00
00
00
ENDCHAR
STARTCHAR U+2079
ENCODING 8313
SWIDTH 416 0
DWIDTH 5 0
BBX 5 12 0 -2
BITMAP
00
00
00
60
90
70
10
60
00
00
00
00
ENDCHAR
STARTCHAR U+207a
ENCODING 8314
SWIDTH 333 0
DWIDTH 4 0
BBX 4 12 0 -2
BITMAP
00
00
00
00
40
E0
40
00
00
00
00
00
ENDCHAR
STARTCHAR U+207b
ENCODING 8315
SWIDTH 333 0
DWIDTH 4 0
BBX 4 12 0 -2
BITMAP
00
00
00
00
00
E0
00
00
00
00
00
00
ENDCHAR
STARTCHAR U+207c
ENCODING 8316
SWIDTH 333 0
DWIDTH 4 0
BBX 4 12 0 -2
BITMAP
00
00
00
00
E0
00
E0
00
00
00
00
00
ENDCHAR
STARTCHAR U+207d
ENCODING 8317
SWIDTH 250 0
DWIDTH 3 0
BBX 3 12 0 -2
BITMAP
00
00
00
40
80
80
80
40
00
00
00
00
ENDCHAR
STARTCHAR U+207e
ENCODING 8318
SWIDTH 250 0
DWIDTH 3 0
BBX 3 12 0 -2
BITMAP
00
00
00
80
40
40
40
80
00
00
00
00
ENDCHAR
STARTCHAR U+2071
ENCODING 8305
SWIDTH 166 0
DWIDTH 2 0
BBX 2 12 0 -2
BITMAP
00
00
00
80
00
80
80
80
00
00
00
00
ENDCHAR
STARTCHAR U+2122
ENCODING 8482
SWIDTH 750 0
DWIDTH 9 0
BBX 9 12 0 -2
BITMAP
0000
0000
0000
7880
2D80
2A80
2880
0000
0000
0000
0000
0000
ENDCHAR
STARTCHAR U+0294
ENCODING 660
SWIDTH 500 0
DWIDTH 6 0
BBX 6 12 0 -2
BITMAP
00
00
00
70
88
08
08
30
20
20
00
00
ENDCHAR
STARTCHAR U+0295
ENCODING 661
SWIDTH 500 0
DWIDTH 6 0
BBX 6 12 0 -2
BITMAP
00
00
00
70
88
80
80
60
20
20
00
00
ENDCHAR
STARTCHAR U+29c8
ENCODING 10696
SWIDTH 666 0
DWIDTH 8 0
BBX 8 12 0 -2
BITMAP
00
00
00
FE
82
BA
AA
BA
82
FE
00
00
ENDCHAR
STARTCHAR U+2694
ENCODING 9876
SWIDTH 666 0
DWIDTH 8 0
BBX 8 12 0 -2
BITMAP
00
00
00
82
44
28
10
AA
44
AA
00
00
ENDCHAR
STARTCHAR U+2620
ENCODING 9760
SWIDTH 666 0
DWIDTH 8 0
BBX 8 12 0 -2
BITMAP
00
00
00
7C
FE
92
92
EE
6C
54
00
00
ENDCHAR
STARTCHAR U+049a
ENCODING 1178
SWIDTH 583 0
DWIDTH 7 0
BBX 7 12 0 -2
BITMAP
00
00
00
88
90
E0
90
88
88
8C
04
00
ENDCHAR
STARTCHAR U+049b
ENCODING 1179
SWIDTH 500 0
DWIDTH 6 0
BBX 6 12 0 -2
BITMAP
00
00
00
00
00
90
A0
C0
A0
98
08
00
ENDCHAR
STARTCHAR U+0492
ENCODING 1170
SWIDTH 583 0
DWIDTH 7 0
BBX 7 12 0 -2
BITMAP
00
00
00
7C
40
E0
40
40
40
40
00
00
ENDCHAR
STARTCHAR U+0493
ENCODING 1171
SWIDTH 500 0
DWIDTH 6 0
BBX 6 12 0 -2
BITMAP
00
00
00
00
00
78
40
E0
40
40
00
00
ENDCHAR
STARTCHAR U+04b0
ENCODING 1200
SWIDTH 500 0
DWIDTH 6 0
BBX 6 12 0 -2
BITMAP
00
00
00
88
50
20
70
20
20
20
00
00
ENDCHAR
STARTCHAR U+04b1
ENCODING 1201
SWIDTH 500 0
DWIDTH 6 0
BBX 6 12 0 -2
BITMAP
00
00
00
00
00
88
88
50
20
70
20
00
ENDCHAR
STARTCHAR U+04d8
ENCODING 1240
SWIDTH 500 0
DWIDTH 6 0
BBX 6 12 0 -2
BITMAP
00
00
00
70
88
08
F8
88
88
70
00
00
ENDCHAR
STARTCHAR U+04d9
ENCODING 1241
SWIDTH 500 0
DWIDTH 6 0
BBX 6 12 0 -2
BITMAP
00
00
00
00
00
F0
08
F8
88
70
00
00
ENDCHAR
STARTCHAR U+0496
ENCODING 1174
SWIDTH 750 0
DWIDTH 9 0
BBX 9 12 0 -2
BITMAP
0000
0000
0000
4900
2A00
1C00
2A00
4900
4900
4980
0080
0000
ENDCHAR
STARTCHAR U+0497
ENCODING 1175
SWIDTH 583 0
DWIDTH 7 0
BBX 7 12 0 -2
BITMAP
00
00
00
00
00
A8
A8
70
A8
AC
04
00
ENDCHAR
STARTCHAR U+04a2
ENCODING 1186
SWIDTH 583 0
DWIDTH 7 0
BBX 7 12 0 -2
BITMAP
00
00
00
88
88
F8
88
88
88
8C
04
00
ENDCHAR
STARTCHAR U+04a3
ENCODING 1187
SWIDTH 583 0
DWIDTH 7 0
BBX 7 12 0 -2
BITMAP
00
00
00
00
00
88
88
F8
88
8C
04
00
ENDCHAR
STARTCHAR U+04ba
ENCODING 1210
SWIDTH 500 0
DWIDTH 6 0
BBX 6 12 0 -2
BITMAP
00
00
00
80
80
F0
88
88
88
88
00
00
ENDCHAR
STARTCHAR U+05d0
ENCODING 1488
SWIDTH 500 0
DWIDTH 6 0
BBX 6 12 0 -2
BITMAP
00
00
00
00
00
88
48
70
90
88
00
00
ENDCHAR
STARTCHAR U+05d1
ENCODING 1489
SWIDTH 500 0
DWIDTH 6 0
BBX 6 12 0 -2
BITMAP
00
00
00
00
00
E0
10
10
10
F8
00
00
ENDCHAR
STARTCHAR U+05d2
ENCODING 1490
SWIDTH 416 0
DWIDTH 5 0
BBX 5 12 0 -2
BITMAP
00
00
00
00
00
C0
20
20
50
90
00
00
ENDCHAR
STARTCHAR U+05d3
ENCODING 1491
SWIDTH 500 0
DWIDTH 6 0
BBX 6 12 0 -2
BITMAP
00
00
00
00
00
F8
10
10
10
10
00
00
ENDCHAR
STARTCHAR U+05d4
ENCODING 1492
SWIDTH 500 0
DWIDTH 6 0
BBX 6 12 0 -2
BITMAP
00
00
00
00
00
F8
08
88
88
88
00
00
ENDCHAR
STARTCHAR U+05d5
ENCODING 1493
SWIDTH 166 0
DWIDTH 2 0
BBX 2 12 0 -2
BITMAP
00
00
00
00
00
80
80
80
80
80
00
00
ENDCHAR
STARTCHAR U+05d6
ENCODING 1494
SWIDTH 333 0
DWIDTH 4 0
BBX 4 12 0 -2
BITMAP
00
00
00
00
00
E0
40
40
40
40
00
00
ENDCHAR
STARTCHAR U+05d7
ENCODING 1495
SWIDTH 500 0
DWIDTH 6 0
BBX 6 12 0 -2
BITMAP
00
00
00
00
00
F0
88
88
88
88
00
00
ENDCHAR
STARTCHAR U+05d8
ENCODING 1496
SWIDTH 500 0
DWIDTH 6 0
BBX 6 12 0 -2
BITMAP
00
00
00
00
00
B0
88
88
88
70
00
00
ENDCHAR
STARTCHAR U+05d9
ENCODING 1497
SWIDTH 166 0
DWIDTH 2 0
BBX 2 12 0 -2
BITMAP
00
00
00
00
00
80
80
00
00
00
00
00
ENDCHAR
STARTCHAR U+05db
ENCODING 1499
SWIDTH 500 0
DWIDTH 6 0
BBX 6 12 0 -2
BITMAP
00
00
00
00
00
F0
08
08
08
F0
00
00
ENDCHAR
STARTCHAR U+05dc
ENCODING 1500
SWIDTH 500 0
DWIDTH 6 0
BBX 6 12 0 -2
BITMAP
00
00
00
00
80
F8
08
08
10
20
00
00
ENDCHAR
STARTCHAR U+05de
ENCODING 1502
SWIDTH 500 0
DWIDTH 6 0
BBX 6 12 0 -2
BITMAP
00
00
00
00
00
B0
48
88
88
98
00
00
ENDCHAR
STARTCHAR U+05dd
ENCODING 1501
SWIDTH 500 0
DWIDTH 6 0
BBX 6 12 0 -2
BITMAP
00
00
00
00
00
F0
88
88
88
F8
00
00
ENDCHAR
STARTCHAR U+05e0
ENCODING 1504
SWIDTH 333 0
DWIDTH 4 0
BBX 4 12 0 -2
BITMAP
00
00
00
00
00
C0
20
20
20
E0
00
00
ENDCHAR
STARTCHAR U+05df
ENCODING 1503
SWIDTH 166 0
DWIDTH 2 0
BBX 2 12 0 -2
BITMAP
00
00
00
00
00
80
80
80
80
80
80
00
ENDCHAR
STARTCHAR U+05e1
ENCODING 1505
SWIDTH 500 0
DWIDTH 6 0
BBX 6 12 0 -2
BITMAP
00
00
00
00
00
70
88
88
88
70
00
00
ENDCHAR
STARTCHAR U+05e2
ENCODING 1506
SWIDTH 500 0
DWIDTH 6 0
BBX 6 12 0 -2
BITMAP
00
00
00
00
00
48
48
48
28
10
E0
00
ENDCHAR
STARTCHAR U+05e4
ENCODING 1508
SWIDTH 500 0
DWIDTH 6 0
BBX 6 12 0 -2
BITMAP
00
00
00
00
00
F0
88
E8
08
F0
00
00
ENDCHAR
STARTCHAR U+05e3
ENCODING 1507
SWIDTH 500 0
DWIDTH 6 0
BBX 6 12 0 -2
BITMAP
00
00
00
00
00
F0
88
C8
08
08
08
00
ENDCHAR
STARTCHAR U+05e6
ENCODING 1510
SWIDTH 500 0
DWIDTH 6 0
BBX 6 12 0 -2
BITMAP
00
00
00
00
00
88
48
30
08
F8
00
00
ENDCHAR
STARTCHAR U+05e5
ENCODING 1509
SWIDTH 500 0
DWIDTH 6 0
BBX 6 12 0 -2
BITMAP
00
00
00
00
00
88
48
50
20
20
20
00
ENDCHAR
STARTCHAR U+05e7
ENCODING 1511
SWIDTH 500 0
DWIDTH 6 0
BBX 6 12 0 -2
BITMAP
00
00
00
00
00
F8
08
90
A0
A0
80
00
ENDCHAR
STARTCHAR U+05e8
ENCODING 1512
SWIDTH 500 0
DWIDTH 6 0
BBX 6 12 0 -2
BITMAP
00
00
00
00
00
F0
08
08
08
08
00
00
ENDCHAR
STARTCHAR U+00a2
ENCODING 162
SWIDTH 500 0
DWIDTH 6 0
BBX 6 12 0 -2
BITMAP
00
00
00
00
20
70
88
80
88
70
20
00
ENDCHAR
STARTCHAR U+00a4
ENCODING 164
SWIDTH 666 0
DWIDTH 8 0
BBX 8 12 0 -2
BITMAP
00
00
00
00
00
BA
44
44
44
BA
00
00
ENDCHAR
STARTCHAR U+00a5
ENCODING 165
SWIDTH 500 0
DWIDTH 6 0
BBX 6 12 0 -2
BITMAP
00
00
00
88
50
20
F8
20
F8
20
00
00
ENDCHAR
STARTCHAR U+00a9
ENCODING 169
SWIDTH 666 0
DWIDTH 8 0
BBX 8 12 0 -2
BITMAP
00
00
00
38
44
BA
A2
BA
44
38
00
00
ENDCHAR
STARTCHAR U+00ae
ENCODING 174
SWIDTH 666 0
DWIDTH 8 0
BBX 8 12 0 -2
BITMAP
00
00
00
38
54
AA
B2
AA
44
38
00
00
ENDCHAR
STARTCHAR U+00b5
ENCODING 181
SWIDTH 500 0
DWIDTH 6 0
BBX 6 12 0 -2
BITMAP
00
00
00
00
00
88
88
88
88
F0
80
00
ENDCHAR
STARTCHAR U+00b6
ENCODING 182
SWIDTH 583 0
DWIDTH 7 0
BBX 7 12 0 -2
BITMAP
00
00
00
7C
E8
68
28
28
28
28
00
00
ENDCHAR
STARTCHAR U+00bc
ENCODING 188
SWIDTH 666 0
DWIDTH 8 0
BBX 8 12 0 -2
BITMAP
00
00
00
44
C8
48
56
2A
2E
42
00
00
ENDCHAR
STARTCHAR U+00bd
ENCODING 189
SWIDTH 666 0
DWIDTH 8 0
BBX 8 12 0 -2
BITMAP
00
00
00
44
C8
48
56
22
24
46
00
00
ENDCHAR
STARTCHAR U+00be
ENCODING 190
SWIDTH 666 0
DWIDTH 8 0
BBX 8 12 0 -2
BITMAP
00
00
00
E4
48
28
D6
2A
2E
42
00
00
ENDCHAR
STARTCHAR U+0387
ENCODING 903
SWIDTH 166 0
DWIDTH 2 0
BBX 2 12 0 -2
BITMAP
00
00
00
00
00
80
00
00
00
00
00
00
ENDCHAR
STARTCHAR U+2010
ENCODING 8208
SWIDTH 333 0
DWIDTH 4 0
BBX 4 12 0 -2
BITMAP
00
00
00
00
00
00
E0
00
00
00
00
00
ENDCHAR
STARTCHAR U+201a
ENCODING 8218
SWIDTH 250 0
DWIDTH 3 0
BBX 3 12 0 -2
BITMAP
00
00
00
00
00
00
00
00
40
40
80
00
ENDCHAR
STARTCHAR U+2020
ENCODING 8224
SWIDTH 500 0
DWIDTH 6 0
BBX 6 12 0 -2
BITMAP
00
00
00
20
20
F8
20
20
20
20
00
00
ENDCHAR
STARTCHAR U+2021
ENCODING 8225
SWIDTH 500 0
DWIDTH 6 0
BBX 6 12 0 -2
BITMAP
00
00
00
20
20
F8
20
F8
20
20
00
00
ENDCHAR
STARTCHAR U+2022
ENCODING 8226
SWIDTH 250 0
DWIDTH 3 0
BBX 3 12 0 -2
BITMAP
00
00
00
00
00
00
C0
C0
00
00
00
00
ENDCHAR
STARTCHAR U+2031
ENCODING 8241
SWIDTH 750 0
DWIDTH 9 0
BBX 9 12 0 -2
BITMAP
0000
0000
0000
4400
4800
0800
1000
2000
2A80
4A80
0000
0000
ENDCHAR
STARTCHAR U+2032
ENCODING 8242
SWIDTH 250 0
DWIDTH 3 0
BBX 3 12 0 -2
BITMAP
00
00
00
40
80
00
00
00
00
00
00
00
ENDCHAR
STARTCHAR U+2033
ENCODING 8243
SWIDTH 416 0
DWIDTH 5 0
BBX 5 12 0 -2
BITMAP
00
00
00
50
A0
00
00
00
00
00
00
00
ENDCHAR
STARTCHAR U+2034
ENCODING 8244
SWIDTH 583 0
DWIDTH 7 0
BBX 7 12 0 -2
BITMAP
00
00
00
54
A8
00
00
00
00
00
00
00
ENDCHAR
STARTCHAR U+2035
ENCODING 8245
SWIDTH 250 0
DWIDTH 3 0
BBX 3 12 0 -2
BITMAP
00
00
00
80
40
00
00
00
00
00
00
00
ENDCHAR
STARTCHAR U+2036
ENCODING 8246
SWIDTH 416 0
DWIDTH 5 0
BBX 5 12 0 -2
BITMAP
00
00
00
A0
50
00
00
00
00
00
00
00
ENDCHAR
STARTCHAR U+2037
ENCODING 8247
SWIDTH 583 0
DWIDTH 7 0
BBX 7 12 0 -2
BITMAP
00
00
00
A8
54
00
00
00
00
00
00
00
ENDCHAR
STARTCHAR U+2039
ENCODING 8249
SWIDTH 333 0
DWIDTH 4 0
BBX 4 12 0 -2
BITMAP
00
00
00
00
20
40
80
40
20
00
00
00
ENDCHAR
STARTCHAR U+203a
ENCODING 8250
SWIDTH 333 0
DWIDTH 4 0
BBX 4 12 0 -2
BITMAP
00
00
00
00
80
40
20
40
80
00
00
00
ENDCHAR
STARTCHAR U+203b
ENCODING 8251
SWIDTH 666 0
DWIDTH 8 0
BBX 8 12 0 -2
BITMAP
00
00
00
92
44
28
92
28
44
92
00
00
ENDCHAR
STARTCHAR U+203c
ENCODING 8252
SWIDTH 333 0
DWIDTH 4 0
BBX 4 12 0 -2
BITMAP
00
00
00
A0
A0
A0
A0
A0
00
A0
00
00
ENDCHAR
STARTCHAR U+203d
ENCODING 8253
SWIDTH 500 0
DWIDTH 6 0
BBX 6 12 0 -2
BITMAP
00
00
00
70
A8
28
30
20
00
20
00
00
ENDCHAR
STARTCHAR U+2042
ENCODING 8258
SWIDTH 666 0
DWIDTH 8 0
BBX 8 12 0 -2
BITMAP
00
00
00
28
10
28
00
AA
44
AA
00
00
ENDCHAR
STARTCHAR U+2048
ENCODING 8264
SWIDTH 666 0
DWIDTH 8 0
BBX 8 12 0 -2
BITMAP
00
00
00
72
8A
0A
12
22
00
22
00
00
ENDCHAR
STARTCHAR U+2049
ENCODING 8265
SWIDTH 666 0
DWIDTH 8 0
BBX 8 12 0 -2
BITMAP
00
00
00
9C
A2
82
84
88
00
88
00
00
ENDCHAR
STARTCHAR U+204b
ENCODING 8267
SWIDTH 583 0
DWIDTH 7 0
BBX 7 12 0 -2
BITMAP
00
00
00
F8
5C
58
50
50
50
50
00
00
ENDCHAR
STARTCHAR U+204e
ENCODING 8270
SWIDTH 333 0
DWIDTH 4 0
BBX 4 12 0 -2
BITMAP
00
00
00
00
00
A0
40
A0
00
00
00
00
ENDCHAR
STARTCHAR U+204f
ENCODING 8271
SWIDTH 166 0
DWIDTH 2 0
BBX 2 12 0 -2
BITMAP
00
00
00
00
00
80
00
00
00
80
80
00
ENDCHAR
STARTCHAR U+2051
ENCODING 8273
SWIDTH 333 0
DWIDTH 4 0
BBX 4 12 0 -2
BITMAP
00
00
00
A0
40
A0
00
A0
40
A0
00
00
ENDCHAR
STARTCHAR U+2052
ENCODING 8274
SWIDTH 333 0
DWIDTH 4 0
BBX 4 12 0 -2
BITMAP
00
00
00
A0
20
40
40
40
80
A0
00
00
ENDCHAR
STARTCHAR U+2057
ENCODING 8279
SWIDTH 750 0
DWIDTH 9 0
BBX 9 12 0 -2
BITMAP
0000
0000
0000
2A80
5500
0000
0000
0000
0000
0000
0000
0000
ENDCHAR
STARTCHAR U+2117
ENCODING 8471
SWIDTH 666 0
DWIDTH 8 0
BBX 8 12 0 -2
BITMAP
00
00
00
38
54
AA
BA
A2
44
38
00
00
ENDCHAR
STARTCHAR U+2212
ENCODING 8722
SWIDTH 500 0
DWIDTH 6 0
BBX 6 12 0 -2
BITMAP
00
00
00
00
00
00
F8
00
00
00
00
00
ENDCHAR
STARTCHAR U+2213
ENCODING 8723
SWIDTH 500 0
DWIDTH 6 0
BBX 6 12 0 -2
BITMAP
00
00
00
F8
00
20
20
F8
20
20
00
00
ENDCHAR
STARTCHAR U+221e
ENCODING 8734
SWIDTH 666 0
DWIDTH 8 0
BBX 8 12 0 -2
BITMAP
00
00
00
00
00
6C
92
92
6C
00
00
00
ENDCHAR
STARTCHAR U+2600
ENCODING 9728
SWIDTH 750 0
DWIDTH 9 0
BBX 9 12 0 -2
BITMAP
0000
0000
0000
4880
2100
0C00
1E80
5E00
0C00
2100
4480
0000
ENDCHAR
STARTCHAR U+2601
ENCODING 9729
SWIDTH 750 0
DWIDTH 9 0
BBX 9 12 0 -2
BITMAP
0000
0000
0000
0600
0900
3100
4080
4080
3F00
0000
0000
0000
ENDCHAR
STARTCHAR U+2608
ENCODING 9736
SWIDTH 666 0
DWIDTH 8 0
BBX 8 12 0 -2
BITMAP
00
00
00
FE
84
88
90
8A
86
8E
00
00
ENDCHAR
STARTCHAR U+0404
ENCODING 1028
SWIDTH 500 0
DWIDTH 6 0
BBX 6 12 0 -2
BITMAP
00
00
00
70
88
80
E0
80
88
70
00
00
ENDCHAR
STARTCHAR U+2632
ENCODING 9778
SWIDTH 500 0
DWIDTH 6 0
BBX 6 12 0 -2
BITMAP
00
00
00
00
F8
00
D8
00
F8
00
00
00
ENDCHAR
STARTCHAR U+2635
ENCODING 9781
SWIDTH 500 0
DWIDTH 6 0
BBX 6 12 0 -2
BITMAP
00
00
00
00
D8
00
F8
00
D8
00
00
00
ENDCHAR
STARTCHAR U+263d
ENCODING 9789
SWIDTH 750 0
DWIDTH 9 0
BBX 9 12 0 -2
BITMAP
0000
0000
0000
0600
0300
0180
0180
4180
6380
3F00
1E00
0000
ENDCHAR
STARTCHAR U+2640
ENCODING 9792
SWIDTH 333 0
DWIDTH 4 0
BBX 4 12 0 -2
BITMAP
00
00
00
00
E0
A0
E0
40
E0
40
00
00
ENDCHAR
STARTCHAR U+2642
ENCODING 9794
SWIDTH 500 0
DWIDTH 6 0
BBX 6 12 0 -2
BITMAP
00
00
00
00
38
18
E8
A0
E0
00
00
00
ENDCHAR
STARTCHAR U+26a5
ENCODING 9893
SWIDTH 500 0
DWIDTH 6 0
BBX 6 12 0 -2
BITMAP
00
00
00
38
18
E8
A0
E0
40
E0
40
00
ENDCHAR
STARTCHAR U+2660
ENCODING 9824
SWIDTH 500 0
DWIDTH 6 0
BBX 6 12 0 -2
BITMAP
00
00
00
00
20
70
F8
F8
20
70
00
00
ENDCHAR
STARTCHAR U+2663
ENCODING 9827
SWIDTH 500 0
DWIDTH 6 0
BBX 6 12 0 -2
BITMAP
00
00
00
00
70
70
F8
F8
20
70
00
00
ENDCHAR
STARTCHAR U+2665
ENCODING 9829
SWIDTH 500 0
DWIDTH 6 0
BBX 6 12 0 -2
BITMAP
00
00
00
00
50
F8
F8
F8
70
20
00
00
ENDCHAR
STARTCHAR U+2666
ENCODING 9830
SWIDTH 500 0
DWIDTH 6 0
BBX 6 12 0 -2
BITMAP
00
00
00
00
20
70
F8
F8
70
20
00
00
ENDCHAR
STARTCHAR U+2669
ENCODING 9833
SWIDTH 333 0
DWIDTH 4 0
BBX 4 12 0 -2
BITMAP
00
00
00
20
20
20
20
20
E0
E0
00
00
ENDCHAR
STARTCHAR U+266a
ENCODING 9834
SWIDTH 500 0
DWIDTH 6 0
BBX 6 12 0 -2
BITMAP
00
00
00
30
38
28
20
20
E0
E0
00
00
ENDCHAR
STARTCHAR U+266b
ENCODING 9835
SWIDTH 666 0
DWIDTH 8 0
BBX 8 12 0 -2
BITMAP
00
00
00
0E
32
22
22
2E
EE
E0
00
00
ENDCHAR
STARTCHAR U+266c
ENCODING 9836
SWIDTH 666 0
DWIDTH 8 0
BBX 8 12 0 -2
BITMAP
00
00
00
3E
22
3E
22
22
EE
EE
00
00
ENDCHAR
STARTCHAR U+266d
ENCODING 9837
SWIDTH 333 0
DWIDTH 4 0
BBX 4 12 0 -2
BITMAP
00
00
00
80
80
80
E0
A0
A0
C0
00
00
ENDCHAR
STARTCHAR U+266e
ENCODING 9838
SWIDTH 333 0
DWIDTH 4 0
BBX 4 12 0 -2
BITMAP
00
00
00
80
A0
E0
A0
E0
A0
20
00
00
ENDCHAR
STARTCHAR U+266f
ENCODING 9839
SWIDTH 500 0
DWIDTH 6 0
BBX 6 12 0 -2
BITMAP
00
00
00
10
58
70
D8
70
D0
40
00
00
ENDCHAR
STARTCHAR U+2680
ENCODING 9856
SWIDTH 666 0
DWIDTH 8 0
BBX 8 12 0 -2
BITMAP
00
00
00
FE
FE
FE
EE
FE
FE
FE
00
00
ENDCHAR
STARTCHAR U+2681
ENCODING 9857
SWIDTH 666 0
DWIDTH 8 0
BBX 8 12 0 -2
BITMAP
00
00
00
FE
BE
FE
FE
FE
FA
FE
00
00
ENDCHAR
STARTCHAR U+2682
ENCODING 9858
SWIDTH 666 0
DWIDTH 8 0
BBX 8 12 0 -2
BITMAP
00
00
00
FE
BE
FE
EE
FE
FA
FE
00
00
ENDCHAR
STARTCHAR U+2683
ENCODING 9859
SWIDTH 666 0
DWIDTH 8 0
BBX 8 12 0 -2
BITMAP
00
00
00
FE
BA
FE
FE
FE
BA
FE
00
00
ENDCHAR
STARTCHAR U+2684
ENCODING 9860
SWIDTH 666 0
DWIDTH 8 0
BBX 8 12 0 -2
BITMAP
00
00
00
FE
BA
FE
EE
FE
BA
FE
00
00
ENDCHAR
STARTCHAR U+2685
ENCODING 9861
SWIDTH 666 0
DWIDTH 8 0
BBX 8 12 0 -2
BITMAP
00
00
00
FE
BA
FE
BA
FE
BA
FE
00
00
ENDCHAR
STARTCHAR U+02ac
ENCODING 684
SWIDTH 500 0
DWIDTH 6 0
BBX 6 12 0 -2
BITMAP
00
00
00
88
A8
F0
00
88
A8
F0
00
00
ENDCHAR
STARTCHAR U+26a1
ENCODING 9889
SWIDTH 500 0
DWIDTH 6 0
BBX 6 12 0 -2
BITMAP
00
00
00
10
20
40
F8
10
20
40
00
00
ENDCHAR
STARTCHAR U+26cf
ENCODING 9935
SWIDTH 750 0
DWIDTH 9 0
BBX 9 12 0 -2
BITMAP
0000
0000
0000
1E00
0300
0380
0480
0880
1080
2000
4000
0000
ENDCHAR
STARTCHAR U+2714
ENCODING 10004
SWIDTH 583 0
DWIDTH 7 0
BBX 7 12 0 -2
BITMAP
00
00
00
04
0C
08
98
D0
70
20
00
00
ENDCHAR
STARTCHAR U+2744
ENCODING 10052
SWIDTH 666 0
DWIDTH 8 0
BBX 8 12 0 -2
BITMAP
00
00
00
28
92
54
28
54
92
28
00
00
ENDCHAR
STARTCHAR U+274c
ENCODING 10060
SWIDTH 583 0
DWIDTH 7 0
BBX 7 12 0 -2
BITMAP
00
00
00
84
CC
78
30
78
CC
84
00
00
ENDCHAR
STARTCHAR U+2764
ENCODING 10084
SWIDTH 666 0
DWIDTH 8 0
BBX 8 12 0 -2
BITMAP
00
00
00
6C
FE
FE
FE
7C
38
10
00
00
ENDCHAR
STARTCHAR U+2b50
ENCODING 11088
SWIDTH 666 0
DWIDTH 8 0
BBX 8 12 0 -2
BITMAP
00
00
00
10
10
FE
7C
38
6C
44
00
00
ENDCHAR
STARTCHAR U+2e18
ENCODING 11800
SWIDTH 500 0
DWIDTH 6 0
BBX 6 12 0 -2
BITMAP
00
00
00
00
20
00
20
60
A0
A8
70
00
ENDCHAR
STARTCHAR U+2e2e
ENCODING 11822
SWIDTH 500 0
DWIDTH 6 0
BBX 6 12 0 -2
BITMAP
00
00
00
70
88
80
40
20
00
20
00
00
ENDCHAR
STARTCHAR U+2e35
ENCODING 11829
SWIDTH 166 0
DWIDTH 2 0
BBX 2 12 0 -2
BITMAP
00
00
00
80
80
00
00
00
80
00
00
00
ENDCHAR
STARTCHAR U+2e38
ENCODING 11832
SWIDTH 500 0
DWIDTH 6 0
BBX 6 12 0 -2
BITMAP
00
00
00
20
20
20
20
F8
20
20
00
00
ENDCHAR
STARTCHAR U+2e41
ENCODING 11841
SWIDTH 166 0
DWIDTH 2 0
BBX 2 12 0 -2
BITMAP
00
00
00
00
00
00
00
00
00
80
80
00
ENDCHAR
STARTCHAR U+2e4b
ENCODING 11851
SWIDTH 500 0
DWIDTH 6 0
BBX 6 12 0 -2
BITMAP
00
00
00
20
F8
20
F8
20
F8
20
00
00
ENDCHAR
STARTCHAR U+295d
ENCODING 10589
SWIDTH 500 0
DWIDTH 6 0
BBX 6 12 0 -2
BITMAP
00
00
00
F8
20
20
20
20
30
20
00
00
ENDCHAR
STARTCHAR U+1614
ENCODING 5652
SWIDTH 500 0
DWIDTH 6 0
BBX 6 12 0 -2
BITMAP
00
00
00
F8
88
10
60
80
88
70
00
00
ENDCHAR
STARTCHAR U+0190
ENCODING 400
SWIDTH 500 0
DWIDTH 6 0
BBX 6 12 0 -2
BITMAP
00
00
00
70
88
80
60
80
88
70
00
00
ENDCHAR
STARTCHAR U+07c8
ENCODING 1992
SWIDTH 500 0
DWIDTH 6 0
BBX 6 12 0 -2
BITMAP
00
00
00
80
80
F8
88
90
A0
C0
00
00
ENDCHAR
STARTCHAR U+03db
ENCODING 987
SWIDTH 500 0
DWIDTH 6 0
BBX 6 12 0 -2
BITMAP
00
00
00
70
88
80
80
78
08
F8
00
00
ENDCHAR
STARTCHAR U+3125
ENCODING 12581
SWIDTH 500 0
DWIDTH 6 0
BBX 6 12 0 -2
BITMAP
00
00
00
20
20
20
40
80
88
F8
00
00
ENDCHAR
STARTCHAR U+2c6f
ENCODING 11375
SWIDTH 500 0
DWIDTH 6 0
BBX 6 12 0 -2
BITMAP
00
00
00
88
88
88
88
F8
88
70
00
00
ENDCHAR
STARTCHAR U+15fa
ENCODING 5626
SWIDTH 500 0
DWIDTH 6 0
BBX 6 12 0 -2
BITMAP
00
00
00
78
88
88
88
78
88
78
00
00
ENDCHAR
STARTCHAR U+0186
ENCODING 390
SWIDTH 500 0
DWIDTH 6 0
BBX 6 12 0 -2
BITMAP
00
00
00
70
88
08
08
08
88
70
00
00
ENDCHAR
STARTCHAR U+15e1
ENCODING 5601
SWIDTH 500 0
DWIDTH 6 0
BBX 6 12 0 -2
BITMAP
00
00
00
78
88
88
88
88
88
78
00
00
ENDCHAR
STARTCHAR U+018e
ENCODING 398
SWIDTH 500 0
DWIDTH 6 0
BBX 6 12 0 -2
BITMAP
00
00
00
F8
08
08
08
38
08
F8
00
00
ENDCHAR
STARTCHAR U+2132
ENCODING 8498
SWIDTH 500 0
DWIDTH 6 0
BBX 6 12 0 -2
BITMAP
00
00
00
08
08
08
08
38
08
F8
00
00
ENDCHAR
STARTCHAR U+2141
ENCODING 8513
SWIDTH 500 0
DWIDTH 6 0
BBX 6 12 0 -2
BITMAP
00
00
00
70
88
88
88
C8
08
F0
00
00
ENDCHAR
STARTCHAR U+a7b0
ENCODING 42928
SWIDTH 500 0
DWIDTH 6 0
BBX 6 12 0 -2
BITMAP
00
00
00
88
88
88
48
38
48
88
00
00
ENDCHAR
STARTCHAR U+a780
ENCODING 42880
SWIDTH 500 0
DWIDTH 6 0
BBX 6 12 0 -2
BITMAP
00
00
00
F8
08
08
08
08
08
08
00
00
ENDCHAR
STARTCHAR U+0500
ENCODING 1280
SWIDTH 500 0
DWIDTH 6 0
BBX 6 12 0 -2
BITMAP
00
00
00
08
08
08
08
78
88
78
00
00
ENDCHAR
STARTCHAR U+a779
ENCODING 42873
SWIDTH 500 0
DWIDTH 6 0
BBX 6 12 0 -2
BITMAP
00
00
00
B0
48
88
88
88
88
70
00
00
ENDCHAR
STARTCHAR U+1d1a
ENCODING 7450
SWIDTH 500 0
DWIDTH 6 0
BBX 6 12 0 -2
BITMAP
00
00
00
88
88
88
88
78
88
78
00
00
ENDCHAR
STARTCHAR U+27d8
ENCODING 10200
SWIDTH 500 0
DWIDTH 6 0
BBX 6 12 0 -2
BITMAP
00
00
00
20
20
20
20
20
20
F8
00
00
ENDCHAR
STARTCHAR U+2229
ENCODING 8745
SWIDTH 500 0
DWIDTH 6 0
BBX 6 12 0 -2
BITMAP
00
00
00
70
88
88
88
88
88
88
00
00
ENDCHAR
STARTCHAR U+0245
ENCODING 581
SWIDTH 500 0
DWIDTH 6 0
BBX 6 12 0 -2
BITMAP
00
00
00
20
50
50
88
88
88
88
00
00
ENDCHAR
STARTCHAR U+2144
ENCODING 8516
SWIDTH 500 0
DWIDTH 6 0
BBX 6 12 0 -2
BITMAP
00
00
00
20
20
20
20
20
50
88
00
00
ENDCHAR
STARTCHAR U+0250
ENCODING 592
SWIDTH 500 0
DWIDTH 6 0
BBX 6 12 0 -2
BITMAP
00
00
00
00
00
F0
88
F0
80
70
00
00
ENDCHAR
STARTCHAR U+0254
ENCODING 596
SWIDTH 500 0
DWIDTH 6 0
BBX 6 12 0 -2
BITMAP
00
00
00
00
00
70
88
08
88
70
00
00
ENDCHAR
STARTCHAR U+01dd
ENCODING 477
SWIDTH 500 0
DWIDTH 6 0
BBX 6 12 0 -2
BITMAP
00
00
00
00
00
F0
08
F8
88
70
00
00
ENDCHAR
STARTCHAR U+025f
ENCODING 607
SWIDTH 416 0
DWIDTH 5 0
BBX 5 12 0 -2
BITMAP
00
00
00
00
20
20
20
20
F0
20
C0
00
ENDCHAR
STARTCHAR U+1d77
ENCODING 7543
SWIDTH 500 0
DWIDTH 6 0
BBX 6 12 0 -2
BITMAP
00
00
00
00
78
80
F0
88
88
F0
00
00
ENDCHAR
STARTCHAR U+0265
ENCODING 613
SWIDTH 500 0
DWIDTH 6 0
BBX 6 12 0 -2
BITMAP
00
00
00
00
88
88
88
98
68
08
08
00
ENDCHAR
STARTCHAR U+1d09
ENCODING 7433
SWIDTH 166 0
DWIDTH 2 0
BBX 2 12 0 -2
BITMAP
00
00
00
00
80
80
80
80
80
00
80
00
ENDCHAR
STARTCHAR U+027e
ENCODING 638
SWIDTH 500 0
DWIDTH 6 0
BBX 6 12 0 -2
BITMAP
00
00
00
00
00
70
88
80
80
80
00
00
ENDCHAR
STARTCHAR U+029e
ENCODING 670
SWIDTH 416 0
DWIDTH 5 0
BBX 5 12 0 -2
BITMAP
00
00
00
00
90
50
30
50
90
10
10
00
ENDCHAR
STARTCHAR U+a781
ENCODING 42881
SWIDTH 250 0
DWIDTH 3 0
BBX 3 12 0 -2
BITMAP
00
00
00
00
80
40
40
40
40
40
40
00
ENDCHAR
STARTCHAR U+026f
ENCODING 623
SWIDTH 500 0
DWIDTH 6 0
BBX 6 12 0 -2
BITMAP
00
00
00
00
00
88
88
A8
A8
58
00
00
ENDCHAR
STARTCHAR U+0279
ENCODING 633
SWIDTH 500 0
DWIDTH 6 0
BBX 6 12 0 -2
BITMAP
00
00
00
00
00
08
08
08
98
68
00
00
ENDCHAR
STARTCHAR U+0287
ENCODING 647
SWIDTH 333 0
DWIDTH 4 0
BBX 4 12 0 -2
BITMAP
00
00
00
00
80
40
40
40
E0
40
40
00
ENDCHAR
STARTCHAR U+028c
ENCODING 652
SWIDTH 500 0
DWIDTH 6 0
BBX 6 12 0 -2
BITMAP
00
00
00
00
00
20
50
88
88
88
00
00
ENDCHAR
STARTCHAR U+028d
ENCODING 653
SWIDTH 500 0
DWIDTH 6 0
BBX 6 12 0 -2
BITMAP
00
00
00
00
00
F0
A8
A8
88
88
00
00
ENDCHAR
STARTCHAR U+028e
ENCODING 654
SWIDTH 500 0
DWIDTH 6 0
BBX 6 12 0 -2
BITMAP
00
00
00
00
78
80
F0
88
88
88
00
00
ENDCHAR
STARTCHAR U+0531
ENCODING 1329
SWIDTH 500 0
DWIDTH 6 0
BBX 6 12 0 -2
BITMAP
00
00
00
88
88
88
88
88
90
68
00
00
ENDCHAR
STARTCHAR U+0532
ENCODING 1330
SWIDTH 500 0
DWIDTH 6 0
BBX 6 12 0 -2
BITMAP
00
00
00
70
88
88
80
F8
80
80
00
00
ENDCHAR
STARTCHAR U+0533
ENCODING 1331
SWIDTH 583 0
DWIDTH 7 0
BBX 7 12 0 -2
BITMAP
00
00
00
70
88
88
88
7C
08
08
00
00
ENDCHAR
STARTCHAR U+0534
ENCODING 1332
SWIDTH 583 0
DWIDTH 7 0
BBX 7 12 0 -2
BITMAP
00
00
00
70
88
88
88
0C
08
08
00
00
ENDCHAR
STARTCHAR U+0536
ENCODING 1334
SWIDTH 500 0
DWIDTH 6 0
BBX 6 12 0 -2
BITMAP
00
00
00
70
88
08
08
08
90
F8
00
00
ENDCHAR
STARTCHAR U+0537
ENCODING 1335
SWIDTH 500 0
DWIDTH 6 0
BBX 6 12 0 -2
BITMAP
00
00
00
80
80
F8
80
80
80
F8
00
00
ENDCHAR
STARTCHAR U+0539
ENCODING 1337
SWIDTH 583 0
DWIDTH 7 0
BBX 7 12 0 -2
BITMAP
00
00
00
78
84
84
9C
A4
A4
98
00
00
ENDCHAR
STARTCHAR U+053a
ENCODING 1338
SWIDTH 583 0
DWIDTH 7 0
BBX 7 12 0 -2
BITMAP
00
00
00
08
08
7C
88
88
88
70
00
00
ENDCHAR
STARTCHAR U+053b
ENCODING 1339
SWIDTH 500 0
DWIDTH 6 0
BBX 6 12 0 -2
BITMAP
00
00
00
80
80
F0
88
88
88
80
00
00
ENDCHAR
STARTCHAR U+053c
ENCODING 1340
SWIDTH 416 0
DWIDTH 5 0
BBX 5 12 0 -2
BITMAP
00
00
00
80
80
80
80
80
80
F0
00
00
ENDCHAR
STARTCHAR U+053d
ENCODING 1341
SWIDTH 583 0
DWIDTH 7 0
BBX 7 12 0 -2
BITMAP
00
00
00
80
80
E4
A4
A4
A4
98
00
00
ENDCHAR
STARTCHAR U+053e
ENCODING 1342
SWIDTH 500 0
DWIDTH 6 0
BBX 6 12 0 -2
BITMAP
00
00
00
98
60
50
88
88
88
70
00
00
ENDCHAR
STARTCHAR U+053f
ENCODING 1343
SWIDTH 500 0
DWIDTH 6 0
BBX 6 12 0 -2
BITMAP
00
00
00
80
88
88
78
08
08
08
00
00
ENDCHAR
STARTCHAR U+0540
ENCODING 1344
SWIDTH 500 0
DWIDTH 6 0
BBX 6 12 0 -2
BITMAP
00
00
00
F0
08
F0
08
08
08
08
00
00
ENDCHAR
STARTCHAR U+0541
ENCODING 1345
SWIDTH 500 0
DWIDTH 6 0
BBX 6 12 0 -2
BITMAP
00
00
00
70
88
88
08
50
A0
78
00
00
ENDCHAR
STARTCHAR U+0542
ENCODING 1346
SWIDTH 583 0
DWIDTH 7 0
BBX 7 12 0 -2
BITMAP
00
00
00
70
88
88
08
08
08
0C
00
00
ENDCHAR
STARTCHAR U+0543
ENCODING 1347
SWIDTH 500 0
DWIDTH 6 0
BBX 6 12 0 -2
BITMAP
00
00
00
70
80
F0
88
88
88
F8
00
00
ENDCHAR
STARTCHAR U+0544
ENCODING 1348
SWIDTH 583 0
DWIDTH 7 0
BBX 7 12 0 -2
BITMAP
00
00
00
8C
88
88
88
88
88
70
00
00
ENDCHAR
STARTCHAR U+0545
ENCODING 1349
SWIDTH 500 0
DWIDTH 6 0
BBX 6 12 0 -2
BITMAP
00
00
00
70
88
08
F0
08
88
70
00
00
ENDCHAR
STARTCHAR U+0546
ENCODING 1350
SWIDTH 500 0
DWIDTH 6 0
BBX 6 12 0 -2
BITMAP
00
00
00
C0
40
40
40
40
48
30
00
00
ENDCHAR
STARTCHAR U+0547
ENCODING 1351
SWIDTH 500 0
DWIDTH 6 0
BBX 6 12 0 -2
BITMAP
00
00
00
F8
20
40
80
80
88
70
00
00
ENDCHAR
STARTCHAR U+0548
ENCODING 1352
SWIDTH 500 0
DWIDTH 6 0
BBX 6 12 0 -2
BITMAP
00
00
00
70
88
88
88
88
88
88
00
00
ENDCHAR
STARTCHAR U+0549
ENCODING 1353
SWIDTH 500 0
DWIDTH 6 0
BBX 6 12 0 -2
BITMAP
00
00
00
70
88
08
10
20
E0
18
00
00
ENDCHAR
STARTCHAR U+054b
ENCODING 1355
SWIDTH 500 0
DWIDTH 6 0
BBX 6 12 0 -2
BITMAP
00
00
00
70
88
C8
28
28
10
F8
00
00
ENDCHAR
STARTCHAR U+054c
ENCODING 1356
SWIDTH 583 0
DWIDTH 7 0
BBX 7 12 0 -2
BITMAP
00
00
00
70
88
88
88
88
8C
88
00
00
ENDCHAR
STARTCHAR U+054d
ENCODING 1357
SWIDTH 500 0
DWIDTH 6 0
BBX 6 12 0 -2
BITMAP
00
00
00
88
88
88
88
88
88
70
00
00
ENDCHAR
STARTCHAR U+054e
ENCODING 1358
SWIDTH 500 0
DWIDTH 6 0
BBX 6 12 0 -2
BITMAP
00
00
00
08
08
88
88
78
08
08
00
00
ENDCHAR
STARTCHAR U+054f
ENCODING 1359
SWIDTH 500 0
DWIDTH 6 0
BBX 6 12 0 -2
BITMAP
00
00
00
70
88
80
70
08
88
70
00
00
ENDCHAR
STARTCHAR U+0550
ENCODING 1360
SWIDTH 500 0
DWIDTH 6 0
BBX 6 12 0 -2
BITMAP
00
00
00
70
88
80
80
80
80
80
00
00
ENDCHAR
STARTCHAR U+0551
ENCODING 1361
SWIDTH 500 0
DWIDTH 6 0
BBX 6 12 0 -2
BITMAP
00
00
00
70
88
88
70
88
08
70
00
00
ENDCHAR
STARTCHAR U+0552
ENCODING 1362
SWIDTH 416 0
DWIDTH 5 0
BBX 5 12 0 -2
BITMAP
00
00
00
80
80
F0
80
80
80
80
00
00
ENDCHAR
STARTCHAR U+0553
ENCODING 1363
SWIDTH 500 0
DWIDTH 6 0
BBX 6 12 0 -2
BITMAP
00
00
00
20
70
A8
A8
A8
70
20
00
00
ENDCHAR
STARTCHAR U+0554
ENCODING 1364
SWIDTH 500 0
DWIDTH 6 0
BBX 6 12 0 -2
BITMAP
00
00
00
70
88
88
F0
80
F8
80
00
00
ENDCHAR
STARTCHAR U+0555
ENCODING 1365
SWIDTH 500 0
DWIDTH 6 0
BBX 6 12 0 -2
BITMAP
00
00
00
70
88
88
88
88
88
70
00
00
ENDCHAR
STARTCHAR U+0556
ENCODING 1366
SWIDTH 500 0
DWIDTH 6 0
BBX 6 12 0 -2
BITMAP
00
00
00
60
A0
70
28
28
A8
70
00
00
ENDCHAR
STARTCHAR U+0559
ENCODING 1369
SWIDTH 250 0
DWIDTH 3 0
BBX 3 12 0 -2
BITMAP
00
00
00
80
80
40
00
00
00
00
00
00
ENDCHAR
STARTCHAR U+0561
ENCODING 1377
SWIDTH 500 0
DWIDTH 6 0
BBX 6 12 0 -2
BITMAP
00
00
00
00
00
88
88
A8
A8
58
00
00
ENDCHAR
STARTCHAR U+0562
ENCODING 1378
SWIDTH 500 0
DWIDTH 6 0
BBX 6 12 0 -2
BITMAP
00
00
00
00
00
B0
C8
80
F8
80
80
00
ENDCHAR
STARTCHAR U+0563
ENCODING 1379
SWIDTH 583 0
DWIDTH 7 0
BBX 7 12 0 -2
BITMAP
00
00
00
00
00
68
98
88
7C
08
08
00
ENDCHAR
STARTCHAR U+0564
ENCODING 1380
SWIDTH 583 0
DWIDTH 7 0
BBX 7 12 0 -2
BITMAP
00
00
00
00
00
F0
88
88
88
8C
08
00
ENDCHAR
STARTCHAR U+0565
ENCODING 1381
SWIDTH 500 0
DWIDTH 6 0
BBX 6 12 0 -2
BITMAP
00
00
00
80
80
E0
80
88
98
68
00
00
ENDCHAR
STARTCHAR U+0566
ENCODING 1382
SWIDTH 583 0
DWIDTH 7 0
BBX 7 12 0 -2
BITMAP
00
00
00
00
00
68
98
88
78
08
0C
00
ENDCHAR
STARTCHAR U+0567
ENCODING 1383
SWIDTH 416 0
DWIDTH 5 0
BBX 5 12 0 -2
BITMAP
00
00
00
80
80
F0
80
80
80
F0
10
00
ENDCHAR
STARTCHAR U+0568
ENCODING 1384
SWIDTH 500 0
DWIDTH 6 0
BBX 6 12 0 -2
BITMAP
00
00
00
00
00
B0
C8
88
88
80
F8
00
ENDCHAR
STARTCHAR U+0569
ENCODING 1385
SWIDTH 500 0
DWIDTH 6 0
BBX 6 12 0 -2
BITMAP
00
00
00
00
00
B0
C8
98
A8
90
80
00
ENDCHAR
STARTCHAR U+056a
ENCODING 1386
SWIDTH 583 0
DWIDTH 7 0
BBX 7 12 0 -2
BITMAP
00
00
00
08
08
7C
88
88
88
78
00
00
ENDCHAR
STARTCHAR U+056b
ENCODING 1387
SWIDTH 500 0
DWIDTH 6 0
BBX 6 12 0 -2
BITMAP
00
00
00
80
80
B0
C8
88
88
88
80
00
ENDCHAR
STARTCHAR U+056c
ENCODING 1388
SWIDTH 250 0
DWIDTH 3 0
BBX 3 12 0 -2
BITMAP
00
00
00
00
00
80
80
80
80
80
C0
00
ENDCHAR
STARTCHAR U+056d
ENCODING 1389
SWIDTH 583 0
DWIDTH 7 0
BBX 7 12 0 -2
BITMAP
00
00
00
80
80
A4
D4
94
94
8C
80
00
ENDCHAR
STARTCHAR U+056e
ENCODING 1390
SWIDTH 500 0
DWIDTH 6 0
BBX 6 12 0 -2
BITMAP
00
00
00
40
98
60
90
88
88
70
00
00
ENDCHAR
STARTCHAR U+056f
ENCODING 1391
SWIDTH 500 0
DWIDTH 6 0
BBX 6 12 0 -2
BITMAP
00
00
00
80
88
88
88
98
68
08
08
00
ENDCHAR
STARTCHAR U+0570
ENCODING 1392
SWIDTH 500 0
DWIDTH 6 0
BBX 6 12 0 -2
BITMAP
00
00
00
80
80
B0
C8
88
88
88
00
00
ENDCHAR
STARTCHAR U+0571
ENCODING 1393
SWIDTH 500 0
DWIDTH 6 0
BBX 6 12 0 -2
BITMAP
00
00
00
80
78
08
70
88
98
68
00
00
ENDCHAR
STARTCHAR U+0572
ENCODING 1394
SWIDTH 583 0
DWIDTH 7 0
BBX 7 12 0 -2
BITMAP
00
00
00
00
00
F0
88
88
88
88
0C
00
ENDCHAR
STARTCHAR U+0573
ENCODING 1395
SWIDTH 500 0
DWIDTH 6 0
BBX 6 12 0 -2
BITMAP
00
00
00
78
80
F0
88
88
98
68
00
00
ENDCHAR
STARTCHAR U+0574
ENCODING 1396
SWIDTH 583 0
DWIDTH 7 0
BBX 7 12 0 -2
BITMAP
00
00
00
0C
08
88
88
88
88
78
00
00
ENDCHAR
STARTCHAR U+0575
ENCODING 1397
SWIDTH 500 0
DWIDTH 6 0
BBX 6 12 0 -2
BITMAP
00
00
00
00
00
08
08
08
08
88
70
00
ENDCHAR
STARTCHAR U+0576
ENCODING 1398
SWIDTH 583 0
DWIDTH 7 0
BBX 7 12 0 -2
BITMAP
00
00
00
C0
40
44
44
44
44
3C
00
00
ENDCHAR
STARTCHAR U+0577
ENCODING 1399
SWIDTH 500 0
DWIDTH 6 0
BBX 6 12 0 -2
BITMAP
00
00
00
00
00
70
88
08
70
80
F8
00
ENDCHAR
STARTCHAR U+0578
ENCODING 1400
SWIDTH 500 0
DWIDTH 6 0
BBX 6 12 0 -2
BITMAP
00
00
00
00
00
B0
C8
88
88
88
00
00
ENDCHAR
STARTCHAR U+0579
ENCODING 1401
SWIDTH 500 0
DWIDTH 6 0
BBX 6 12 0 -2
BITMAP
00
00
00
00
00
80
78
08
70
80
F8
00
ENDCHAR
STARTCHAR U+057a
ENCODING 1402
SWIDTH 500 0
DWIDTH 6 0
BBX 6 12 0 -2
BITMAP
00
00
00
00
00
88
88
A8
A8
58
08
00
ENDCHAR
STARTCHAR U+057b
ENCODING 1403
SWIDTH 500 0
DWIDTH 6 0
BBX 6 12 0 -2
BITMAP
00
00
00
00
00
70
88
88
70
80
F8
00
ENDCHAR
STARTCHAR U+057c
ENCODING 1404
SWIDTH 500 0
DWIDTH 6 0
BBX 6 12 0 -2
BITMAP
00
00
00
00
00
F0
88
88
90
98
00
00
ENDCHAR
STARTCHAR U+057d
ENCODING 1405
SWIDTH 500 0
DWIDTH 6 0
BBX 6 12 0 -2
BITMAP
00
00
00
00
00
88
88
88
88
78
00
00
ENDCHAR
STARTCHAR U+057e
ENCODING 1406
SWIDTH 583 0
DWIDTH 7 0
BBX 7 12 0 -2
BITMAP
00
00
00
08
08
88
88
88
88
78
0C
00
ENDCHAR
STARTCHAR U+057f
ENCODING 1407
SWIDTH 666 0
DWIDTH 8 0
BBX 8 12 0 -2
BITMAP
00
00
00
00
00
9C
92
92
92
72
00
00
ENDCHAR
STARTCHAR U+0580
ENCODING 1408
SWIDTH 500 0
DWIDTH 6 0
BBX 6 12 0 -2
BITMAP
00
00
00
00
00
F0
88
88
88
88
80
00
ENDCHAR
STARTCHAR U+0581
ENCODING 1409
SWIDTH 500 0
DWIDTH 6 0
BBX 6 12 0 -2
BITMAP
00
00
00
00
00
78
88
88
78
08
F0
00
ENDCHAR
STARTCHAR U+0582
ENCODING 1410
SWIDTH 416 0
DWIDTH 5 0
BBX 5 12 0 -2
BITMAP
00
00
00
00
00
80
80
80
80
F0
00
00
ENDCHAR
STARTCHAR U+0583
ENCODING 1411
SWIDTH 666 0
DWIDTH 8 0
BBX 8 12 0 -2
BITMAP
00
00
00
10
10
9C
92
92
92
72
10
00
ENDCHAR
STARTCHAR U+0584
ENCODING 1412
SWIDTH 583 0
DWIDTH 7 0
BBX 7 12 0 -2
BITMAP
00
00
00
00
00
58
64
78
40
FC
40
00
ENDCHAR
STARTCHAR U+0585
ENCODING 1413
SWIDTH 500 0
DWIDTH 6 0
BBX 6 12 0 -2
BITMAP
00
00
00
00
00
70
88
88
88
70
00
00
ENDCHAR
STARTCHAR U+0586
ENCODING 1414
SWIDTH 500 0
DWIDTH 6 0
BBX 6 12 0 -2
BITMAP
00
00
00
60
A0
70
28
28
A8
70
20
00
ENDCHAR
STARTCHAR U+0587
ENCODING 1415
SWIDTH 583 0
DWIDTH 7 0
BBX 7 12 0 -2
BITMAP
00
00
00
80
80
80
90
90
B0
5C
00
00
ENDCHAR
STARTCHAR U+05e9
ENCODING 1513
SWIDTH 500 0
DWIDTH 6 0
BBX 6 12 0 -2
BITMAP
00
00
00
00
00
A8
A8
C8
88
78
00
00
ENDCHAR
STARTCHAR U+05ea
ENCODING 1514
SWIDTH 500 0
DWIDTH 6 0
BBX 6 12 0 -2
BITMAP
00
00
00
00
00
F0
48
48
48
C8
00
00
ENDCHAR
STARTCHAR U+0538
ENCODING 1336
SWIDTH 500 0
DWIDTH 6 0
BBX 6 12 0 -2
BITMAP
00
00
00
70
88
80
80
80
80
F8
00
00
ENDCHAR
STARTCHAR U+055a
ENCODING 1370
SWIDTH 250 0
DWIDTH 3 0
BBX 3 12 0 -2
BITMAP
00
00
00
40
40
80
00
00
00
00
00
00
ENDCHAR
STARTCHAR U+055b
ENCODING 1371
SWIDTH 250 0
DWIDTH 3 0
BBX 3 12 0 -2
BITMAP
00
00
00
40
80
00
00
00
00
00
00
00
ENDCHAR
STARTCHAR U+055c
ENCODING 1372
SWIDTH 333 0
DWIDTH 4 0
BBX 4 12 0 -2
BITMAP
00
00
00
20
E0
80
00
00
00
00
00
00
ENDCHAR
STARTCHAR U+055d
ENCODING 1373
SWIDTH 250 0
DWIDTH 3 0
BBX 3 12 0 -2
BITMAP
00
00
00
80
40
00
00
00
00
00
00
00
ENDCHAR
STARTCHAR U+055e
ENCODING 1374
SWIDTH 333 0
DWIDTH 4 0
BBX 4 12 0 -2
BITMAP
00
00
00
40
A0
80
00
00
00
00
00
00
ENDCHAR
STARTCHAR U+055f
ENCODING 1375
SWIDTH 500 0
DWIDTH 6 0
BBX 6 12 0 -2
BITMAP
00
00
00
80
F8
00
00
00
00
00
00
00
ENDCHAR
STARTCHAR U+0560
ENCODING 1376
SWIDTH 500 0
DWIDTH 6 0
BBX 6 12 0 -2
BITMAP
00
00
00
00
00
D0
A8
A8
88
88
00
00
ENDCHAR
STARTCHAR U+0588
ENCODING 1416
SWIDTH 583 0
DWIDTH 7 0
BBX 7 12 0 -2
BITMAP
00
00
00
00
00
08
08
3C
08
88
70
00
ENDCHAR
STARTCHAR U+058f
ENCODING 1423
SWIDTH 500 0
DWIDTH 6 0
BBX 6 12 0 -2
BITMAP
00
00
00
60
90
10
78
10
78
10
00
00
ENDCHAR
STARTCHAR U+00af
ENCODING 175
SWIDTH 500 0
DWIDTH 6 0
BBX 6 12 0 -2
BITMAP
00
00
00
F8
00
00
00
00
00
00
00
00
ENDCHAR
STARTCHAR U+017f
ENCODING 383
SWIDTH 333 0
DWIDTH 4 0
BBX 4 12 0 -2
BITMAP
00
00
00
60
80
80
80
80
80
80
00
00
ENDCHAR
STARTCHAR U+01b7
ENCODING 439
SWIDTH 500 0
DWIDTH 6 0
BBX 6 12 0 -2
BITMAP
00
00
00
F8
08
30
08
08
08
88
70
00
ENDCHAR
STARTCHAR U+0292
ENCODING 658
SWIDTH 500 0
DWIDTH 6 0
BBX 6 12 0 -2
BITMAP
00
00
00
00
00
F8
08
30
08
88
70
00
ENDCHAR
STARTCHAR U+01f7
ENCODING 503
SWIDTH 500 0
DWIDTH 6 0
BBX 6 12 0 -2
BITMAP
00
00
00
B0
C8
88
90
A0
C0
80
80
00
ENDCHAR
STARTCHAR U+01bf
ENCODING 447
SWIDTH 500 0
DWIDTH 6 0
BBX 6 12 0 -2
BITMAP
00
00
00
00
00
B0
C8
88
90
E0
80
00
ENDCHAR
STARTCHAR U+021c
ENCODING 540
SWIDTH 500 0
DWIDTH 6 0
BBX 6 12 0 -2
BITMAP
00
00
00
70
88
10
30
08
08
10
E0
00
ENDCHAR
STARTCHAR U+021d
ENCODING 541
SWIDTH 500 0
DWIDTH 6 0
BBX 6 12 0 -2
BITMAP
00
00
00
00
00
70
88
30
08
10
E0
00
ENDCHAR
STARTCHAR U+0224
ENCODING 548
SWIDTH 500 0
DWIDTH 6 0
BBX 6 12 0 -2
BITMAP
00
00
00
F8
08
10
20
40
80
F8
08
00
ENDCHAR
STARTCHAR U+0225
ENCODING 549
SWIDTH 500 0
DWIDTH 6 0
BBX 6 12 0 -2
BITMAP
00
00
00
00
00
F8
10
20
40
F8
08
00
ENDCHAR
STARTCHAR U+02d9
ENCODING 729
SWIDTH 166 0
DWIDTH 2 0
BBX 2 12 0 -2
BITMAP
00
00
00
00
80
00
00
00
00
00
00
00
ENDCHAR
STARTCHAR U+a75a
ENCODING 42842
SWIDTH 500 0
DWIDTH 6 0
BBX 6 12 0 -2
BITMAP
00
00
00
F0
08
70
40
20
10
08
00
00
ENDCHAR
STARTCHAR U+a75b
ENCODING 42843
SWIDTH 416 0
DWIDTH 5 0
BBX 5 12 0 -2
BITMAP
00
00
00
00
00
E0
10
60
20
10
00
00
ENDCHAR
STARTCHAR U+2011
ENCODING 8209
SWIDTH 333 0
DWIDTH 4 0
BBX 4 12 0 -2
BITMAP
00
00
00
00
00
00
E0
00
00
00
00
00
ENDCHAR
STARTCHAR U+214b
ENCODING 8523
SWIDTH 500 0
DWIDTH 6 0
BBX 6 12 0 -2
BITMAP
00
00
00
B0
48
68
B0
20
50
20
00
00
ENDCHAR
STARTCHAR U+23cf
ENCODING 9167
SWIDTH 500 0
DWIDTH 6 0
BBX 6 12 0 -2
BITMAP
00
00
00
00
20
70
F8
00
F8
00
00
00
ENDCHAR
STARTCHAR U+23e9
ENCODING 9193
SWIDTH 583 0
DWIDTH 7 0
BBX 7 12 0 -2
BITMAP
00
00
00
00
90
D8
FC
D8
90
00
00
00
ENDCHAR
STARTCHAR U+23ea
ENCODING 9194
SWIDTH 583 0
DWIDTH 7 0
BBX 7 12 0 -2
BITMAP
00
00
00
00
24
6C
FC
6C
24
00
00
00
ENDCHAR
STARTCHAR U+23ed
ENCODING 9197
SWIDTH 666 0
DWIDTH 8 0
BBX 8 12 0 -2
BITMAP
00
00
00
00
92
DA
FE
DA
92
00
00
00
ENDCHAR
STARTCHAR U+23ee
ENCODING 9198
SWIDTH 666 0
DWIDTH 8 0
BBX 8 12 0 -2
BITMAP
00
00
00
00
92
B6
FE
B6
92
00
00
00
ENDCHAR
STARTCHAR U+23ef
ENCODING 9199
SWIDTH 583 0
DWIDTH 7 0
BBX 7 12 0 -2
BITMAP
00
00
00
00
94
D4
F4
D4
94
00
00
00
ENDCHAR
STARTCHAR U+23f4
ENCODING 9204
SWIDTH 333 0
DWIDTH 4 0
BBX 4 12 0 -2
BITMAP
00
00
00
00
20
60
E0
60
20
00
00
00
ENDCHAR
STARTCHAR U+23f5
ENCODING 9205
SWIDTH 333 0
DWIDTH 4 0
BBX 4 12 0 -2
BITMAP
00
00
00
00
80
C0
E0
C0
80
00
00
00
ENDCHAR
STARTCHAR U+23f6
ENCODING 9206
SWIDTH 500 0
DWIDTH 6 0
BBX 6 12 0 -2
BITMAP
00
00
00
00
00
20
70
F8
00
00
00
00
ENDCHAR
STARTCHAR U+23f7
ENCODING 9207
SWIDTH 500 0
DWIDTH 6 0
BBX 6 12 0 -2
BITMAP
00
00
00
00
00
F8
70
20
00
00
00
00
ENDCHAR
STARTCHAR U+23f8
ENCODING 9208
SWIDTH 333 0
DWIDTH 4 0
BBX 4 12 0 -2
BITMAP
00
00
00
00
A0
A0
A0
A0
A0
00
00
00
ENDCHAR
STARTCHAR U+23f9
ENCODING 9209
SWIDTH 500 0
DWIDTH 6 0
BBX 6 12 0 -2
BITMAP
00
00
00
00
F8
F8
F8
F8
F8
00
00
00
ENDCHAR
STARTCHAR U+23fa
ENCODING 9210
SWIDTH 500 0
DWIDTH 6 0
BBX 6 12 0 -2
BITMAP
00
00
00
00
70
F8
F8
F8
70
00
00
00
ENDCHAR
STARTCHAR U+23fb
ENCODING 9211
SWIDTH 666 0
DWIDTH 8 0
BBX 8 12 0 -2
BITMAP
00
00
00
10
54
92
82
82
44
38
00
00
ENDCHAR
STARTCHAR U+23fc
ENCODING 9212
SWIDTH 666 0
DWIDTH 8 0
BBX 8 12 0 -2
BITMAP
00
00
00
38
44
92
92
92
44
38
00
00
ENDCHAR
STARTCHAR U+23fd
ENCODING 9213
SWIDTH 166 0
DWIDTH 2 0
BBX 2 12 0 -2
BITMAP
00
00
00
80
80
80
80
80
80
80
00
00
ENDCHAR
STARTCHAR U+2b58
ENCODING 11096
SWIDTH 666 0
DWIDTH 8 0
BBX 8 12 0 -2
BITMAP
00
00
00
38
44
82
82
82
44
38
00
00
ENDCHAR
STARTCHAR U+25b2
ENCODING 9650
SWIDTH 500 0
DWIDTH 6 0
BBX 6 12 0 -2
BITMAP
00
00
00
20
20
70
70
F8
F8
00
00
00
ENDCHAR
STARTCHAR U+25b6
ENCODING 9654
SWIDTH 583 0
DWIDTH 7 0
BBX 7 12 0 -2
BITMAP
00
00
00
00
C0
F0
FC
F0
C0
00
00
00
ENDCHAR
STARTCHAR U+25bc
ENCODING 9660
SWIDTH 500 0
DWIDTH 6 0
BBX 6 12 0 -2
BITMAP
00
00
00
F8
F8
70
70
20
20
00
00
00
ENDCHAR
STARTCHAR U+25c0
ENCODING 9664
SWIDTH 583 0
DWIDTH 7 0
BBX 7 12 0 -2
BITMAP
00
00
00
00
0C
3C
FC
3C
0C
00
00
00
ENDCHAR
STARTCHAR U+25cf
ENCODING 9679
SWIDTH 416 0
DWIDTH 5 0
BBX 5 12 0 -2
BITMAP
00
00
00
00
00
60
F0
F0
60
00
00
00
ENDCHAR
STARTCHAR U+25e6
ENCODING 9702
SWIDTH 333 0
DWIDTH 4 0
BBX 4 12 0 -2
BITMAP
00
00
00
00
00
40
A0
40
00
00
00
00
ENDCHAR
STARTCHAR U+25d8
ENCODING 9688
SWIDTH 333 0
DWIDTH 4 0
BBX 4 12 0 -2
BITMAP
00
00
00
00
00
E0
A0
E0
00
00
00
00
ENDCHAR
STARTCHAR U+2693
ENCODING 9875
SWIDTH 666 0
DWIDTH 8 0
BBX 8 12 0 -2
BITMAP
00
00
00
10
28
10
38
92
92
54
38
00
ENDCHAR
STARTCHAR U+26e8
ENCODING 9960
SWIDTH 666 0
DWIDTH 8 0
BBX 8 12 0 -2
BITMAP
00
00
00
FE
82
92
BA
92
44
28
10
00
ENDCHAR
STARTCHAR U+0132
ENCODING 306
SWIDTH 500 0
DWIDTH 6 0
BBX 6 12 0 -2
BITMAP
00
00
00
88
88
88
88
08
88
70
00
00
ENDCHAR
STARTCHAR U+0133
ENCODING 307
SWIDTH 416 0
DWIDTH 5 0
BBX 5 12 0 -2
BITMAP
00
00
00
90
00
90
90
90
90
10
E0
00
ENDCHAR
STARTCHAR U+01c9
ENCODING 457
SWIDTH 666 0
DWIDTH 8 0
BBX 8 12 0 -2
BITMAP
00
00
00
82
80
82
82
82
92
52
0C
00
ENDCHAR
STARTCHAR U+a728
ENCODING 42792
SWIDTH 666 0
DWIDTH 8 0
BBX 8 12 0 -2
BITMAP
00
00
00
F8
20
3E
22
2C
22
22
0C
00
ENDCHAR
STARTCHAR U+a729
ENCODING 42793
SWIDTH 583 0
DWIDTH 7 0
BBX 7 12 0 -2
BITMAP
00
00
00
40
40
FC
44
58
44
44
18
00
ENDCHAR
STARTCHAR U+a739
ENCODING 42809
SWIDTH 750 0
DWIDTH 9 0
BBX 9 12 0 -2
BITMAP
0000
0000
0000
0000
0000
3880
0480
3C80
4500
3E00
0000
0000
ENDCHAR
STARTCHAR U+a73b
ENCODING 42811
SWIDTH 750 0
DWIDTH 9 0
BBX 9 12 0 -2
BITMAP
0000
0000
0000
0000
0000
3880
0480
3F80
4500
3E00
0000
0000
ENDCHAR
STARTCHAR U+fb00
ENCODING 64256
SWIDTH 666 0
DWIDTH 8 0
BBX 8 12 0 -2
BITMAP
00
00
00
36
48
FE
48
48
48
48
00
00
ENDCHAR
STARTCHAR U+fb01
ENCODING 64257
SWIDTH 500 0
DWIDTH 6 0
BBX 6 12 0 -2
BITMAP
00
00
00
38
40
F8
48
48
48
48
00
00
ENDCHAR
STARTCHAR U+fb02
ENCODING 64258
SWIDTH 583 0
DWIDTH 7 0
BBX 7 12 0 -2
BITMAP
00
00
00
38
48
F8
48
48
48
44
00
00
ENDCHAR
STARTCHAR U+fb03
ENCODING 64259
SWIDTH 750 0
DWIDTH 9 0
BBX 9 12 0 -2
BITMAP
0000
0000
0000
1B80
2400
7F80
2480
2480
2480
2480
0000
0000
ENDCHAR
STARTCHAR U+fb05
ENCODING 64261
SWIDTH 500 0
DWIDTH 6 0
BBX 6 12 0 -2
BITMAP
00
00
00
70
90
B8
90
90
90
88
00
00
ENDCHAR
STARTCHAR U+fffd
ENCODING 65533
SWIDTH 666 0
DWIDTH 8 0
BBX 8 12 0 -2
BITMAP
00
00
00
10
38
44
F6
EE
7C
28
10
00
ENDCHAR
STARTCHAR U+0535
ENCODING 1333
SWIDTH 500 0
DWIDTH 6 0
BBX 6 12 0 -2
BITMAP
00
00
00
80
80
F8
80
80
88
70
00
00
ENDCHAR
STARTCHAR U+054a
ENCODING 1354
SWIDTH 500 0
DWIDTH 6 0
BBX 6 12 0 -2
BITMAP
00
00
00
70
A8
A8
28
08
08
08
00
00
ENDCHAR
STARTCHAR U+16a0
ENCODING 5792
SWIDTH 416 0
DWIDTH 5 0
BBX 5 12 0 -2
BITMAP
00
00
00
90
A0
D0
A0
C0
80
80
00
00
ENDCHAR
STARTCHAR U+16a2
ENCODING 5794
SWIDTH 500 0
DWIDTH 6 0
BBX 6 12 0 -2
BITMAP
00
00
00
C0
A0
A0
90
90
88
88
00
00
ENDCHAR
STARTCHAR U+16a3
ENCODING 5795
SWIDTH 500 0
DWIDTH 6 0
BBX 6 12 0 -2
BITMAP
00
00
00
C0
A0
A0
90
90
A8
A8
00
00
ENDCHAR
STARTCHAR U+16a4
ENCODING 5796
SWIDTH 500 0
DWIDTH 6 0
BBX 6 12 0 -2
BITMAP
00
00
00
C0
A0
A0
90
90
A8
88
00
00
ENDCHAR
STARTCHAR U+16a5
ENCODING 5797
SWIDTH 500 0
DWIDTH 6 0
BBX 6 12 0 -2
BITMAP
00
00
00
C0
A0
A0
D0
D0
A8
A8
00
00
ENDCHAR
STARTCHAR U+16a6
ENCODING 5798
SWIDTH 416 0
DWIDTH 5 0
BBX 5 12 0 -2
BITMAP
00
00
00
80
80
E0
90
E0
80
80
00
00
ENDCHAR
STARTCHAR U+16a7
ENCODING 5799
SWIDTH 416 0
DWIDTH 5 0
BBX 5 12 0 -2
BITMAP
00
00
00
80
E0
90
D0
90
E0
80
00
00
ENDCHAR
STARTCHAR U+16a8
ENCODING 5800
SWIDTH 333 0
DWIDTH 4 0
BBX 4 12 0 -2
BITMAP
00
00
00
C0
A0
C0
A0
80
80
80
00
00
ENDCHAR
STARTCHAR U+16a9
ENCODING 5801
SWIDTH 416 0
DWIDTH 5 0
BBX 5 12 0 -2
BITMAP
00
00
00
D0
A0
D0
A0
80
80
80
00
00
ENDCHAR
STARTCHAR U+16aa
ENCODING 5802
SWIDTH 416 0
DWIDTH 5 0
BBX 5 12 0 -2
BITMAP
00
00
00
D0
A0
C0
A0
80
80
80
00
00
ENDCHAR
STARTCHAR U+16ab
ENCODING 5803
SWIDTH 416 0
DWIDTH 5 0
BBX 5 12 0 -2
BITMAP
00
00
00
C0
A0
D0
A0
90
80
80
00
00
ENDCHAR
STARTCHAR U+16ac
ENCODING 5804
SWIDTH 500 0
DWIDTH 6 0
BBX 6 12 0 -2
BITMAP
00
00
00
20
A0
60
B0
68
30
28
00
00
ENDCHAR
STARTCHAR U+16ad
ENCODING 5805
SWIDTH 333 0
DWIDTH 4 0
BBX 4 12 0 -2
BITMAP
00
00
00
80
80
80
C0
A0
C0
A0
00
00
ENDCHAR
STARTCHAR U+16ae
ENCODING 5806
SWIDTH 333 0
DWIDTH 4 0
BBX 4 12 0 -2
BITMAP
00
00
00
20
20
20
60
A0
60
A0
00
00
ENDCHAR
STARTCHAR U+16af
ENCODING 5807
SWIDTH 500 0
DWIDTH 6 0
BBX 6 12 0 -2
BITMAP
00
00
00
20
28
30
68
B0
60
A0
00
00
ENDCHAR
STARTCHAR U+16b0
ENCODING 5808
SWIDTH 500 0
DWIDTH 6 0
BBX 6 12 0 -2
BITMAP
00
00
00
20
28
30
60
A0
60
A0
00
00
ENDCHAR
STARTCHAR U+16b1
ENCODING 5809
SWIDTH 416 0
DWIDTH 5 0
BBX 5 12 0 -2
BITMAP
00
00
00
C0
A0
90
A0
C0
A0
90
00
00
ENDCHAR
STARTCHAR U+16b2
ENCODING 5810
SWIDTH 333 0
DWIDTH 4 0
BBX 4 12 0 -2
BITMAP
00
00
00
00
20
40
80
40
20
00
00
00
ENDCHAR
STARTCHAR U+16b3
ENCODING 5811
SWIDTH 416 0
DWIDTH 5 0
BBX 5 12 0 -2
BITMAP
00
00
00
80
80
80
80
C0
A0
90
00
00
ENDCHAR
STARTCHAR U+16b4
ENCODING 5812
SWIDTH 416 0
DWIDTH 5 0
BBX 5 12 0 -2
BITMAP
00
00
00
90
A0
C0
80
80
80
80
00
00
ENDCHAR
STARTCHAR U+16b6
ENCODING 5814
SWIDTH 500 0
DWIDTH 6 0
BBX 6 12 0 -2
BITMAP
00
00
00
48
50
E0
E0
40
40
40
00
00
ENDCHAR
STARTCHAR U+16b7
ENCODING 5815
SWIDTH 500 0
DWIDTH 6 0
BBX 6 12 0 -2
BITMAP
00
00
00
88
50
50
20
50
50
88
00
00
ENDCHAR
STARTCHAR U+16b8
ENCODING 5816
SWIDTH 500 0
DWIDTH 6 0
BBX 6 12 0 -2
BITMAP
00
00
00
88
50
50
A8
50
50
88
00
00
ENDCHAR
STARTCHAR U+16b9
ENCODING 5817
SWIDTH 416 0
DWIDTH 5 0
BBX 5 12 0 -2
BITMAP
00
00
00
C0
A0
90
A0
C0
80
80
00
00
ENDCHAR
STARTCHAR U+16ba
ENCODING 5818
SWIDTH 500 0
DWIDTH 6 0
BBX 6 12 0 -2
BITMAP
00
00
00
88
88
88
E8
98
88
88
00
00
ENDCHAR
STARTCHAR U+16bb
ENCODING 5819
SWIDTH 500 0
DWIDTH 6 0
BBX 6 12 0 -2
BITMAP
00
00
00
88
88
E8
98
E8
98
88
00
00
ENDCHAR
STARTCHAR U+16bc
ENCODING 5820
SWIDTH 500 0
DWIDTH 6 0
BBX 6 12 0 -2
BITMAP
00
00
00
20
A8
70
20
70
A8
20
00
00
ENDCHAR
STARTCHAR U+16bd
ENCODING 5821
SWIDTH 333 0
DWIDTH 4 0
BBX 4 12 0 -2
BITMAP
00
00
00
40
40
E0
E0
40
40
40
00
00
ENDCHAR
STARTCHAR U+16be
ENCODING 5822
SWIDTH 500 0
DWIDTH 6 0
BBX 6 12 0 -2
BITMAP
00
00
00
20
A0
60
30
28
20
20
00
00
ENDCHAR
STARTCHAR U+16bf
ENCODING 5823
SWIDTH 333 0
DWIDTH 4 0
BBX 4 12 0 -2
BITMAP
00
00
00
80
80
80
C0
A0
80
80
00
00
ENDCHAR
STARTCHAR U+16c0
ENCODING 5824
SWIDTH 500 0
DWIDTH 6 0
BBX 6 12 0 -2
BITMAP
00
00
00
20
A0
70
70
28
20
20
00
00
ENDCHAR
STARTCHAR U+16c1
ENCODING 5825
SWIDTH 166 0
DWIDTH 2 0
BBX 2 12 0 -2
BITMAP
00
00
00
80
80
80
80
80
80
80
00
00
ENDCHAR
STARTCHAR U+16c2
ENCODING 5826
SWIDTH 333 0
DWIDTH 4 0
BBX 4 12 0 -2
BITMAP
00
00
00
40
40
E0
E0
40
40
40
00
00
ENDCHAR
STARTCHAR U+16c3
ENCODING 5827
SWIDTH 583 0
DWIDTH 7 0
BBX 7 12 0 -2
BITMAP
00
00
00
20
40
90
48
24
08
10
00
00
ENDCHAR
STARTCHAR U+16c4
ENCODING 5828
SWIDTH 500 0
DWIDTH 6 0
BBX 6 12 0 -2
BITMAP
00
00
00
20
20
70
A8
70
20
20
00
00
ENDCHAR
STARTCHAR U+16c5
ENCODING 5829
SWIDTH 500 0
DWIDTH 6 0
BBX 6 12 0 -2
BITMAP
00
00
00
20
28
30
60
A0
20
20
00
00
ENDCHAR
STARTCHAR U+16c6
ENCODING 5830
SWIDTH 333 0
DWIDTH 4 0
BBX 4 12 0 -2
BITMAP
00
00
00
20
20
20
60
A0
20
20
00
00
ENDCHAR
STARTCHAR U+16c7
ENCODING 5831
SWIDTH 500 0
DWIDTH 6 0
BBX 6 12 0 -2
BITMAP
00
00
00
30
28
20
20
20
A0
60
00
00
ENDCHAR
STARTCHAR U+16c8
ENCODING 5832
SWIDTH 416 0
DWIDTH 5 0
BBX 5 12 0 -2
BITMAP
00
00
00
D0
A0
80
80
80
A0
D0
00
00
ENDCHAR
STARTCHAR U+16c9
ENCODING 5833
SWIDTH 500 0
DWIDTH 6 0
BBX 6 12 0 -2
BITMAP
00
00
00
A8
70
70
20
20
20
20
00
00
ENDCHAR
STARTCHAR U+16ca
ENCODING 5834
SWIDTH 333 0
DWIDTH 4 0
BBX 4 12 0 -2
BITMAP
00
00
00
20
40
80
60
80
40
20
00
00
ENDCHAR
STARTCHAR U+16cb
ENCODING 5835
SWIDTH 500 0
DWIDTH 6 0
BBX 6 12 0 -2
BITMAP
00
00
00
80
80
98
A8
C8
08
08
00
00
ENDCHAR
STARTCHAR U+16cc
ENCODING 5836
SWIDTH 166 0
DWIDTH 2 0
BBX 2 12 0 -2
BITMAP
00
00
00
80
80
80
00
00
00
00
00
00
ENDCHAR
STARTCHAR U+16cd
ENCODING 5837
SWIDTH 333 0
DWIDTH 4 0
BBX 4 12 0 -2
BITMAP
00
00
00
40
40
E0
E0
00
00
00
00
00
ENDCHAR
STARTCHAR U+16ce
ENCODING 5838
SWIDTH 500 0
DWIDTH 6 0
BBX 6 12 0 -2
BITMAP
00
00
00
20
20
A8
70
20
00
00
00
00
ENDCHAR
STARTCHAR U+16cf
ENCODING 5839
SWIDTH 500 0
DWIDTH 6 0
BBX 6 12 0 -2
BITMAP
00
00
00
20
70
A8
20
20
20
20
00
00
ENDCHAR
STARTCHAR U+16d0
ENCODING 5840
SWIDTH 333 0
DWIDTH 4 0
BBX 4 12 0 -2
BITMAP
00
00
00
20
60
A0
20
20
20
20
00
00
ENDCHAR
STARTCHAR U+16d1
ENCODING 5841
SWIDTH 416 0
DWIDTH 5 0
BBX 5 12 0 -2
BITMAP
00
00
00
20
60
A0
70
70
20
20
00
00
ENDCHAR
STARTCHAR U+16d2
ENCODING 5842
SWIDTH 416 0
DWIDTH 5 0
BBX 5 12 0 -2
BITMAP
00
00
00
E0
90
A0
C0
A0
90
E0
00
00
ENDCHAR
STARTCHAR U+16d3
ENCODING 5843
SWIDTH 333 0
DWIDTH 4 0
BBX 4 12 0 -2
BITMAP
00
00
00
80
A0
C0
A0
C0
80
80
00
00
ENDCHAR
STARTCHAR U+16d4
ENCODING 5844
SWIDTH 416 0
DWIDTH 5 0
BBX 5 12 0 -2
BITMAP
00
00
00
E0
90
D0
E0
90
D0
E0
00
00
ENDCHAR
STARTCHAR U+16d5
ENCODING 5845
SWIDTH 416 0
DWIDTH 5 0
BBX 5 12 0 -2
BITMAP
00
00
00
90
A0
C0
80
C0
A0
90
00
00
ENDCHAR
STARTCHAR U+16d6
ENCODING 5846
SWIDTH 500 0
DWIDTH 6 0
BBX 6 12 0 -2
BITMAP
00
00
00
88
D8
A8
88
88
88
88
00
00
ENDCHAR
STARTCHAR U+16d7
ENCODING 5847
SWIDTH 500 0
DWIDTH 6 0
BBX 6 12 0 -2
BITMAP
00
00
00
88
D8
A8
D8
88
88
88
00
00
ENDCHAR
STARTCHAR U+16d8
ENCODING 5848
SWIDTH 500 0
DWIDTH 6 0
BBX 6 12 0 -2
BITMAP
00
00
00
A8
A8
70
20
20
20
20
00
00
ENDCHAR
STARTCHAR U+16d9
ENCODING 5849
SWIDTH 333 0
DWIDTH 4 0
BBX 4 12 0 -2
BITMAP
00
00
00
E0
E0
40
40
40
40
40
00
00
ENDCHAR
STARTCHAR U+16da
ENCODING 5850
SWIDTH 333 0
DWIDTH 4 0
BBX 4 12 0 -2
BITMAP
00
00
00
80
C0
A0
80
80
80
80
00
00
ENDCHAR
STARTCHAR U+16db
ENCODING 5851
SWIDTH 416 0
DWIDTH 5 0
BBX 5 12 0 -2
BITMAP
00
00
00
40
60
50
E0
E0
40
40
00
00
ENDCHAR
STARTCHAR U+16dc
ENCODING 5852
SWIDTH 500 0
DWIDTH 6 0
BBX 6 12 0 -2
BITMAP
00
00
00
00
20
50
88
50
20
00
00
00
ENDCHAR
STARTCHAR U+16dd
ENCODING 5853
SWIDTH 500 0
DWIDTH 6 0
BBX 6 12 0 -2
BITMAP
00
00
00
50
20
50
88
50
20
50
00
00
ENDCHAR
STARTCHAR U+16de
ENCODING 5854
SWIDTH 500 0
DWIDTH 6 0
BBX 6 12 0 -2
BITMAP
00
00
00
88
D8
D8
A8
D8
D8
88
00
00
ENDCHAR
STARTCHAR U+16df
ENCODING 5855
SWIDTH 583 0
DWIDTH 7 0
BBX 7 12 0 -2
BITMAP
00
00
00
10
28
44
28
10
28
44
00
00
ENDCHAR
STARTCHAR U+16e0
ENCODING 5856
SWIDTH 666 0
DWIDTH 8 0
BBX 8 12 0 -2
BITMAP
00
00
00
BA
54
10
10
10
10
10
00
00
ENDCHAR
STARTCHAR U+16e1
ENCODING 5857
SWIDTH 500 0
DWIDTH 6 0
BBX 6 12 0 -2
BITMAP
00
00
00
20
A8
70
20
70
A8
20
00
00
ENDCHAR
STARTCHAR U+16e2
ENCODING 5858
SWIDTH 666 0
DWIDTH 8 0
BBX 8 12 0 -2
BITMAP
00
00
00
1A
14
10
10
10
50
B0
00
00
ENDCHAR
STARTCHAR U+16e3
ENCODING 5859
SWIDTH 500 0
DWIDTH 6 0
BBX 6 12 0 -2
BITMAP
00
00
00
20
20
20
20
70
70
A8
00
00
ENDCHAR
STARTCHAR U+16e4
ENCODING 5860
SWIDTH 500 0
DWIDTH 6 0
BBX 6 12 0 -2
BITMAP
00
00
00
A8
70
70
A8
70
70
A8
00
00
ENDCHAR
STARTCHAR U+16e5
ENCODING 5861
SWIDTH 500 0
DWIDTH 6 0
BBX 6 12 0 -2
BITMAP
00
00
00
88
D8
A8
D8
A8
D8
88
00
00
ENDCHAR
STARTCHAR U+16e6
ENCODING 5862
SWIDTH 500 0
DWIDTH 6 0
BBX 6 12 0 -2
BITMAP
00
00
00
20
20
20
20
70
A8
A8
00
00
ENDCHAR
STARTCHAR U+16e7
ENCODING 5863
SWIDTH 166 0
DWIDTH 2 0
BBX 2 12 0 -2
BITMAP
00
00
00
00
00
00
00
80
80
80
00
00
ENDCHAR
STARTCHAR U+16e8
ENCODING 5864
SWIDTH 500 0
DWIDTH 6 0
BBX 6 12 0 -2
BITMAP
00
00
00
20
70
A8
20
A8
70
20
00
00
ENDCHAR
STARTCHAR U+16e9
ENCODING 5865
SWIDTH 416 0
DWIDTH 5 0
BBX 5 12 0 -2
BITMAP
00
00
00
30
50
90
50
30
10
10
00
00
ENDCHAR
STARTCHAR U+16ea
ENCODING 5866
SWIDTH 666 0
DWIDTH 8 0
BBX 8 12 0 -2
BITMAP
00
00
00
40
60
CC
54
66
0C
04
00
00
ENDCHAR
STARTCHAR U+16eb
ENCODING 5867
SWIDTH 250 0
DWIDTH 3 0
BBX 3 12 0 -2
BITMAP
00
00
00
00
00
00
C0
C0
00
00
00
00
ENDCHAR
STARTCHAR U+16ec
ENCODING 5868
SWIDTH 166 0
DWIDTH 2 0
BBX 2 12 0 -2
BITMAP
00
00
00
00
00
80
00
00
80
00
00
00
ENDCHAR
STARTCHAR U+16ed
ENCODING 5869
SWIDTH 500 0
DWIDTH 6 0
BBX 6 12 0 -2
BITMAP
00
00
00
00
20
20
F8
20
20
00
00
00
ENDCHAR
STARTCHAR U+16ee
ENCODING 5870
SWIDTH 500 0
DWIDTH 6 0
BBX 6 12 0 -2
BITMAP
00
00
00
30
28
20
60
A0
20
20
00
00
ENDCHAR
STARTCHAR U+16ef
ENCODING 5871
SWIDTH 500 0
DWIDTH 6 0
BBX 6 12 0 -2
BITMAP
00
00
00
A8
A8
70
20
70
A8
A8
00
00
ENDCHAR
STARTCHAR U+16f0
ENCODING 5872
SWIDTH 500 0
DWIDTH 6 0
BBX 6 12 0 -2
BITMAP
00
00
00
20
70
A8
A8
A8
70
20
00
00
ENDCHAR
STARTCHAR U+16f1
ENCODING 5873
SWIDTH 500 0
DWIDTH 6 0
BBX 6 12 0 -2
BITMAP
00
00
00
80
80
A0
D0
90
88
88
00
00
ENDCHAR
STARTCHAR U+16f2
ENCODING 5874
SWIDTH 500 0
DWIDTH 6 0
BBX 6 12 0 -2
BITMAP
00
00
00
08
08
C8
A8
98
80
80
00
00
ENDCHAR
STARTCHAR U+16f3
ENCODING 5875
SWIDTH 666 0
DWIDTH 8 0
BBX 8 12 0 -2
BITMAP
00
00
00
38
54
92
54
38
10
10
00
00
ENDCHAR
STARTCHAR U+16f4
ENCODING 5876
SWIDTH 416 0
DWIDTH 5 0
BBX 5 12 0 -2
BITMAP
00
00
00
80
80
90
F0
90
10
10
00
00
ENDCHAR
STARTCHAR U+16f5
ENCODING 5877
SWIDTH 250 0
DWIDTH 3 0
BBX 3 12 0 -2
BITMAP
00
00
00
40
80
40
80
40
80
40
00
00
ENDCHAR
STARTCHAR U+16f6
ENCODING 5878
SWIDTH 500 0
DWIDTH 6 0
BBX 6 12 0 -2
BITMAP
00
00
00
40
40
28
70
A0
10
10
00
00
ENDCHAR
STARTCHAR U+16f7
ENCODING 5879
SWIDTH 500 0
DWIDTH 6 0
BBX 6 12 0 -2
BITMAP
00
00
00
80
80
E0
90
90
88
88
00
00
ENDCHAR
STARTCHAR U+16f8
ENCODING 5880
SWIDTH 500 0
DWIDTH 6 0
BBX 6 12 0 -2
BITMAP
00
00
00
20
20
20
20
70
50
88
00
00
ENDCHAR
STARTCHAR U+263a
ENCODING 9786
SWIDTH 500 0
DWIDTH 6 0
BBX 6 12 0 -2
BITMAP
00
00
00
00
50
50
00
88
70
00
00
00
ENDCHAR
STARTCHAR U+263b
ENCODING 9787
SWIDTH 666 0
DWIDTH 8 0
BBX 8 12 0 -2
BITMAP
00
00
00
7C
D6
D6
FE
BA
C6
7C
00
00
ENDCHAR
STARTCHAR U+00a6
ENCODING 166
SWIDTH 166 0
DWIDTH 2 0
BBX 2 12 0 -2
BITMAP
00
00
00
80
80
80
00
80
80
80
00
00
ENDCHAR
STARTCHAR U+2639
ENCODING 9785
SWIDTH 500 0
DWIDTH 6 0
BBX 6 12 0 -2
BITMAP
00
00
00
00
50
50
00
70
88
00
00
00
ENDCHAR
STARTCHAR U+05da
ENCODING 1498
SWIDTH 500 0
DWIDTH 6 0
BBX 6 12 0 -2
BITMAP
00
00
00
00
00
F8
08
08
08
08
08
00
ENDCHAR
STARTCHAR U+05f3
ENCODING 1523
SWIDTH 250 0
DWIDTH 3 0
BBX 3 12 0 -2
BITMAP
00
00
00
00
00
40
40
80
00
00
00
00
ENDCHAR
STARTCHAR U+05f4
ENCODING 1524
SWIDTH 416 0
DWIDTH 5 0
BBX 5 12 0 -2
BITMAP
00
00
00
00
00
50
50
A0
00
00
00
00
ENDCHAR
STARTCHAR U+05f0
ENCODING 1520
SWIDTH 333 0
DWIDTH 4 0
BBX 4 12 0 -2
BITMAP
00
00
00
00
00
A0
A0
A0
A0
A0
00
00
ENDCHAR
STARTCHAR U+05f1
ENCODING 1521
SWIDTH 333 0
DWIDTH 4 0
BBX 4 12 0 -2
BITMAP
00
00
00
00
00
A0
A0
20
20
20
00
00
ENDCHAR
STARTCHAR U+05f2
ENCODING 1522
SWIDTH 333 0
DWIDTH 4 0
BBX 4 12 0 -2
BITMAP
00
00
00
00
00
A0
A0
00
00
00
00
00
ENDCHAR
STARTCHAR U+05be
ENCODING 1470
SWIDTH 500 0
DWIDTH 6 0
BBX 6 12 0 -2
BITMAP
00
00
00
00
00
F8
00
00
00
00
00
00
ENDCHAR
STARTCHAR U+05c3
ENCODING 1475
SWIDTH 166 0
DWIDTH 2 0
BBX 2 12 0 -2
BITMAP
00
00
00
00
00
80
00
00
00
80
00
00
ENDCHAR
STARTCHAR U+05c6
ENCODING 1478
SWIDTH 333 0
DWIDTH 4 0
BBX 4 12 0 -2
BITMAP
00
00
00
00
00
60
80
80
80
E0
00
00
ENDCHAR
STARTCHAR U+00b4
ENCODING 180
SWIDTH 250 0
DWIDTH 3 0
BBX 3 12 0 -2
BITMAP
00
00
00
40
80
00
00
00
00
00
00
00
ENDCHAR
STARTCHAR U+00a8
ENCODING 168
SWIDTH 333 0
DWIDTH 4 0
BBX 4 12 0 -2
BITMAP
00
00
00
A0
00
00
00
00
00
00
00
00
ENDCHAR
STARTCHAR U+1d00
ENCODING 7424
SWIDTH 500 0
DWIDTH 6 0
BBX 6 12 0 -2
BITMAP
00
00
00
00
00
70
88
F8
88
88
00
00
ENDCHAR
STARTCHAR U+0299
ENCODING 665
SWIDTH 500 0
DWIDTH 6 0
BBX 6 12 0 -2
BITMAP
00
00
00
00
00
F0
88
F0
88
F0
00
00
ENDCHAR
STARTCHAR U+1d04
ENCODING 7428
SWIDTH 500 0
DWIDTH 6 0
BBX 6 12 0 -2
BITMAP
00
00
00
00
00
70
88
80
88
70
00
00
ENDCHAR
STARTCHAR U+1d05
ENCODING 7429
SWIDTH 500 0
DWIDTH 6 0
BBX 6 12 0 -2
BITMAP
00
00
00
00
00
F0
88
88
88
F0
00
00
ENDCHAR
STARTCHAR U+1d07
ENCODING 7431
SWIDTH 500 0
DWIDTH 6 0
BBX 6 12 0 -2
BITMAP
00
00
00
00
00
F8
80
E0
80
F8
00
00
ENDCHAR
STARTCHAR U+a730
ENCODING 42800
SWIDTH 500 0
DWIDTH 6 0
BBX 6 12 0 -2
BITMAP
00
00
00
00
00
F8
80
E0
80
80
00
00
ENDCHAR
STARTCHAR U+0262
ENCODING 610
SWIDTH 500 0
DWIDTH 6 0
BBX 6 12 0 -2
BITMAP
00
00
00
00
00
78
80
98
88
70
00
00
ENDCHAR
STARTCHAR U+029c
ENCODING 668
SWIDTH 500 0
DWIDTH 6 0
BBX 6 12 0 -2
BITMAP
00
00
00
00
00
88
88
F8
88
88
00
00
ENDCHAR
STARTCHAR U+1d0a
ENCODING 7434
SWIDTH 500 0
DWIDTH 6 0
BBX 6 12 0 -2
BITMAP
00
00
00
00
00
08
08
08
88
70
00
00
ENDCHAR
STARTCHAR U+1d0b
ENCODING 7435
SWIDTH 500 0
DWIDTH 6 0
BBX 6 12 0 -2
BITMAP
00
00
00
00
00
88
90
E0
90
88
00
00
ENDCHAR
STARTCHAR U+029f
ENCODING 671
SWIDTH 500 0
DWIDTH 6 0
BBX 6 12 0 -2
BITMAP
00
00
00
00
00
80
80
80
80
F8
00
00
ENDCHAR
STARTCHAR U+1d0d
ENCODING 7437
SWIDTH 500 0
DWIDTH 6 0
BBX 6 12 0 -2
BITMAP
00
00
00
00
00
88
D8
A8
88
88
00
00
ENDCHAR
STARTCHAR U+0274
ENCODING 628
SWIDTH 500 0
DWIDTH 6 0
BBX 6 12 0 -2
BITMAP
00
00
00
00
00
88
C8
A8
98
88
00
00
ENDCHAR
STARTCHAR U+1d0f
ENCODING 7439
SWIDTH 500 0
DWIDTH 6 0
BBX 6 12 0 -2
BITMAP
00
00
00
00
00
70
88
88
88
70
00
00
ENDCHAR
STARTCHAR U+1d18
ENCODING 7448
SWIDTH 500 0
DWIDTH 6 0
BBX 6 12 0 -2
BITMAP
00
00
00
00
00
F0
88
F0
80
80
00
00
ENDCHAR
STARTCHAR U+a7af
ENCODING 42927
SWIDTH 500 0
DWIDTH 6 0
BBX 6 12 0 -2
BITMAP
00
00
00
00
00
70
88
88
90
68
00
00
ENDCHAR
STARTCHAR U+0280
ENCODING 640
SWIDTH 500 0
DWIDTH 6 0
BBX 6 12 0 -2
BITMAP
00
00
00
00
00
F0
88
F0
88
88
00
00
ENDCHAR
STARTCHAR U+a731
ENCODING 42801
SWIDTH 500 0
DWIDTH 6 0
BBX 6 12 0 -2
BITMAP
00
00
00
00
00
78
80
70
08
F0
00
00
ENDCHAR
STARTCHAR U+1d1b
ENCODING 7451
SWIDTH 500 0
DWIDTH 6 0
BBX 6 12 0 -2
BITMAP
00
00
00
00
00
F8
20
20
20
20
00
00
ENDCHAR
STARTCHAR U+1d1c
ENCODING 7452
SWIDTH 500 0
DWIDTH 6 0
BBX 6 12 0 -2
BITMAP
00
00
00
00
00
88
88
88
88
70
00
00
ENDCHAR
STARTCHAR U+1d20
ENCODING 7456
SWIDTH 500 0
DWIDTH 6 0
BBX 6 12 0 -2
BITMAP
00
00
00
00
00
88
88
88
50
20
00
00
ENDCHAR
STARTCHAR U+1d21
ENCODING 7457
SWIDTH 500 0
DWIDTH 6 0
BBX 6 12 0 -2
BITMAP
00
00
00
00
00
88
88
A8
D8
88
00
00
ENDCHAR
STARTCHAR U+028f
ENCODING 655
SWIDTH 500 0
DWIDTH 6 0
BBX 6 12 0 -2
BITMAP
00
00
00
00
00
88
50
20
20
20
00
00
ENDCHAR
STARTCHAR U+1d22
ENCODING 7458
SWIDTH 500 0
DWIDTH 6 0
BBX 6 12 0 -2
BITMAP
00
00
00
00
00
F8
10
20
40
F8
00
00
ENDCHAR
STARTCHAR U+00a7
ENCODING 167
SWIDTH 500 0
DWIDTH 6 0
BBX 6 12 0 -2
BITMAP
00
00
00
78
80
70
88
70
08
F0
00
00
ENDCHAR
STARTCHAR U+0271
ENCODING 625
SWIDTH 500 0
DWIDTH 6 0
BBX 6 12 0 -2
BITMAP
00
00
00
00
00
D0
A8
A8
88
88
10
00
ENDCHAR
STARTCHAR U+0273
ENCODING 627
SWIDTH 583 0
DWIDTH 7 0
BBX 7 12 0 -2
BITMAP
00
00
00
00
00
F0
88
88
88
88
04
00
ENDCHAR
STARTCHAR U+0272
ENCODING 626
SWIDTH 583 0
DWIDTH 7 0
BBX 7 12 0 -2
BITMAP
00
00
00
00
00
78
44
44
44
44
80
00
ENDCHAR
STARTCHAR U+0288
ENCODING 648
SWIDTH 333 0
DWIDTH 4 0
BBX 4 12 0 -2
BITMAP
00
00
00
40
40
E0
40
40
40
40
20
00
ENDCHAR
STARTCHAR U+0256
ENCODING 598
SWIDTH 583 0
DWIDTH 7 0
BBX 7 12 0 -2
BITMAP
00
00
00
08
08
68
98
88
88
78
04
00
ENDCHAR
STARTCHAR U+0261
ENCODING 609
SWIDTH 500 0
DWIDTH 6 0
BBX 6 12 0 -2
BITMAP
00
00
00
00
00
78
88
88
78
08
F0
00
ENDCHAR
STARTCHAR U+02a1
ENCODING 673
SWIDTH 500 0
DWIDTH 6 0
BBX 6 12 0 -2
BITMAP
00
00
00
70
88
08
30
20
F8
20
00
00
ENDCHAR
STARTCHAR U+0255
ENCODING 597
SWIDTH 500 0
DWIDTH 6 0
BBX 6 12 0 -2
BITMAP
00
00
00
00
00
70
80
90
A8
70
20
00
ENDCHAR
STARTCHAR U+0291
ENCODING 657
SWIDTH 500 0
DWIDTH 6 0
BBX 6 12 0 -2
BITMAP
00
00
00
00
00
F0
20
50
A8
F0
20
00
ENDCHAR
STARTCHAR U+0278
ENCODING 632
SWIDTH 500 0
DWIDTH 6 0
BBX 6 12 0 -2
BITMAP
00
00
00
00
20
70
A8
A8
A8
70
20
00
ENDCHAR
STARTCHAR U+029d
ENCODING 669
SWIDTH 500 0
DWIDTH 6 0
BBX 6 12 0 -2
BITMAP
00
00
00
10
00
10
10
10
78
90
60
00
ENDCHAR
STARTCHAR U+02a2
ENCODING 674
SWIDTH 500 0
DWIDTH 6 0
BBX 6 12 0 -2
BITMAP
00
00
00
70
88
80
60
20
F8
20
00
00
ENDCHAR
STARTCHAR U+027b
ENCODING 635
SWIDTH 583 0
DWIDTH 7 0
BBX 7 12 0 -2
BITMAP
00
00
00
00
00
08
08
08
98
68
04
00
ENDCHAR
STARTCHAR U+0281
ENCODING 641
SWIDTH 500 0
DWIDTH 6 0
BBX 6 12 0 -2
BITMAP
00
00
00
00
00
88
88
F0
88
F0
00
00
ENDCHAR
STARTCHAR U+0266
ENCODING 614
SWIDTH 500 0
DWIDTH 6 0
BBX 6 12 0 -2
BITMAP
00
00
00
78
80
B0
C8
88
88
88
00
00
ENDCHAR
STARTCHAR U+028b
ENCODING 651
SWIDTH 500 0
DWIDTH 6 0
BBX 6 12 0 -2
BITMAP
00
00
00
00
00
90
88
88
88
70
00
00
ENDCHAR
STARTCHAR U+0270
ENCODING 624
SWIDTH 500 0
DWIDTH 6 0
BBX 6 12 0 -2
BITMAP
00
00
00
00
00
88
88
A8
A8
58
08
00
ENDCHAR
STARTCHAR U+026c
ENCODING 620
SWIDTH 416 0
DWIDTH 5 0
BBX 5 12 0 -2
BITMAP
00
00
00
20
20
60
A0
70
20
10
00
00
ENDCHAR
STARTCHAR U+026e
ENCODING 622
SWIDTH 500 0
DWIDTH 6 0
BBX 6 12 0 -2
BITMAP
00
00
00
80
80
F8
88
B0
88
88
30
00
ENDCHAR
STARTCHAR U+0298
ENCODING 664
SWIDTH 500 0
DWIDTH 6 0
BBX 6 12 0 -2
BITMAP
00
00
00
70
88
88
A8
88
88
70
00
00
ENDCHAR
STARTCHAR U+01c0
ENCODING 448
SWIDTH 166 0
DWIDTH 2 0
BBX 2 12 0 -2
BITMAP
00
00
00
80
80
80
80
80
80
80
00
00
ENDCHAR
STARTCHAR U+01c3
ENCODING 451
SWIDTH 166 0
DWIDTH 2 0
BBX 2 12 0 -2
BITMAP
00
00
00
80
80
80
80
80
00
80
00
00
ENDCHAR
STARTCHAR U+01c2
ENCODING 450
SWIDTH 500 0
DWIDTH 6 0
BBX 6 12 0 -2
BITMAP
00
00
00
20
20
F8
20
F8
20
20
00
00
ENDCHAR
STARTCHAR U+01c1
ENCODING 449
SWIDTH 333 0
DWIDTH 4 0
BBX 4 12 0 -2
BITMAP
00
00
00
A0
A0
A0
A0
A0
A0
A0
00
00
ENDCHAR
STARTCHAR U+0253
ENCODING 595
SWIDTH 500 0
DWIDTH 6 0
BBX 6 12 0 -2
BITMAP
00
00
00
70
80
B0
C8
88
88
F0
00
00
ENDCHAR
STARTCHAR U+0257
ENCODING 599
SWIDTH 583 0
DWIDTH 7 0
BBX 7 12 0 -2
BITMAP
00
00
00
04
08
68
98
88
88
78
00
00
ENDCHAR
STARTCHAR U+1d91
ENCODING 7569
SWIDTH 583 0
DWIDTH 7 0
BBX 7 12 0 -2
BITMAP
00
00
00
04
08
68
98
88
88
78
04
00
ENDCHAR
STARTCHAR U+0284
ENCODING 644
SWIDTH 583 0
DWIDTH 7 0
BBX 7 12 0 -2
BITMAP
00
00
00
04
08
08
08
08
9C
88
70
00
ENDCHAR
STARTCHAR U+0260
ENCODING 608
SWIDTH 583 0
DWIDTH 7 0
BBX 7 12 0 -2
BITMAP
00
00
00
04
08
78
88
88
78
08
F0
00
ENDCHAR
STARTCHAR U+029b
ENCODING 667
SWIDTH 583 0
DWIDTH 7 0
BBX 7 12 0 -2
BITMAP
00
00
00
04
08
78
80
98
88
70
00
00
ENDCHAR
STARTCHAR U+0267
ENCODING 615
SWIDTH 500 0
DWIDTH 6 0
BBX 6 12 0 -2
BITMAP
00
00
00
78
80
B0
C8
88
88
88
30
00
ENDCHAR
STARTCHAR U+026b
ENCODING 619
SWIDTH 500 0
DWIDTH 6 0
BBX 6 12 0 -2
BITMAP
00
00
00
20
20
68
B0
20
20
10
00
00
ENDCHAR
STARTCHAR U+0268
ENCODING 616
SWIDTH 333 0
DWIDTH 4 0
BBX 4 12 0 -2
BITMAP
00
00
00
40
00
40
40
E0
40
40
00
00
ENDCHAR
STARTCHAR U+0289
ENCODING 649
SWIDTH 666 0
DWIDTH 8 0
BBX 8 12 0 -2
BITMAP
00
00
00
00
00
44
44
FE
44
3C
00
00
ENDCHAR
STARTCHAR U+028a
ENCODING 650
SWIDTH 500 0
DWIDTH 6 0
BBX 6 12 0 -2
BITMAP
00
00
00
00
00
D8
50
88
88
70
00
00
ENDCHAR
STARTCHAR U+0258
ENCODING 600
SWIDTH 500 0
DWIDTH 6 0
BBX 6 12 0 -2
BITMAP
00
00
00
00
00
70
88
F8
08
F0
00
00
ENDCHAR
STARTCHAR U+0275
ENCODING 629
SWIDTH 500 0
DWIDTH 6 0
BBX 6 12 0 -2
BITMAP
00
00
00
00
00
70
88
F8
88
70
00
00
ENDCHAR
STARTCHAR U+0264
ENCODING 612
SWIDTH 500 0
DWIDTH 6 0
BBX 6 12 0 -2
BITMAP
00
00
00
00
00
D8
20
50
50
20
00
00
ENDCHAR
STARTCHAR U+025c
ENCODING 604
SWIDTH 500 0
DWIDTH 6 0
BBX 6 12 0 -2
BITMAP
00
00
00
00
00
F0
08
30
08
F0
00
00
ENDCHAR
STARTCHAR U+025e
ENCODING 606
SWIDTH 500 0
DWIDTH 6 0
BBX 6 12 0 -2
BITMAP
00
00
00
00
00
70
88
B0
88
70
00
00
ENDCHAR
STARTCHAR U+0251
ENCODING 593
SWIDTH 500 0
DWIDTH 6 0
BBX 6 12 0 -2
BITMAP
00
00
00
00
00
68
98
88
88
78
00
00
ENDCHAR
STARTCHAR U+0252
ENCODING 594
SWIDTH 500 0
DWIDTH 6 0
BBX 6 12 0 -2
BITMAP
00
00
00
00
00
F0
88
88
C8
B0
00
00
ENDCHAR
STARTCHAR U+025a
ENCODING 602
SWIDTH 666 0
DWIDTH 8 0
BBX 8 12 0 -2
BITMAP
00
00
00
00
00
F0
0C
FA
88
70
00
00
ENDCHAR
STARTCHAR U+025d
ENCODING 605
SWIDTH 666 0
DWIDTH 8 0
BBX 8 12 0 -2
BITMAP
00
00
00
00
00
F0
0C
32
08
F0
00
00
ENDCHAR
STARTCHAR U+0181
ENCODING 385
SWIDTH 666 0
DWIDTH 8 0
BBX 8 12 0 -2
BITMAP
00
00
00
7C
A2
3C
22
22
22
3C
00
00
ENDCHAR
STARTCHAR U+0189
ENCODING 393
SWIDTH 583 0
DWIDTH 7 0
BBX 7 12 0 -2
BITMAP
00
00
00
78
44
E4
44
44
44
78
00
00
ENDCHAR
STARTCHAR U+0191
ENCODING 401
SWIDTH 583 0
DWIDTH 7 0
BBX 7 12 0 -2
BITMAP
00
00
00
7C
40
70
40
40
40
40
80
00
ENDCHAR
STARTCHAR U+01a9
ENCODING 425
SWIDTH 500 0
DWIDTH 6 0
BBX 6 12 0 -2
BITMAP
00
00
00
F8
80
40
20
40
80
F8
00
00
ENDCHAR
STARTCHAR U+01b2
ENCODING 434
SWIDTH 500 0
DWIDTH 6 0
BBX 6 12 0 -2
BITMAP
00
00
00
90
88
88
88
88
90
E0
00
00
ENDCHAR
STARTCHAR U+10a0
ENCODING 4256
SWIDTH 500 0
DWIDTH 6 0
BBX 6 12 0 -2
BITMAP
00
00
00
F8
40
80
80
80
88
70
00
00
ENDCHAR
STARTCHAR U+10a1
ENCODING 4257
SWIDTH 666 0
DWIDTH 8 0
BBX 8 12 0 -2
BITMAP
00
00
00
48
88
88
78
08
08
0E
00
00
ENDCHAR
STARTCHAR U+10a2
ENCODING 4258
SWIDTH 666 0
DWIDTH 8 0
BBX 8 12 0 -2
BITMAP
00
00
00
F8
88
08
08
08
08
0E
00
00
ENDCHAR
STARTCHAR U+10a3
ENCODING 4259
SWIDTH 500 0
DWIDTH 6 0
BBX 6 12 0 -2
BITMAP
00
00
00
F8
20
70
88
88
88
70
00
00
ENDCHAR
STARTCHAR U+10a4
ENCODING 4260
SWIDTH 500 0
DWIDTH 6 0
BBX 6 12 0 -2
BITMAP
00
00
00
F8
88
08
08
08
08
08
00
00
ENDCHAR
STARTCHAR U+10a5
ENCODING 4261
SWIDTH 666 0
DWIDTH 8 0
BBX 8 12 0 -2
BITMAP
00
00
00
F8
88
0E
0A
08
08
08
00
00
ENDCHAR
STARTCHAR U+10a6
ENCODING 4262
SWIDTH 666 0
DWIDTH 8 0
BBX 8 12 0 -2
BITMAP
00
00
00
E0
20
2C
32
22
22
1C
00
00
ENDCHAR
STARTCHAR U+10a7
ENCODING 4263
SWIDTH 666 0
DWIDTH 8 0
BBX 8 12 0 -2
BITMAP
00
00
00
78
88
8E
8A
88
88
78
00
00
ENDCHAR
STARTCHAR U+10a8
ENCODING 4264
SWIDTH 500 0
DWIDTH 6 0
BBX 6 12 0 -2
BITMAP
00
00
00
F8
08
08
08
08
08
08
00
00
ENDCHAR
STARTCHAR U+10a9
ENCODING 4265
SWIDTH 500 0
DWIDTH 6 0
BBX 6 12 0 -2
BITMAP
00
00
00
80
F0
88
88
88
78
08
00
00
ENDCHAR
STARTCHAR U+10aa
ENCODING 4266
SWIDTH 666 0
DWIDTH 8 0
BBX 8 12 0 -2
BITMAP
00
00
00
E0
A0
2C
32
22
22
1C
00
00
ENDCHAR
STARTCHAR U+10ab
ENCODING 4267
SWIDTH 583 0
DWIDTH 7 0
BBX 7 12 0 -2
BITMAP
00
00
00
F8
08
7C
88
88
88
70
00
00
ENDCHAR
STARTCHAR U+10ac
ENCODING 4268
SWIDTH 500 0
DWIDTH 6 0
BBX 6 12 0 -2
BITMAP
00
00
00
F8
80
F0
88
88
88
88
00
00
ENDCHAR
STARTCHAR U+10ad
ENCODING 4269
SWIDTH 666 0
DWIDTH 8 0
BBX 8 12 0 -2
BITMAP
00
00
00
70
88
88
88
88
92
6C
00
00
ENDCHAR
STARTCHAR U+10ae
ENCODING 4270
SWIDTH 666 0
DWIDTH 8 0
BBX 8 12 0 -2
BITMAP
00
00
00
E2
22
22
22
22
22
1C
00
00
ENDCHAR
STARTCHAR U+10af
ENCODING 4271
SWIDTH 583 0
DWIDTH 7 0
BBX 7 12 0 -2
BITMAP
00
00
00
C4
44
44
3C
04
04
04
00
00
ENDCHAR
STARTCHAR U+10b0
ENCODING 4272
SWIDTH 666 0
DWIDTH 8 0
BBX 8 12 0 -2
BITMAP
00
00
00
08
08
0E
0A
88
88
70
00
00
ENDCHAR
STARTCHAR U+10b1
ENCODING 4273
SWIDTH 500 0
DWIDTH 6 0
BBX 6 12 0 -2
BITMAP
00
00
00
80
80
80
80
88
88
70
00
00
ENDCHAR
STARTCHAR U+10b2
ENCODING 4274
SWIDTH 500 0
DWIDTH 6 0
BBX 6 12 0 -2
BITMAP
00
00
00
F0
88
F0
80
80
80
F8
00
00
ENDCHAR
STARTCHAR U+10b3
ENCODING 4275
SWIDTH 666 0
DWIDTH 8 0
BBX 8 12 0 -2
BITMAP
00
00
00
70
88
88
88
88
8C
72
00
00
ENDCHAR
STARTCHAR U+10b4
ENCODING 4276
SWIDTH 500 0
DWIDTH 6 0
BBX 6 12 0 -2
BITMAP
00
00
00
70
A8
A8
A8
70
20
20
00
00
ENDCHAR
STARTCHAR U+10b5
ENCODING 4277
SWIDTH 500 0
DWIDTH 6 0
BBX 6 12 0 -2
BITMAP
00
00
00
20
A0
F8
28
20
20
20
00
00
ENDCHAR
STARTCHAR U+10b6
ENCODING 4278
SWIDTH 500 0
DWIDTH 6 0
BBX 6 12 0 -2
BITMAP
00
00
00
70
88
88
88
88
88
88
00
00
ENDCHAR
STARTCHAR U+10b7
ENCODING 4279
SWIDTH 500 0
DWIDTH 6 0
BBX 6 12 0 -2
BITMAP
00
00
00
88
88
88
78
08
08
08
00
00
ENDCHAR
STARTCHAR U+10b8
ENCODING 4280
SWIDTH 500 0
DWIDTH 6 0
BBX 6 12 0 -2
BITMAP
00
00
00
88
88
88
78
08
88
70
00
00
ENDCHAR
STARTCHAR U+10b9
ENCODING 4281
SWIDTH 500 0
DWIDTH 6 0
BBX 6 12 0 -2
BITMAP
00
00
00
80
80
F0
88
88
88
88
00
00
ENDCHAR
STARTCHAR U+10ba
ENCODING 4282
SWIDTH 500 0
DWIDTH 6 0
BBX 6 12 0 -2
BITMAP
00
00
00
70
88
80
80
80
88
78
08
00
ENDCHAR
STARTCHAR U+10bb
ENCODING 4283
SWIDTH 666 0
DWIDTH 8 0
BBX 8 12 0 -2
BITMAP
00
00
00
08
08
7E
8A
88
88
78
00
00
ENDCHAR
STARTCHAR U+10bc
ENCODING 4284
SWIDTH 500 0
DWIDTH 6 0
BBX 6 12 0 -2
BITMAP
00
00
00
F0
88
F0
80
E0
A0
80
00
00
ENDCHAR
STARTCHAR U+10bd
ENCODING 4285
SWIDTH 500 0
DWIDTH 6 0
BBX 6 12 0 -2
BITMAP
00
00
00
78
80
70
08
08
88
70
00
00
ENDCHAR
STARTCHAR U+10be
ENCODING 4286
SWIDTH 500 0
DWIDTH 6 0
BBX 6 12 0 -2
BITMAP
00
00
00
88
88
88
F0
80
80
F8
00
00
ENDCHAR
STARTCHAR U+10bf
ENCODING 4287
SWIDTH 500 0
DWIDTH 6 0
BBX 6 12 0 -2
BITMAP
00
00
00
F8
88
50
50
20
50
48
80
00
ENDCHAR
STARTCHAR U+10c0
ENCODING 4288
SWIDTH 666 0
DWIDTH 8 0
BBX 8 12 0 -2
BITMAP
00
00
00
E0
A0
20
20
22
22
1C
00
00
ENDCHAR
STARTCHAR U+10c1
ENCODING 4289
SWIDTH 500 0
DWIDTH 6 0
BBX 6 12 0 -2
BITMAP
00
00
00
80
80
F0
88
80
80
80
00
00
ENDCHAR
STARTCHAR U+10c2
ENCODING 4290
SWIDTH 500 0
DWIDTH 6 0
BBX 6 12 0 -2
BITMAP
00
00
00
80
F0
08
08
08
88
70
00
00
ENDCHAR
STARTCHAR U+10c3
ENCODING 4291
SWIDTH 500 0
DWIDTH 6 0
BBX 6 12 0 -2
BITMAP
00
00
00
48
88
88
78
08
08
08
00
00
ENDCHAR
STARTCHAR U+10c4
ENCODING 4292
SWIDTH 500 0
DWIDTH 6 0
BBX 6 12 0 -2
BITMAP
00
00
00
88
88
88
70
20
20
20
00
00
ENDCHAR
STARTCHAR U+10c5
ENCODING 4293
SWIDTH 666 0
DWIDTH 8 0
BBX 8 12 0 -2
BITMAP
00
00
00
1C
12
1C
10
7C
90
70
00
00
ENDCHAR
STARTCHAR U+10c7
ENCODING 4295
SWIDTH 500 0
DWIDTH 6 0
BBX 6 12 0 -2
BITMAP
00
00
00
F0
08
70
80
80
88
70
00
00
ENDCHAR
STARTCHAR U+10cd
ENCODING 4301
SWIDTH 500 0
DWIDTH 6 0
BBX 6 12 0 -2
BITMAP
00
00
00
F8
08
10
20
40
80
F8
00
00
ENDCHAR
STARTCHAR U+10d0
ENCODING 4304
SWIDTH 500 0
DWIDTH 6 0
BBX 6 12 0 -2
BITMAP
00
00
00
00
00
20
30
08
88
70
00
00
ENDCHAR
STARTCHAR U+10d1
ENCODING 4305
SWIDTH 500 0
DWIDTH 6 0
BBX 6 12 0 -2
BITMAP
00
00
00
E0
20
20
70
88
88
70
00
00
ENDCHAR
STARTCHAR U+10d2
ENCODING 4306
SWIDTH 500 0
DWIDTH 6 0
BBX 6 12 0 -2
BITMAP
00
00
00
00
00
E0
10
70
88
88
70
00
ENDCHAR
STARTCHAR U+10d3
ENCODING 4307
SWIDTH 500 0
DWIDTH 6 0
BBX 6 12 0 -2
BITMAP
00
00
00
00
00
50
A8
90
40
E0
10
00
ENDCHAR
STARTCHAR U+10d4
ENCODING 4308
SWIDTH 500 0
DWIDTH 6 0
BBX 6 12 0 -2
BITMAP
00
00
00
00
00
70
88
08
08
88
70
00
ENDCHAR
STARTCHAR U+10d5
ENCODING 4309
SWIDTH 500 0
DWIDTH 6 0
BBX 6 12 0 -2
BITMAP
00
00
00
00
00
70
88
30
08
88
70
00
ENDCHAR
STARTCHAR U+10d6
ENCODING 4310
SWIDTH 500 0
DWIDTH 6 0
BBX 6 12 0 -2
BITMAP
00
00
00
40
A0
A0
70
28
28
10
00
00
ENDCHAR
STARTCHAR U+10d7
ENCODING 4311
SWIDTH 500 0
DWIDTH 6 0
BBX 6 12 0 -2
BITMAP
00
00
00
00
00
50
A8
A8
A8
48
00
00
ENDCHAR
STARTCHAR U+10d8
ENCODING 4312
SWIDTH 500 0
DWIDTH 6 0
BBX 6 12 0 -2
BITMAP
00
00
00
00
00
70
88
88
88
50
00
00
ENDCHAR
STARTCHAR U+10d9
ENCODING 4313
SWIDTH 500 0
DWIDTH 6 0
BBX 6 12 0 -2
BITMAP
00
00
00
00
00
10
08
10
08
88
70
00
ENDCHAR
STARTCHAR U+10da
ENCODING 4314
SWIDTH 666 0
DWIDTH 8 0
BBX 8 12 0 -2
BITMAP
00
00
00
00
00
54
AA
82
60
98
04
00
ENDCHAR
STARTCHAR U+10db
ENCODING 4315
SWIDTH 500 0
DWIDTH 6 0
BBX 6 12 0 -2
BITMAP
00
00
00
70
08
68
98
88
88
70
00
00
ENDCHAR
STARTCHAR U+10dc
ENCODING 4316
SWIDTH 500 0
DWIDTH 6 0
BBX 6 12 0 -2
BITMAP
00
00
00
F8
80
B0
C8
88
88
70
00
00
ENDCHAR
STARTCHAR U+10dd
ENCODING 4317
SWIDTH 500 0
DWIDTH 6 0
BBX 6 12 0 -2
BITMAP
00
00
00
00
00
50
A8
A8
88
50
00
00
ENDCHAR
STARTCHAR U+10de
ENCODING 4318
SWIDTH 500 0
DWIDTH 6 0
BBX 6 12 0 -2
BITMAP
00
00
00
80
70
08
08
30
08
88
70
00
ENDCHAR
STARTCHAR U+10df
ENCODING 4319
SWIDTH 500 0
DWIDTH 6 0
BBX 6 12 0 -2
BITMAP
00
00
00
00
00
38
A8
48
08
88
70
00
ENDCHAR
STARTCHAR U+10e0
ENCODING 4320
SWIDTH 500 0
DWIDTH 6 0
BBX 6 12 0 -2
BITMAP
00
00
00
08
70
80
D0
A8
88
50
00
00
ENDCHAR
STARTCHAR U+10e1
ENCODING 4321
SWIDTH 500 0
DWIDTH 6 0
BBX 6 12 0 -2
BITMAP
00
00
00
80
80
90
88
88
88
70
00
00
ENDCHAR
STARTCHAR U+10e2
ENCODING 4322
SWIDTH 500 0
DWIDTH 6 0
BBX 6 12 0 -2
BITMAP
00
00
00
00
20
50
30
A8
88
88
70
00
ENDCHAR
STARTCHAR U+10e3
ENCODING 4323
SWIDTH 500 0
DWIDTH 6 0
BBX 6 12 0 -2
BITMAP
00
00
00
00
00
50
A8
08
08
88
70
00
ENDCHAR
STARTCHAR U+10e4
ENCODING 4324
SWIDTH 500 0
DWIDTH 6 0
BBX 6 12 0 -2
BITMAP
00
00
00
00
00
50
A8
48
10
48
30
00
ENDCHAR
STARTCHAR U+10e5
ENCODING 4325
SWIDTH 500 0
DWIDTH 6 0
BBX 6 12 0 -2
BITMAP
00
00
00
08
08
08
38
48
08
88
70
00
ENDCHAR
STARTCHAR U+10e6
ENCODING 4326
SWIDTH 500 0
DWIDTH 6 0
BBX 6 12 0 -2
BITMAP
00
00
00
00
00
50
A8
88
40
E0
10
00
ENDCHAR
STARTCHAR U+10e7
ENCODING 4327
SWIDTH 500 0
DWIDTH 6 0
BBX 6 12 0 -2
BITMAP
00
00
00
00
00
48
88
88
78
08
F0
00
ENDCHAR
STARTCHAR U+10e8
ENCODING 4328
SWIDTH 500 0
DWIDTH 6 0
BBX 6 12 0 -2
BITMAP
00
00
00
50
A8
08
38
48
48
30
00
00
ENDCHAR
STARTCHAR U+10e9
ENCODING 4329
SWIDTH 500 0
DWIDTH 6 0
BBX 6 12 0 -2
BITMAP
00
00
00
60
90
E0
80
F0
88
88
00
00
ENDCHAR
STARTCHAR U+10ea
ENCODING 4330
SWIDTH 500 0
DWIDTH 6 0
BBX 6 12 0 -2
BITMAP
00
00
00
00
00
50
88
90
88
88
70
00
ENDCHAR
STARTCHAR U+10eb
ENCODING 4331
SWIDTH 500 0
DWIDTH 6 0
BBX 6 12 0 -2
BITMAP
00
00
00
08
08
68
98
88
88
70
00
00
ENDCHAR
STARTCHAR U+10ec
ENCODING 4332
SWIDTH 500 0
DWIDTH 6 0
BBX 6 12 0 -2
BITMAP
00
00
00
50
A8
80
F0
88
50
50
20
00
ENDCHAR
STARTCHAR U+10ed
ENCODING 4333
SWIDTH 500 0
DWIDTH 6 0
BBX 6 12 0 -2
BITMAP
00
00
00
E0
10
38
50
38
10
88
70
00
ENDCHAR
STARTCHAR U+10ee
ENCODING 4334
SWIDTH 500 0
DWIDTH 6 0
BBX 6 12 0 -2
BITMAP
00
00
00
80
80
80
F0
88
88
70
00
00
ENDCHAR
STARTCHAR U+10ef
ENCODING 4335
SWIDTH 416 0
DWIDTH 5 0
BBX 5 12 0 -2
BITMAP
00
00
00
20
20
70
20
20
10
90
60
00
ENDCHAR
STARTCHAR U+10f0
ENCODING 4336
SWIDTH 500 0
DWIDTH 6 0
BBX 6 12 0 -2
BITMAP
00
00
00
30
08
30
08
30
88
70
00
00
ENDCHAR
STARTCHAR U+10f1
ENCODING 4337
SWIDTH 583 0
DWIDTH 7 0
BBX 7 12 0 -2
BITMAP
00
00
00
48
A4
A8
C4
88
84
78
00
00
ENDCHAR
STARTCHAR U+10f2
ENCODING 4338
SWIDTH 500 0
DWIDTH 6 0
BBX 6 12 0 -2
BITMAP
00
00
00
00
00
70
88
88
50
20
50
00
ENDCHAR
STARTCHAR U+10f3
ENCODING 4339
SWIDTH 500 0
DWIDTH 6 0
BBX 6 12 0 -2
BITMAP
00
00
00
00
00
F8
10
30
08
88
70
00
ENDCHAR
STARTCHAR U+10f4
ENCODING 4340
SWIDTH 500 0
DWIDTH 6 0
BBX 6 12 0 -2
BITMAP
00
00
00
60
80
70
08
30
08
88
70
00
ENDCHAR
STARTCHAR U+10f5
ENCODING 4341
SWIDTH 500 0
DWIDTH 6 0
BBX 6 12 0 -2
BITMAP
00
00
00
60
90
78
10
78
90
90
60
00
ENDCHAR
STARTCHAR U+10f6
ENCODING 4342
SWIDTH 500 0
DWIDTH 6 0
BBX 6 12 0 -2
BITMAP
00
00
00
C0
20
70
A8
A8
70
20
18
00
ENDCHAR
STARTCHAR U+10f7
ENCODING 4343
SWIDTH 500 0
DWIDTH 6 0
BBX 6 12 0 -2
BITMAP
00
00
00
00
00
F0
08
70
80
88
70
00
ENDCHAR
STARTCHAR U+10f8
ENCODING 4344
SWIDTH 500 0
DWIDTH 6 0
BBX 6 12 0 -2
BITMAP
00
00
00
00
00
90
88
88
F0
80
78
00
ENDCHAR
STARTCHAR U+10f9
ENCODING 4345
SWIDTH 500 0
DWIDTH 6 0
BBX 6 12 0 -2
BITMAP
00
00
00
00
00
70
88
88
70
20
18
00
ENDCHAR
STARTCHAR U+10fa
ENCODING 4346
SWIDTH 500 0
DWIDTH 6 0
BBX 6 12 0 -2
BITMAP
00
00
00
00
00
70
88
80
40
F0
08
00
ENDCHAR
STARTCHAR U+10fb
ENCODING 4347
SWIDTH 333 0
DWIDTH 4 0
BBX 4 12 0 -2
BITMAP
00
00
00
00
00
00
80
20
80
00
00
00
ENDCHAR
STARTCHAR U+10fc
ENCODING 4348
SWIDTH 333 0
DWIDTH 4 0
BBX 4 12 0 -2
BITMAP
00
00
00
E0
80
C0
A0
C0
00
00
00
00
ENDCHAR
STARTCHAR U+10fd
ENCODING 4349
SWIDTH 500 0
DWIDTH 6 0
BBX 6 12 0 -2
BITMAP
00
00
00
00
00
78
80
70
08
88
70
00
ENDCHAR
STARTCHAR U+10fe
ENCODING 4350
SWIDTH 500 0
DWIDTH 6 0
BBX 6 12 0 -2
BITMAP
00
00
00
00
00
D8
20
50
88
88
70
00
ENDCHAR
STARTCHAR U+10ff
ENCODING 4351
SWIDTH 500 0
DWIDTH 6 0
BBX 6 12 0 -2
BITMAP
00
00
00
00
00
70
88
88
88
70
00
00
ENDCHAR
STARTCHAR U+fb4a
ENCODING 64330
SWIDTH 500 0
DWIDTH 6 0
BBX 6 12 0 -2
BITMAP
00
00
00
00
00
F0
48
68
48
C8
00
00
ENDCHAR
STARTCHAR U+fb2b
ENCODING 64299
SWIDTH 500 0
DWIDTH 6 0
BBX 6 12 0 -2
BITMAP
00
00
00
80
00
A8
A8
C8
88
78
00
00
ENDCHAR
STARTCHAR U+fb4e
ENCODING 64334
SWIDTH 500 0
DWIDTH 6 0
BBX 6 12 0 -2
BITMAP
00
00
00
70
00
F0
88
E8
08
F0
00
00
ENDCHAR
STARTCHAR U+fb44
ENCODING 64324
SWIDTH 500 0
DWIDTH 6 0
BBX 6 12 0 -2
BITMAP
00
00
00
00
00
F0
88
A8
08
F0
00
00
ENDCHAR
STARTCHAR U+fb3b
ENCODING 64315
SWIDTH 416 0
DWIDTH 5 0
BBX 5 12 0 -2
BITMAP
00
00
00
00
00
E0
10
50
10
E0
00
00
ENDCHAR
STARTCHAR U+fb1f
ENCODING 64287
SWIDTH 333 0
DWIDTH 4 0
BBX 4 12 0 -2
BITMAP
00
00
00
00
00
A0
A0
00
E0
00
00
00
ENDCHAR
STARTCHAR U+fb1d
ENCODING 64285
SWIDTH 166 0
DWIDTH 2 0
BBX 2 12 0 -2
BITMAP
00
00
00
00
00
80
80
00
80
00
00
00
ENDCHAR
STARTCHAR U+fb4b
ENCODING 64331
SWIDTH 250 0
DWIDTH 3 0
BBX 3 12 0 -2
BITMAP
00
00
00
40
00
80
80
80
80
80
00
00
ENDCHAR
STARTCHAR U+fb35
ENCODING 64309
SWIDTH 333 0
DWIDTH 4 0
BBX 4 12 0 -2
BITMAP
00
00
00
00
00
20
20
A0
20
20
00
00
ENDCHAR
STARTCHAR U+fb4c
ENCODING 64332
SWIDTH 500 0
DWIDTH 6 0
BBX 6 12 0 -2
BITMAP
00
00
00
E0
00
E0
10
10
10
F8
00
00
ENDCHAR
STARTCHAR U+fb31
ENCODING 64305
SWIDTH 500 0
DWIDTH 6 0
BBX 6 12 0 -2
BITMAP
00
00
00
00
00
E0
10
50
10
F8
00
00
ENDCHAR
STARTCHAR U+a727
ENCODING 42791
SWIDTH 500 0
DWIDTH 6 0
BBX 6 12 0 -2
BITMAP
00
00
00
80
80
B0
C8
88
88
88
30
00
ENDCHAR
STARTCHAR U+a726
ENCODING 42790
SWIDTH 500 0
DWIDTH 6 0
BBX 6 12 0 -2
BITMAP
00
00
00
88
88
F8
88
88
88
88
30
00
ENDCHAR
STARTCHAR U+027a
ENCODING 634
SWIDTH 500 0
DWIDTH 6 0
BBX 6 12 0 -2
BITMAP
00
00
00
08
08
08
08
08
98
68
00
00
ENDCHAR
STARTCHAR U+2c71
ENCODING 11377
SWIDTH 666 0
DWIDTH 8 0
BBX 8 12 0 -2
BITMAP
00
00
00
00
00
8C
8A
88
50
20
00
00
ENDCHAR
STARTCHAR U+02a0
ENCODING 672
SWIDTH 583 0
DWIDTH 7 0
BBX 7 12 0 -2
BITMAP
00
00
00
04
08
68
98
88
78
08
08
00
ENDCHAR
STARTCHAR U+0297
ENCODING 663
SWIDTH 500 0
DWIDTH 6 0
BBX 6 12 0 -2
BITMAP
00
00
00
00
00
70
88
80
80
88
70
00
ENDCHAR
STARTCHAR U+0296
ENCODING 662
SWIDTH 500 0
DWIDTH 6 0
BBX 6 12 0 -2
BITMAP
00
00
00
20
20
30
08
08
88
70
00
00
ENDCHAR
STARTCHAR U+026d
ENCODING 621
SWIDTH 250 0
DWIDTH 3 0
BBX 3 12 0 -2
BITMAP
00
00
00
80
80
80
80
80
80
80
40
00
ENDCHAR
STARTCHAR U+0277
ENCODING 631
SWIDTH 666 0
DWIDTH 8 0
BBX 8 12 0 -2
BITMAP
00
00
00
00
00
7C
82
92
92
6C
00
00
ENDCHAR
STARTCHAR U+027f
ENCODING 639
SWIDTH 500 0
DWIDTH 6 0
BBX 6 12 0 -2
BITMAP
00
00
00
00
00
70
88
08
08
08
08
00
ENDCHAR
STARTCHAR U+0285
ENCODING 645
SWIDTH 500 0
DWIDTH 6 0
BBX 6 12 0 -2
BITMAP
00
00
00
00
00
C0
20
20
20
20
18
00
ENDCHAR
STARTCHAR U+0286
ENCODING 646
SWIDTH 583 0
DWIDTH 7 0
BBX 7 12 0 -2
BITMAP
00
00
00
0C
10
10
10
10
78
90
60
00
ENDCHAR
STARTCHAR U+0293
ENCODING 659
SWIDTH 500 0
DWIDTH 6 0
BBX 6 12 0 -2
BITMAP
00
00
00
00
00
F8
08
30
48
A8
70
00
ENDCHAR
STARTCHAR U+029a
ENCODING 666
SWIDTH 500 0
DWIDTH 6 0
BBX 6 12 0 -2
BITMAP
00
00
00
00
00
70
88
68
88
70
00
00
ENDCHAR
STARTCHAR U+20aa
ENCODING 8362
SWIDTH 666 0
DWIDTH 8 0
BBX 8 12 0 -2
BITMAP
00
00
00
00
00
F2
8A
AA
A2
9E
00
00
ENDCHAR
STARTCHAR U+20be
ENCODING 8382
SWIDTH 583 0
DWIDTH 7 0
BBX 7 12 0 -2
BITMAP
00
00
00
28
7C
A8
A8
80
40
FC
00
00
ENDCHAR
STARTCHAR U+058a
ENCODING 1418
SWIDTH 500 0
DWIDTH 6 0
BBX 6 12 0 -2
BITMAP
00
00
00
00
00
80
78
00
00
00
00
00
ENDCHAR
STARTCHAR U+2d00
ENCODING 11520
SWIDTH 500 0
DWIDTH 6 0
BBX 6 12 0 -2
BITMAP
00
00
00
00
00
F0
88
80
80
F8
00
00
ENDCHAR
STARTCHAR U+2d01
ENCODING 11521
SWIDTH 583 0
DWIDTH 7 0
BBX 7 12 0 -2
BITMAP
00
00
00
00
00
88
88
88
78
04
78
00
ENDCHAR
STARTCHAR U+2d02
ENCODING 11522
SWIDTH 583 0
DWIDTH 7 0
BBX 7 12 0 -2
BITMAP
00
00
00
00
00
F0
88
88
88
04
78
00
ENDCHAR
STARTCHAR U+2d03
ENCODING 11523
SWIDTH 500 0
DWIDTH 6 0
BBX 6 12 0 -2
BITMAP
00
00
00
70
20
70
88
88
88
70
00
00
ENDCHAR
STARTCHAR U+2d04
ENCODING 11524
SWIDTH 500 0
DWIDTH 6 0
BBX 6 12 0 -2
BITMAP
00
00
00
00
00
F0
88
88
88
88
08
00
ENDCHAR
STARTCHAR U+2d05
ENCODING 11525
SWIDTH 500 0
DWIDTH 6 0
BBX 6 12 0 -2
BITMAP
00
00
00
00
00
D0
A8
A8
A8
A8
20
00
ENDCHAR
STARTCHAR U+2d06
ENCODING 11526
SWIDTH 583 0
DWIDTH 7 0
BBX 7 12 0 -2
BITMAP
00
00
00
C0
40
78
44
44
44
78
00
00
ENDCHAR
STARTCHAR U+2d21
ENCODING 11553
SWIDTH 500 0
DWIDTH 6 0
BBX 6 12 0 -2
BITMAP
00
00
00
80
80
F0
88
80
80
80
80
00
ENDCHAR
STARTCHAR U+2d07
ENCODING 11527
SWIDTH 500 0
DWIDTH 6 0
BBX 6 12 0 -2
BITMAP
00
00
00
00
00
D0
A8
A8
A8
C8
00
00
ENDCHAR
STARTCHAR U+2d08
ENCODING 11528
SWIDTH 500 0
DWIDTH 6 0
BBX 6 12 0 -2
BITMAP
00
00
00
00
00
F0
88
88
08
08
00
00
ENDCHAR
STARTCHAR U+2d09
ENCODING 11529
SWIDTH 500 0
DWIDTH 6 0
BBX 6 12 0 -2
BITMAP
00
00
00
80
F0
88
88
88
78
08
08
00
ENDCHAR
STARTCHAR U+2d0a
ENCODING 11530
SWIDTH 500 0
DWIDTH 6 0
BBX 6 12 0 -2
BITMAP
00
00
00
00
00
D0
A8
A8
A8
98
00
00
ENDCHAR
STARTCHAR U+2d0b
ENCODING 11531
SWIDTH 500 0
DWIDTH 6 0
BBX 6 12 0 -2
BITMAP
00
00
00
F0
08
78
88
88
88
70
00
00
ENDCHAR
STARTCHAR U+2d0c
ENCODING 11532
SWIDTH 500 0
DWIDTH 6 0
BBX 6 12 0 -2
BITMAP
00
00
00
78
80
F0
88
88
88
88
00
00
ENDCHAR
STARTCHAR U+2d22
ENCODING 11554
SWIDTH 500 0
DWIDTH 6 0
BBX 6 12 0 -2
BITMAP
00
00
00
00
00
F0
08
88
88
70
00
00
ENDCHAR
STARTCHAR U+2d0d
ENCODING 11533
SWIDTH 500 0
DWIDTH 6 0
BBX 6 12 0 -2
BITMAP
00
00
00
00
00
A8
A8
A8
A8
58
00
00
ENDCHAR
STARTCHAR U+2d0e
ENCODING 11534
SWIDTH 583 0
DWIDTH 7 0
BBX 7 12 0 -2
BITMAP
00
00
00
00
00
C4
44
44
44
3C
00
00
ENDCHAR
STARTCHAR U+2d0f
ENCODING 11535
SWIDTH 583 0
DWIDTH 7 0
BBX 7 12 0 -2
BITMAP
00
00
00
04
04
C4
44
44
3C
04
04
00
ENDCHAR
STARTCHAR U+2d10
ENCODING 11536
SWIDTH 500 0
DWIDTH 6 0
BBX 6 12 0 -2
BITMAP
00
00
00
20
20
B0
A8
A8
A8
68
00
00
ENDCHAR
STARTCHAR U+2d11
ENCODING 11537
SWIDTH 500 0
DWIDTH 6 0
BBX 6 12 0 -2
BITMAP
00
00
00
80
80
88
88
88
88
78
00
00
ENDCHAR
STARTCHAR U+2d12
ENCODING 11538
SWIDTH 500 0
DWIDTH 6 0
BBX 6 12 0 -2
BITMAP
00
00
00
00
00
B0
C8
88
F0
80
78
00
ENDCHAR
STARTCHAR U+2d23
ENCODING 11555
SWIDTH 500 0
DWIDTH 6 0
BBX 6 12 0 -2
BITMAP
00
00
00
08
08
88
88
88
88
78
08
00
ENDCHAR
STARTCHAR U+2d13
ENCODING 11539
SWIDTH 500 0
DWIDTH 6 0
BBX 6 12 0 -2
BITMAP
00
00
00
08
08
A8
A8
A8
A8
58
08
00
ENDCHAR
STARTCHAR U+2d14
ENCODING 11540
SWIDTH 500 0
DWIDTH 6 0
BBX 6 12 0 -2
BITMAP
00
00
00
00
00
50
A8
A8
A8
70
20
00
ENDCHAR
STARTCHAR U+2d15
ENCODING 11541
SWIDTH 500 0
DWIDTH 6 0
BBX 6 12 0 -2
BITMAP
00
00
00
20
20
F8
20
20
20
20
20
00
ENDCHAR
STARTCHAR U+2d16
ENCODING 11542
SWIDTH 500 0
DWIDTH 6 0
BBX 6 12 0 -2
BITMAP
00
00
00
00
00
F0
88
88
88
88
00
00
ENDCHAR
STARTCHAR U+2d17
ENCODING 11543
SWIDTH 500 0
DWIDTH 6 0
BBX 6 12 0 -2
BITMAP
00
00
00
00
00
88
88
88
88
78
08
00
ENDCHAR
STARTCHAR U+2d18
ENCODING 11544
SWIDTH 500 0
DWIDTH 6 0
BBX 6 12 0 -2
BITMAP
00
00
00
00
00
88
88
88
78
08
F0
00
ENDCHAR
STARTCHAR U+2d19
ENCODING 11545
SWIDTH 500 0
DWIDTH 6 0
BBX 6 12 0 -2
BITMAP
00
00
00
80
80
F0
88
88
88
88
80
00
ENDCHAR
STARTCHAR U+2d1a
ENCODING 11546
SWIDTH 500 0
DWIDTH 6 0
BBX 6 12 0 -2
BITMAP
00
00
00
00
00
F0
88
88
88
80
78
00
ENDCHAR
STARTCHAR U+2d1b
ENCODING 11547
SWIDTH 500 0
DWIDTH 6 0
BBX 6 12 0 -2
BITMAP
00
00
00
20
20
70
A8
A8
A8
68
00
00
ENDCHAR
STARTCHAR U+2d1c
ENCODING 11548
SWIDTH 500 0
DWIDTH 6 0
BBX 6 12 0 -2
BITMAP
00
00
00
00
00
D0
A8
A8
A8
A8
80
00
ENDCHAR
STARTCHAR U+2d1d
ENCODING 11549
SWIDTH 583 0
DWIDTH 7 0
BBX 7 12 0 -2
BITMAP
00
00
00
00
00
F0
88
80
F8
04
78
00
ENDCHAR
STARTCHAR U+2d1e
ENCODING 11550
SWIDTH 500 0
DWIDTH 6 0
BBX 6 12 0 -2
BITMAP
00
00
00
00
00
88
88
88
F0
80
78
00
ENDCHAR
STARTCHAR U+2d24
ENCODING 11556
SWIDTH 500 0
DWIDTH 6 0
BBX 6 12 0 -2
BITMAP
00
00
00
00
00
88
88
88
70
20
20
00
ENDCHAR
STARTCHAR U+2d1f
ENCODING 11551
SWIDTH 500 0
DWIDTH 6 0
BBX 6 12 0 -2
BITMAP
00
00
00
00
00
F8
88
50
20
58
80
00
ENDCHAR
STARTCHAR U+2d20
ENCODING 11552
SWIDTH 500 0
DWIDTH 6 0
BBX 6 12 0 -2
BITMAP
00
00
00
00
00
C8
A8
A8
A8
98
00
00
ENDCHAR
STARTCHAR U+2d25
ENCODING 11557
SWIDTH 500 0
DWIDTH 6 0
BBX 6 12 0 -2
BITMAP
00
00
00
38
20
60
B0
A8
A8
68
00
00
ENDCHAR
STARTCHAR U+215b
ENCODING 8539
SWIDTH 750 0
DWIDTH 9 0
BBX 9 12 0 -2
BITMAP
0000
0000
0000
2200
6400
2400
2980
1680
1500
2700
0000
0000
ENDCHAR
STARTCHAR U+215c
ENCODING 8540
SWIDTH 750 0
DWIDTH 9 0
BBX 9 12 0 -2
BITMAP
0000
0000
0000
7200
2400
1400
6980
1680
1500
2700
0000
0000
ENDCHAR
STARTCHAR U+215d
ENCODING 8541
SWIDTH 750 0
DWIDTH 9 0
BBX 9 12 0 -2
BITMAP
0000
0000
0000
7200
6400
1400
6980
1680
1500
2700
0000
0000
ENDCHAR
STARTCHAR U+215e
ENCODING 8542
SWIDTH 750 0
DWIDTH 9 0
BBX 9 12 0 -2
BITMAP
0000
0000
0000
7200
1400
2400
2980
1680
1500
2700
0000
0000
ENDCHAR
STARTCHAR U+2153
ENCODING 8531
SWIDTH 750 0
DWIDTH 9 0
BBX 9 12 0 -2
BITMAP
0000
0000
0000
2200
6400
2400
2B80
1100
1080
2300
0000
0000
ENDCHAR
STARTCHAR U+2154
ENCODING 8532
SWIDTH 750 0
DWIDTH 9 0
BBX 9 12 0 -2
BITMAP
0000
0000
0000
6200
2400
4400
6B80
1100
1080
2300
0000
0000
ENDCHAR
STARTCHAR U+2709
ENCODING 9993
SWIDTH 666 0
DWIDTH 8 0
BBX 8 12 0 -2
BITMAP
00
00
00
00
FE
C6
AA
92
82
FE
00
00
ENDCHAR
STARTCHAR U+2602
ENCODING 9730
SWIDTH 666 0
DWIDTH 8 0
BBX 8 12 0 -2
BITMAP
00
00
00
38
44
82
FE
10
10
50
20
00
ENDCHAR
STARTCHAR U+2614
ENCODING 9748
SWIDTH 666 0
DWIDTH 8 0
BBX 8 12 0 -2
BITMAP
00
00
00
24
BA
44
82
FE
10
50
20
00
ENDCHAR
STARTCHAR U+2604
ENCODING 9732
SWIDTH 666 0
DWIDTH 8 0
BBX 8 12 0 -2
BITMAP
00
00
00
12
24
08
62
94
90
60
00
00
ENDCHAR
STARTCHAR U+26c4
ENCODING 9924
SWIDTH 583 0
DWIDTH 7 0
BBX 7 12 0 -2
BITMAP
00
00
00
30
48
48
78
A4
A4
84
78
00
ENDCHAR
STARTCHAR U+2603
ENCODING 9731
SWIDTH 666 0
DWIDTH 8 0
BBX 8 12 0 -2
BITMAP
00
00
00
5A
24
26
BC
52
52
42
3C
00
ENDCHAR
STARTCHAR U+231b
ENCODING 8987
SWIDTH 666 0
DWIDTH 8 0
BBX 8 12 0 -2
BITMAP
00
00
00
FE
44
44
28
44
44
FE
00
00
ENDCHAR
STARTCHAR U+231a
ENCODING 8986
SWIDTH 666 0
DWIDTH 8 0
BBX 8 12 0 -2
BITMAP
00
00
00
7C
92
92
9A
82
82
7C
00
00
ENDCHAR
STARTCHAR U+2690
ENCODING 9872
SWIDTH 666 0
DWIDTH 8 0
BBX 8 12 0 -2
BITMAP
00
00
00
E6
9A
82
82
E6
98
80
80
00
ENDCHAR
STARTCHAR U+270e
ENCODING 9998
SWIDTH 666 0
DWIDTH 8 0
BBX 8 12 0 -2
BITMAP
00
00
00
20
50
A8
44
22
16
0E
00
00
ENDCHAR
STARTCHAR U+2763
ENCODING 10083
SWIDTH 500 0
DWIDTH 6 0
BBX 6 12 0 -2
BITMAP
00
00
00
50
F8
F8
70
20
00
20
00
00
ENDCHAR
STARTCHAR U+2664
ENCODING 9828
SWIDTH 500 0
DWIDTH 6 0
BBX 6 12 0 -2
BITMAP
00
00
00
00
20
50
88
D8
20
70
00
00
ENDCHAR
STARTCHAR U+2667
ENCODING 9831
SWIDTH 500 0
DWIDTH 6 0
BBX 6 12 0 -2
BITMAP
00
00
00
00
70
50
88
D8
20
70
00
00
ENDCHAR
STARTCHAR U+2661
ENCODING 9825
SWIDTH 500 0
DWIDTH 6 0
BBX 6 12 0 -2
BITMAP
00
00
00
00
50
A8
88
88
50
20
00
00
ENDCHAR
STARTCHAR U+2662
ENCODING 9826
SWIDTH 500 0
DWIDTH 6 0
BBX 6 12 0 -2
BITMAP
00
00
00
00
20
50
88
88
50
20
00
00
ENDCHAR
STARTCHAR U+26c8
ENCODING 9928
SWIDTH 750 0
DWIDTH 9 0
BBX 9 12 0 -2
BITMAP
0000
0000
0000
0600
0900
3100
4080
4480
3F00
0200
0400
0000
ENDCHAR
STARTCHAR U+2630
ENCODING 9776
SWIDTH 500 0
DWIDTH 6 0
BBX 6 12 0 -2
BITMAP
00
00
00
00
F8
00
F8
00
F8
00
00
00
ENDCHAR
STARTCHAR U+2631
ENCODING 9777
SWIDTH 500 0
DWIDTH 6 0
BBX 6 12 0 -2
BITMAP
00
00
00
00
D8
00
F8
00
F8
00
00
00
ENDCHAR
STARTCHAR U+2633
ENCODING 9779
SWIDTH 500 0
DWIDTH 6 0
BBX 6 12 0 -2
BITMAP
00
00
00
00
D8
00
D8
00
F8
00
00
00
ENDCHAR
STARTCHAR U+2634
ENCODING 9780
SWIDTH 500 0
DWIDTH 6 0
BBX 6 12 0 -2
BITMAP
00
00
00
00
F8
00
F8
00
D8
00
00
00
ENDCHAR
STARTCHAR U+2636
ENCODING 9782
SWIDTH 500 0
DWIDTH 6 0
BBX 6 12 0 -2
BITMAP
00
00
00
00
F8
00
D8
00
D8
00
00
00
ENDCHAR
STARTCHAR U+2637
ENCODING 9783
SWIDTH 500 0
DWIDTH 6 0
BBX 6 12 0 -2
BITMAP
00
00
00
00
D8
00
D8
00
D8
00
00
00
ENDCHAR
STARTCHAR U+2194
ENCODING 8596
SWIDTH 750 0
DWIDTH 9 0
BBX 9 12 0 -2
BITMAP
0000
0000
0000
0000
1200
3300
7F80
3300
1200
0000
0000
0000
ENDCHAR
STARTCHAR U+21d2
ENCODING 8658
SWIDTH 750 0
DWIDTH 9 0
BBX 9 12 0 -2
BITMAP
0000
0000
0000
0000
0200
7F00
0080
7F00
0200
0000
0000
0000
ENDCHAR
STARTCHAR U+21cf
ENCODING 8655
SWIDTH 750 0
DWIDTH 9 0
BBX 9 12 0 -2
BITMAP
0000
0000
0000
0000
0A00
7F00
1080
7F00
2200
0000
0000
0000
ENDCHAR
STARTCHAR U+21d4
ENCODING 8660
SWIDTH 750 0
DWIDTH 9 0
BBX 9 12 0 -2
BITMAP
0000
0000
0000
0000
1200
3F00
4080
3F00
1200
0000
0000
0000
ENDCHAR
STARTCHAR U+21f5
ENCODING 8693
SWIDTH 583 0
DWIDTH 7 0
BBX 7 12 0 -2
BITMAP
00
00
00
48
5C
48
48
48
E8
48
00
00
ENDCHAR
STARTCHAR U+2200
ENCODING 8704
SWIDTH 666 0
DWIDTH 8 0
BBX 8 12 0 -2
BITMAP
00
00
00
82
82
7C
44
28
28
10
00
00
ENDCHAR
STARTCHAR U+2203
ENCODING 8707
SWIDTH 500 0
DWIDTH 6 0
BBX 6 12 0 -2
BITMAP
00
00
00
F8
08
08
F8
08
08
F8
00
00
ENDCHAR
STARTCHAR U+2204
ENCODING 8708
SWIDTH 500 0
DWIDTH 6 0
BBX 6 12 0 -2
BITMAP
00
00
00
F8
28
28
F8
48
48
F8
80
00
ENDCHAR
STARTCHAR U+2209
ENCODING 8713
SWIDTH 500 0
DWIDTH 6 0
BBX 6 12 0 -2
BITMAP
00
00
00
38
48
90
F8
A0
40
B8
00
00
ENDCHAR
STARTCHAR U+220b
ENCODING 8715
SWIDTH 500 0
DWIDTH 6 0
BBX 6 12 0 -2
BITMAP
00
00
00
E0
10
08
F8
08
10
E0
00
00
ENDCHAR
STARTCHAR U+220c
ENCODING 8716
SWIDTH 500 0
DWIDTH 6 0
BBX 6 12 0 -2
BITMAP
00
00
00
E8
10
28
F8
48
90
E0
00
00
ENDCHAR
STARTCHAR U+2282
ENCODING 8834
SWIDTH 500 0
DWIDTH 6 0
BBX 6 12 0 -2
BITMAP
00
00
00
38
40
80
80
80
40
38
00
00
ENDCHAR
STARTCHAR U+2283
ENCODING 8835
SWIDTH 500 0
DWIDTH 6 0
BBX 6 12 0 -2
BITMAP
00
00
00
E0
10
08
08
08
10
E0
00
00
ENDCHAR
STARTCHAR U+2284
ENCODING 8836
SWIDTH 500 0
DWIDTH 6 0
BBX 6 12 0 -2
BITMAP
00
00
00
38
48
90
A0
C0
40
B8
00
00
ENDCHAR
STARTCHAR U+2285
ENCODING 8837
SWIDTH 500 0
DWIDTH 6 0
BBX 6 12 0 -2
BITMAP
00
00
00
E8
10
18
28
48
90
E0
00
00
ENDCHAR
STARTCHAR U+2227
ENCODING 8743
SWIDTH 500 0
DWIDTH 6 0
BBX 6 12 0 -2
BITMAP
00
00
00
00
20
50
50
88
88
00
00
00
ENDCHAR
STARTCHAR U+2228
ENCODING 8744
SWIDTH 500 0
DWIDTH 6 0
BBX 6 12 0 -2
BITMAP
00
00
00
00
88
88
50
50
20
00
00
00
ENDCHAR
STARTCHAR U+22bb
ENCODING 8891
SWIDTH 500 0
DWIDTH 6 0
BBX 6 12 0 -2
BITMAP
00
00
00
00
88
50
20
00
F8
00
00
00
ENDCHAR
STARTCHAR U+22bc
ENCODING 8892
SWIDTH 500 0
DWIDTH 6 0
BBX 6 12 0 -2
BITMAP
00
00
00
00
F8
00
20
50
88
00
00
00
ENDCHAR
STARTCHAR U+22bd
ENCODING 8893
SWIDTH 500 0
DWIDTH 6 0
BBX 6 12 0 -2
BITMAP
00
00
00
00
F8
00
88
50
20
00
00
00
ENDCHAR
STARTCHAR U+2225
ENCODING 8741
SWIDTH 333 0
DWIDTH 4 0
BBX 4 12 0 -2
BITMAP
00
00
00
A0
A0
A0
A0
A0
A0
A0
00
00
ENDCHAR
STARTCHAR U+2262
ENCODING 8802
SWIDTH 583 0
DWIDTH 7 0
BBX 7 12 0 -2
BITMAP
00
00
00
08
FC
10
FC
20
FC
40
00
00
ENDCHAR
STARTCHAR U+22c6
ENCODING 8902
SWIDTH 333 0
DWIDTH 4 0
BBX 4 12 0 -2
BITMAP
00
00
00
00
00
A0
40
A0
00
00
00
00
ENDCHAR
STARTCHAR U+2211
ENCODING 8721
SWIDTH 500 0
DWIDTH 6 0
BBX 6 12 0 -2
BITMAP
00
00
00
F8
80
40
20
40
80
F8
00
00
ENDCHAR
STARTCHAR U+22a4
ENCODING 8868
SWIDTH 500 0
DWIDTH 6 0
BBX 6 12 0 -2
BITMAP
00
00
00
00
F8
20
20
20
20
00
00
00
ENDCHAR
STARTCHAR U+22a5
ENCODING 8869
SWIDTH 500 0
DWIDTH 6 0
BBX 6 12 0 -2
BITMAP
00
00
00
00
20
20
20
20
F8
00
00
00
ENDCHAR
STARTCHAR U+22a2
ENCODING 8866
SWIDTH 500 0
DWIDTH 6 0
BBX 6 12 0 -2
BITMAP
00
00
00
00
80
80
F8
80
80
00
00
00
ENDCHAR
STARTCHAR U+22a8
ENCODING 8872
SWIDTH 500 0
DWIDTH 6 0
BBX 6 12 0 -2
BITMAP
00
00
00
00
80
F8
80
F8
80
00
00
00
ENDCHAR
STARTCHAR U+2254
ENCODING 8788
SWIDTH 666 0
DWIDTH 8 0
BBX 8 12 0 -2
BITMAP
00
00
00
00
00
BE
00
BE
00
00
00
00
ENDCHAR
STARTCHAR U+2201
ENCODING 8705
SWIDTH 416 0
DWIDTH 5 0
BBX 5 12 0 -2
BITMAP
00
00
00
60
90
80
80
80
90
60
00
00
ENDCHAR
STARTCHAR U+2234
ENCODING 8756
SWIDTH 500 0
DWIDTH 6 0
BBX 6 12 0 -2
BITMAP
00
00
00
00
20
00
00
00
88
00
00
00
ENDCHAR
STARTCHAR U+2235
ENCODING 8757
SWIDTH 500 0
DWIDTH 6 0
BBX 6 12 0 -2
BITMAP
00
00
00
00
88
00
00
00
20
00
00
00
ENDCHAR
STARTCHAR U+221b
ENCODING 8731
SWIDTH 666 0
DWIDTH 8 0
BBX 8 12 0 -2
BITMAP
00
00
00
EE
48
28
C8
08
28
18
00
00
ENDCHAR
STARTCHAR U+221c
ENCODING 8732
SWIDTH 666 0
DWIDTH 8 0
BBX 8 12 0 -2
BITMAP
00
00
00
6E
A8
E8
28
08
28
18
00
00
ENDCHAR
STARTCHAR U+2202
ENCODING 8706
SWIDTH 500 0
DWIDTH 6 0
BBX 6 12 0 -2
BITMAP
00
00
00
30
48
08
78
88
90
60
00
00
ENDCHAR
STARTCHAR U+22c3
ENCODING 8899
SWIDTH 500 0
DWIDTH 6 0
BBX 6 12 0 -2
BITMAP
00
00
00
88
88
88
88
88
88
70
00
00
ENDCHAR
STARTCHAR U+2286
ENCODING 8838
SWIDTH 500 0
DWIDTH 6 0
BBX 6 12 0 -2
BITMAP
00
00
00
78
80
80
80
78
00
F8
00
00
ENDCHAR
STARTCHAR U+2287
ENCODING 8839
SWIDTH 500 0
DWIDTH 6 0
BBX 6 12 0 -2
BITMAP
00
00
00
F0
08
08
08
F0
00
F8
00
00
ENDCHAR
STARTCHAR U+25a1
ENCODING 9633
SWIDTH 500 0
DWIDTH 6 0
BBX 6 12 0 -2
BITMAP
00
00
00
00
F8
88
88
88
F8
00
00
00
ENDCHAR
STARTCHAR U+25b3
ENCODING 9651
SWIDTH 500 0
DWIDTH 6 0
BBX 6 12 0 -2
BITMAP
00
00
00
20
20
50
50
88
F8
00
00
00
ENDCHAR
STARTCHAR U+25b7
ENCODING 9655
SWIDTH 583 0
DWIDTH 7 0
BBX 7 12 0 -2
BITMAP
00
00
00
00
C0
B0
8C
B0
C0
00
00
00
ENDCHAR
STARTCHAR U+25bd
ENCODING 9661
SWIDTH 500 0
DWIDTH 6 0
BBX 6 12 0 -2
BITMAP
00
00
00
F8
88
50
50
20
20
00
00
00
ENDCHAR
STARTCHAR U+25c1
ENCODING 9665
SWIDTH 583 0
DWIDTH 7 0
BBX 7 12 0 -2
BITMAP
00
00
00
00
0C
34
C4
34
0C
00
00
00
ENDCHAR
STARTCHAR U+25c6
ENCODING 9670
SWIDTH 500 0
DWIDTH 6 0
BBX 6 12 0 -2
BITMAP
00
00
00
00
20
70
F8
70
20
00
00
00
ENDCHAR
STARTCHAR U+25c7
ENCODING 9671
SWIDTH 500 0
DWIDTH 6 0
BBX 6 12 0 -2
BITMAP
00
00
00
00
20
50
88
50
20
00
00
00
ENDCHAR
STARTCHAR U+25cb
ENCODING 9675
SWIDTH 500 0
DWIDTH 6 0
BBX 6 12 0 -2
BITMAP
00
00
00
00
70
88
88
88
70
00
00
00
ENDCHAR
STARTCHAR U+25ce
ENCODING 9678
SWIDTH 666 0
DWIDTH 8 0
BBX 8 12 0 -2
BITMAP
00
00
00
38
44
BA
AA
BA
44
38
00
00
ENDCHAR
STARTCHAR U+2606
ENCODING 9734
SWIDTH 666 0
DWIDTH 8 0
BBX 8 12 0 -2
BITMAP
00
00
00
10
28
C6
82
44
54
6C
00
00
ENDCHAR
STARTCHAR U+2605
ENCODING 9733
SWIDTH 666 0
DWIDTH 8 0
BBX 8 12 0 -2
BITMAP
00
00
00
10
38
FE
FE
7C
7C
6C
00
00
ENDCHAR
STARTCHAR U+2718
ENCODING 10008
SWIDTH 583 0
DWIDTH 7 0
BBX 7 12 0 -2
BITMAP
00
00
00
04
4C
78
30
78
C8
80
00
00
ENDCHAR
STARTCHAR U+2080
ENCODING 8320
SWIDTH 416 0
DWIDTH 5 0
BBX 5 12 0 -2
BITMAP
00
00
00
00
00
00
60
90
90
90
60
00
ENDCHAR
STARTCHAR U+2081
ENCODING 8321
SWIDTH 333 0
DWIDTH 4 0
BBX 4 12 0 -2
BITMAP
00
00
00
00
00
00
40
C0
40
40
E0
00
ENDCHAR
STARTCHAR U+2082
ENCODING 8322
SWIDTH 416 0
DWIDTH 5 0
BBX 5 12 0 -2
BITMAP
00
00
00
00
00
00
60
90
20
40
F0
00
ENDCHAR
STARTCHAR U+2083
ENCODING 8323
SWIDTH 416 0
DWIDTH 5 0
BBX 5 12 0 -2
BITMAP
00
00
00
00
00
00
60
90
20
90
60
00
ENDCHAR
STARTCHAR U+2084
ENCODING 8324
SWIDTH 416 0
DWIDTH 5 0
BBX 5 12 0 -2
BITMAP
00
00
00
00
00
00
30
50
90
F0
10
00
ENDCHAR
STARTCHAR U+2085
ENCODING 8325
SWIDTH 416 0
DWIDTH 5 0
BBX 5 12 0 -2
BITMAP
00
00
00
00
00
00
F0
80
E0
10
E0
00
ENDCHAR
STARTCHAR U+2086
ENCODING 8326
SWIDTH 416 0
DWIDTH 5 0
BBX 5 12 0 -2
BITMAP
00
00
00
00
00
00
60
80
E0
90
60
00
ENDCHAR
STARTCHAR U+2087
ENCODING 8327
SWIDTH 416 0
DWIDTH 5 0
BBX 5 12 0 -2
BITMAP
00
00
00
00
00
00
F0
90
20
40
40
00
ENDCHAR
STARTCHAR U+2088
ENCODING 8328
SWIDTH 416 0
DWIDTH 5 0
BBX 5 12 0 -2
BITMAP
00
00
00
00
00
00
60
90
60
90
60
00
ENDCHAR
STARTCHAR U+2089
ENCODING 8329
SWIDTH 416 0
DWIDTH 5 0
BBX 5 12 0 -2
BITMAP
00
00
00
00
00
00
60
90
70
10
60
00
ENDCHAR
STARTCHAR U+208a
ENCODING 8330
SWIDTH 333 0
DWIDTH 4 0
BBX 4 12 0 -2
BITMAP
00
00
00
00
00
00
00
40
E0
40
00
00
ENDCHAR
STARTCHAR U+208b
ENCODING 8331
SWIDTH 333 0
DWIDTH 4 0
BBX 4 12 0 -2
BITMAP
00
00
00
00
00
00
00
00
E0
00
00
00
ENDCHAR
STARTCHAR U+208c
ENCODING 8332
SWIDTH 333 0
DWIDTH 4 0
BBX 4 12 0 -2
BITMAP
00
00
00
00
00
00
00
E0
00
E0
00
00
ENDCHAR
STARTCHAR U+208d
ENCODING 8333
SWIDTH 250 0
DWIDTH 3 0
BBX 3 12 0 -2
BITMAP
00
00
00
00
00
00
40
80
80
80
40
00
ENDCHAR
STARTCHAR U+208e
ENCODING 8334
SWIDTH 250 0
DWIDTH 3 0
BBX 3 12 0 -2
BITMAP
00
00
00
00
00
00
80
40
40
40
80
00
ENDCHAR
STARTCHAR U+222b
ENCODING 8747
SWIDTH 500 0
DWIDTH 6 0
BBX 6 12 0 -2
BITMAP
00
00
00
18
20
20
20
20
20
20
C0
00
ENDCHAR
STARTCHAR U+222e
ENCODING 8750
SWIDTH 500 0
DWIDTH 6 0
BBX 6 12 0 -2
BITMAP
00
00
00
18
20
70
A8
70
20
20
C0
00
ENDCHAR
STARTCHAR U+221d
ENCODING 8733
SWIDTH 583 0
DWIDTH 7 0
BBX 7 12 0 -2
BITMAP
00
00
00
00
00
6C
90
90
6C
00
00
00
ENDCHAR
STARTCHAR U+2300
ENCODING 8960
SWIDTH 666 0
DWIDTH 8 0
BBX 8 12 0 -2
BITMAP
00
00
00
3A
44
8A
92
A2
44
B8
00
00
ENDCHAR
STARTCHAR U+2302
ENCODING 8962
SWIDTH 666 0
DWIDTH 8 0
BBX 8 12 0 -2
BITMAP
00
00
00
10
28
44
82
82
82
FE
00
00
ENDCHAR
STARTCHAR U+2318
ENCODING 8984
SWIDTH 666 0
DWIDTH 8 0
BBX 8 12 0 -2
BITMAP
00
00
00
44
AA
7C
28
7C
AA
44
00
00
ENDCHAR
STARTCHAR U+3012
ENCODING 12306
SWIDTH 500 0
DWIDTH 6 0
BBX 6 12 0 -2
BITMAP
00
00
00
00
F8
00
F8
20
20
20
00
00
ENDCHAR
STARTCHAR U+027c
ENCODING 636
SWIDTH 500 0
DWIDTH 6 0
BBX 6 12 0 -2
BITMAP
00
00
00
00
00
B0
C8
80
80
80
80
00
ENDCHAR
STARTCHAR U+0184
ENCODING 388
SWIDTH 583 0
DWIDTH 7 0
BBX 7 12 0 -2
BITMAP
00
00
00
40
C0
40
78
44
44
78
00
00
ENDCHAR
STARTCHAR U+0185
ENCODING 389
SWIDTH 583 0
DWIDTH 7 0
BBX 7 12 0 -2
BITMAP
00
00
00
40
C0
58
64
44
44
78
00
00
ENDCHAR
STARTCHAR U+1e9f
ENCODING 7839
SWIDTH 500 0
DWIDTH 6 0
BBX 6 12 0 -2
BITMAP
00
00
00
30
40
20
50
88
88
70
00
00
ENDCHAR
STARTCHAR U+023d
ENCODING 573
SWIDTH 583 0
DWIDTH 7 0
BBX 7 12 0 -2
BITMAP
00
00
00
40
40
40
E0
40
40
7C
00
00
ENDCHAR
STARTCHAR U+019a
ENCODING 410
SWIDTH 333 0
DWIDTH 4 0
BBX 4 12 0 -2
BITMAP
00
00
00
40
40
40
E0
40
40
20
00
00
ENDCHAR
STARTCHAR U+019b
ENCODING 411
SWIDTH 500 0
DWIDTH 6 0
BBX 6 12 0 -2
BITMAP
00
00
00
C0
20
70
20
50
88
88
00
00
ENDCHAR
STARTCHAR U+0220
ENCODING 544
SWIDTH 500 0
DWIDTH 6 0
BBX 6 12 0 -2
BITMAP
00
00
00
F0
88
88
88
88
88
88
08
00
ENDCHAR
STARTCHAR U+019e
ENCODING 414
SWIDTH 500 0
DWIDTH 6 0
BBX 6 12 0 -2
BITMAP
00
00
00
00
00
F0
88
88
88
88
08
00
ENDCHAR
STARTCHAR U+019f
ENCODING 415
SWIDTH 500 0
DWIDTH 6 0
BBX 6 12 0 -2
BITMAP
00
00
00
70
88
88
F8
88
88
70
00
00
ENDCHAR
STARTCHAR U+01a7
ENCODING 423
SWIDTH 500 0
DWIDTH 6 0
BBX 6 12 0 -2
BITMAP
00
00
00
F0
08
70
80
80
88
70
00
00
ENDCHAR
STARTCHAR U+01a8
ENCODING 424
SWIDTH 500 0
DWIDTH 6 0
BBX 6 12 0 -2
BITMAP
00
00
00
00
00
F0
08
70
80
78
00
00
ENDCHAR
STARTCHAR U+01aa
ENCODING 426
SWIDTH 500 0
DWIDTH 6 0
BBX 6 12 0 -2
BITMAP
00
00
00
40
A0
60
20
20
20
20
18
00
ENDCHAR
STARTCHAR U+01b8
ENCODING 440
SWIDTH 500 0
DWIDTH 6 0
BBX 6 12 0 -2
BITMAP
00
00
00
F8
80
60
80
80
80
88
70
00
ENDCHAR
STARTCHAR U+01b9
ENCODING 441
SWIDTH 500 0
DWIDTH 6 0
BBX 6 12 0 -2
BITMAP
00
00
00
00
00
F8
80
60
80
88
70
00
ENDCHAR
STARTCHAR U+01bb
ENCODING 443
SWIDTH 500 0
DWIDTH 6 0
BBX 6 12 0 -2
BITMAP
00
00
00
70
88
10
F8
40
88
F8
00
00
ENDCHAR
STARTCHAR U+01bc
ENCODING 444
SWIDTH 500 0
DWIDTH 6 0
BBX 6 12 0 -2
BITMAP
00
00
00
F8
40
70
08
08
88
70
00
00
ENDCHAR
STARTCHAR U+01bd
ENCODING 445
SWIDTH 500 0
DWIDTH 6 0
BBX 6 12 0 -2
BITMAP
00
00
00
00
00
F8
40
70
08
F0
00
00
ENDCHAR
STARTCHAR U+01be
ENCODING 446
SWIDTH 500 0
DWIDTH 6 0
BBX 6 12 0 -2
BITMAP
00
00
00
40
40
E0
40
30
08
F0
00
00
ENDCHAR
STARTCHAR U+0221
ENCODING 545
SWIDTH 666 0
DWIDTH 8 0
BBX 8 12 0 -2
BITMAP
00
00
00
08
08
68
98
88
8C
7A
04
00
ENDCHAR
STARTCHAR U+0234
ENCODING 564
SWIDTH 333 0
DWIDTH 4 0
BBX 4 12 0 -2
BITMAP
00
00
00
80
80
80
80
80
C0
A0
40
00
ENDCHAR
STARTCHAR U+0235
ENCODING 565
SWIDTH 666 0
DWIDTH 8 0
BBX 8 12 0 -2
BITMAP
00
00
00
00
00
F0
88
88
8C
8A
04
00
ENDCHAR
STARTCHAR U+0236
ENCODING 566
SWIDTH 416 0
DWIDTH 5 0
BBX 5 12 0 -2
BITMAP
00
00
00
40
40
E0
40
60
50
20
00
00
ENDCHAR
STARTCHAR U+023a
ENCODING 570
SWIDTH 500 0
DWIDTH 6 0
BBX 6 12 0 -2
BITMAP
00
00
00
70
98
F8
A8
C8
C8
88
00
00
ENDCHAR
STARTCHAR U+2c65
ENCODING 11365
SWIDTH 583 0
DWIDTH 7 0
BBX 7 12 0 -2
BITMAP
00
00
00
00
00
74
18
78
C8
78
00
00
ENDCHAR
STARTCHAR U+023b
ENCODING 571
SWIDTH 500 0
DWIDTH 6 0
BBX 6 12 0 -2
BITMAP
00
00
00
70
88
90
A0
C0
88
70
00
00
ENDCHAR
STARTCHAR U+023c
ENCODING 572
SWIDTH 500 0
DWIDTH 6 0
BBX 6 12 0 -2
BITMAP
00
00
00
00
00
70
98
A0
C8
70
00
00
ENDCHAR
STARTCHAR U+0246
ENCODING 582
SWIDTH 500 0
DWIDTH 6 0
BBX 6 12 0 -2
BITMAP
00
00
00
F8
88
F0
A0
C0
80
F8
00
00
ENDCHAR
STARTCHAR U+0247
ENCODING 583
SWIDTH 583 0
DWIDTH 7 0
BBX 7 12 0 -2
BITMAP
00
00
00
00
00
38
4C
7C
60
BC
00
00
ENDCHAR
STARTCHAR U+023e
ENCODING 574
SWIDTH 500 0
DWIDTH 6 0
BBX 6 12 0 -2
BITMAP
00
00
00
F8
28
30
20
60
A0
20
00
00
ENDCHAR
STARTCHAR U+2c66
ENCODING 11366
SWIDTH 500 0
DWIDTH 6 0
BBX 6 12 0 -2
BITMAP
00
00
00
20
28
70
20
20
60
90
00
00
ENDCHAR
STARTCHAR U+0241
ENCODING 577
SWIDTH 500 0
DWIDTH 6 0
BBX 6 12 0 -2
BITMAP
00
00
00
70
88
08
08
30
20
20
00
00
ENDCHAR
STARTCHAR U+0242
ENCODING 578
SWIDTH 500 0
DWIDTH 6 0
BBX 6 12 0 -2
BITMAP
00
00
00
00
00
70
88
08
30
20
00
00
ENDCHAR
STARTCHAR U+0243
ENCODING 579
SWIDTH 583 0
DWIDTH 7 0
BBX 7 12 0 -2
BITMAP
00
00
00
78
44
78
44
F4
44
78
00
00
ENDCHAR
STARTCHAR U+0244
ENCODING 580
SWIDTH 666 0
DWIDTH 8 0
BBX 8 12 0 -2
BITMAP
00
00
00
44
44
FE
44
44
44
38
00
00
ENDCHAR
STARTCHAR U+0248
ENCODING 584
SWIDTH 583 0
DWIDTH 7 0
BBX 7 12 0 -2
BITMAP
00
00
00
08
08
1C
08
08
88
70
00
00
ENDCHAR
STARTCHAR U+0249
ENCODING 585
SWIDTH 583 0
DWIDTH 7 0
BBX 7 12 0 -2
BITMAP
00
00
00
08
00
08
1C
08
88
88
70
00
ENDCHAR
STARTCHAR U+024a
ENCODING 586
SWIDTH 583 0
DWIDTH 7 0
BBX 7 12 0 -2
BITMAP
00
00
00
78
88
88
88
88
98
68
04
00
ENDCHAR
STARTCHAR U+024b
ENCODING 587
SWIDTH 583 0
DWIDTH 7 0
BBX 7 12 0 -2
BITMAP
00
00
00
00
00
68
98
88
78
08
04
00
ENDCHAR
STARTCHAR U+024c
ENCODING 588
SWIDTH 583 0
DWIDTH 7 0
BBX 7 12 0 -2
BITMAP
00
00
00
78
44
F8
44
44
44
44
00
00
ENDCHAR
STARTCHAR U+024d
ENCODING 589
SWIDTH 583 0
DWIDTH 7 0
BBX 7 12 0 -2
BITMAP
00
00
00
00
00
58
64
40
E0
40
00
00
ENDCHAR
STARTCHAR U+024e
ENCODING 590
SWIDTH 666 0
DWIDTH 8 0
BBX 8 12 0 -2
BITMAP
00
00
00
44
FE
28
10
10
10
10
00
00
ENDCHAR
STARTCHAR U+024f
ENCODING 591
SWIDTH 666 0
DWIDTH 8 0
BBX 8 12 0 -2
BITMAP
00
00
00
00
00
44
FE
44
3C
04
78
00
ENDCHAR
STARTCHAR U+1e9c
ENCODING 7836
SWIDTH 416 0
DWIDTH 5 0
BBX 5 12 0 -2
BITMAP
00
00
00
30
40
C0
50
60
C0
40
00
00
ENDCHAR
STARTCHAR U+1e9d
ENCODING 7837
SWIDTH 416 0
DWIDTH 5 0
BBX 5 12 0 -2
BITMAP
00
00
00
30
40
F0
40
C0
40
40
00
00
ENDCHAR
STARTCHAR U+1efc
ENCODING 7932
SWIDTH 500 0
DWIDTH 6 0
BBX 6 12 0 -2
BITMAP
00
00
00
20
40
90
88
88
88
70
00
00
ENDCHAR
STARTCHAR U+1efd
ENCODING 7933
SWIDTH 416 0
DWIDTH 5 0
BBX 5 12 0 -2
BITMAP
00
00
00
40
80
A0
90
90
90
60
00
00
ENDCHAR
STARTCHAR U+1efe
ENCODING 7934
SWIDTH 500 0
DWIDTH 6 0
BBX 6 12 0 -2
BITMAP
00
00
00
88
50
20
20
60
A0
40
00
00
ENDCHAR
STARTCHAR U+1eff
ENCODING 7935
SWIDTH 583 0
DWIDTH 7 0
BBX 7 12 0 -2
BITMAP
00
00
00
00
00
44
44
3C
44
A4
78
00
ENDCHAR
STARTCHAR U+a7a8
ENCODING 42920
SWIDTH 583 0
DWIDTH 7 0
BBX 7 12 0 -2
BITMAP
00
00
00
78
80
74
18
28
88
70
00
00
ENDCHAR
STARTCHAR U+a7a9
ENCODING 42921
SWIDTH 500 0
DWIDTH 6 0
BBX 6 12 0 -2
BITMAP
00
00
00
00
00
78
90
70
28
F0
00
00
ENDCHAR
STARTCHAR U+10330
ENCODING 66352
SWIDTH 500 0
DWIDTH 6 0
BBX 6 12 0 -2
BITMAP
00
00
00
00
80
40
A0
90
90
88
80
00
ENDCHAR
STARTCHAR U+10331
ENCODING 66353
SWIDTH 500 0
DWIDTH 6 0
BBX 6 12 0 -2
BITMAP
00
00
00
00
90
90
E0
90
88
F0
00
00
ENDCHAR
STARTCHAR U+10332
ENCODING 66354
SWIDTH 500 0
DWIDTH 6 0
BBX 6 12 0 -2
BITMAP
00
00
00
00
F8
80
80
80
80
80
00
00
ENDCHAR
STARTCHAR U+10333
ENCODING 66355
SWIDTH 500 0
DWIDTH 6 0
BBX 6 12 0 -2
BITMAP
00
00
00
00
80
40
20
90
98
60
00
00
ENDCHAR
STARTCHAR U+10334
ENCODING 66356
SWIDTH 500 0
DWIDTH 6 0
BBX 6 12 0 -2
BITMAP
00
00
00
00
70
88
E0
80
88
70
00
00
ENDCHAR
STARTCHAR U+10335
ENCODING 66357
SWIDTH 500 0
DWIDTH 6 0
BBX 6 12 0 -2
BITMAP
00
00
00
00
88
88
88
88
88
78
00
00
ENDCHAR
STARTCHAR U+10336
ENCODING 66358
SWIDTH 500 0
DWIDTH 6 0
BBX 6 12 0 -2
BITMAP
00
00
00
00
F8
08
30
40
80
F8
00
00
ENDCHAR
STARTCHAR U+10337
ENCODING 66359
SWIDTH 500 0
DWIDTH 6 0
BBX 6 12 0 -2
BITMAP
00
00
00
80
F0
88
88
88
88
88
00
00
ENDCHAR
STARTCHAR U+10338
ENCODING 66360
SWIDTH 500 0
DWIDTH 6 0
BBX 6 12 0 -2
BITMAP
00
00
00
20
A8
A8
A8
A8
70
20
20
00
ENDCHAR
STARTCHAR U+10339
ENCODING 66361
SWIDTH 166 0
DWIDTH 2 0
BBX 2 12 0 -2
BITMAP
00
00
00
00
80
80
80
80
80
80
00
00
ENDCHAR
STARTCHAR U+1033a
ENCODING 66362
SWIDTH 500 0
DWIDTH 6 0
BBX 6 12 0 -2
BITMAP
00
00
00
00
90
90
E0
A0
90
88
00
00
ENDCHAR
STARTCHAR U+1033b
ENCODING 66363
SWIDTH 500 0
DWIDTH 6 0
BBX 6 12 0 -2
BITMAP
00
00
00
00
80
40
20
60
50
88
00
00
ENDCHAR
STARTCHAR U+1033c
ENCODING 66364
SWIDTH 500 0
DWIDTH 6 0
BBX 6 12 0 -2
BITMAP
00
00
00
00
88
D8
A8
88
88
88
00
00
ENDCHAR
STARTCHAR U+1033d
ENCODING 66365
SWIDTH 500 0
DWIDTH 6 0
BBX 6 12 0 -2
BITMAP
00
00
00
00
88
C8
A8
A8
98
88
00
00
ENDCHAR
STARTCHAR U+1033e
ENCODING 66366
SWIDTH 500 0
DWIDTH 6 0
BBX 6 12 0 -2
BITMAP
00
00
00
00
70
88
80
80
88
78
08
00
ENDCHAR
STARTCHAR U+1033f
ENCODING 66367
SWIDTH 500 0
DWIDTH 6 0
BBX 6 12 0 -2
BITMAP
00
00
00
00
F0
88
88
88
88
88
00
00
ENDCHAR
STARTCHAR U+10340
ENCODING 66368
SWIDTH 500 0
DWIDTH 6 0
BBX 6 12 0 -2
BITMAP
00
00
00
00
F8
88
88
88
88
88
00
00
ENDCHAR
STARTCHAR U+10341
ENCODING 66369
SWIDTH 500 0
DWIDTH 6 0
BBX 6 12 0 -2
BITMAP
00
00
00
00
88
88
88
88
88
78
08
00
ENDCHAR
STARTCHAR U+10342
ENCODING 66370
SWIDTH 500 0
DWIDTH 6 0
BBX 6 12 0 -2
BITMAP
00
00
00
00
90
90
E0
A0
90
88
80
00
ENDCHAR
STARTCHAR U+10343
ENCODING 66371
SWIDTH 500 0
DWIDTH 6 0
BBX 6 12 0 -2
BITMAP
00
00
00
00
78
80
70
08
88
70
00
00
ENDCHAR
STARTCHAR U+10344
ENCODING 66372
SWIDTH 500 0
DWIDTH 6 0
BBX 6 12 0 -2
BITMAP
00
00
00
00
F8
20
20
20
20
20
00
00
ENDCHAR
STARTCHAR U+10345
ENCODING 66373
SWIDTH 500 0
DWIDTH 6 0
BBX 6 12 0 -2
BITMAP
00
00
00
00
88
50
50
20
20
20
20
00
ENDCHAR
STARTCHAR U+10346
ENCODING 66374
SWIDTH 500 0
DWIDTH 6 0
BBX 6 12 0 -2
BITMAP
00
00
00
80
F8
80
80
80
F8
80
80
00
ENDCHAR
STARTCHAR U+10347
ENCODING 66375
SWIDTH 500 0
DWIDTH 6 0
BBX 6 12 0 -2
BITMAP
00
00
00
00
88
50
20
20
50
88
00
00
ENDCHAR
STARTCHAR U+10348
ENCODING 66376
SWIDTH 500 0
DWIDTH 6 0
BBX 6 12 0 -2
BITMAP
00
00
00
00
70
88
A8
A8
88
70
00
00
ENDCHAR
STARTCHAR U+10349
ENCODING 66377
SWIDTH 500 0
DWIDTH 6 0
BBX 6 12 0 -2
BITMAP
00
00
00
00
70
88
88
50
20
D8
00
00
ENDCHAR
STARTCHAR U+1034a
ENCODING 66378
SWIDTH 500 0
DWIDTH 6 0
BBX 6 12 0 -2
BITMAP
00
00
00
00
20
70
A8
20
20
20
20
00
ENDCHAR
STARTCHAR U+1f327
ENCODING 127783
SWIDTH 750 0
DWIDTH 9 0
BBX 9 12 0 -2
BITMAP
0000
0000
0000
0600
0900
3100
4080
4080
3F00
1100
2400
0000
ENDCHAR
STARTCHAR U+1f525
ENCODING 128293
SWIDTH 583 0
DWIDTH 7 0
BBX 7 12 0 -2
BITMAP
00
00
00
14
B0
3C
EC
A4
CC
78
00
00
ENDCHAR
STARTCHAR U+1f30a
ENCODING 127754
SWIDTH 750 0
DWIDTH 9 0
BBX 9 12 0 -2
BITMAP
0000
0000
0000
0000
3800
7400
6000
7880
7F80
1F00
0000
0000
ENDCHAR
STARTCHAR U+2150
ENCODING 8528
SWIDTH 750 0
DWIDTH 9 0
BBX 9 12 0 -2
BITMAP
0000
0000
0000
2200
6400
2400
2B80
1080
1100
2100
0000
0000
ENDCHAR
STARTCHAR U+2151
ENCODING 8529
SWIDTH 750 0
DWIDTH 9 0
BBX 9 12 0 -2
BITMAP
0000
0000
0000
2200
6400
2400
2B80
1380
1080
2100
0000
0000
ENDCHAR
STARTCHAR U+2155
ENCODING 8533
SWIDTH 750 0
DWIDTH 9 0
BBX 9 12 0 -2
BITMAP
0000
0000
0000
2200
6400
2400
2B80
1300
1080
2300
0000
0000
ENDCHAR
STARTCHAR U+2156
ENCODING 8534
SWIDTH 750 0
DWIDTH 9 0
BBX 9 12 0 -2
BITMAP
0000
0000
0000
6200
2400
4400
6B80
1300
1080
2300
0000
0000
ENDCHAR
STARTCHAR U+2157
ENCODING 8535
SWIDTH 750 0
DWIDTH 9 0
BBX 9 12 0 -2
BITMAP
0000
0000
0000
7200
2400
1400
6B80
1300
1080
2300
0000
0000
ENDCHAR
STARTCHAR U+2159
ENCODING 8537
SWIDTH 666 0
DWIDTH 8 0
BBX 8 12 0 -2
BITMAP
00
00
00
44
C8
48
54
28
2E
4E
00
00
ENDCHAR
STARTCHAR U+215a
ENCODING 8538
SWIDTH 666 0
DWIDTH 8 0
BBX 8 12 0 -2
BITMAP
00
00
00
E4
C8
28
D4
28
2E
4E
00
00
ENDCHAR
STARTCHAR U+215f
ENCODING 8543
SWIDTH 583 0
DWIDTH 7 0
BBX 7 12 0 -2
BITMAP
00
00
00
44
C8
48
50
20
20
40
00
00
ENDCHAR
STARTCHAR U+2189
ENCODING 8585
SWIDTH 750 0
DWIDTH 9 0
BBX 9 12 0 -2
BITMAP
0000
0000
0000
2200
5400
5400
2B80
1100
1080
2300
0000
0000
ENDCHAR
STARTCHAR U+1f5e1
ENCODING 128481
SWIDTH 750 0
DWIDTH 9 0
BBX 9 12 0 -2
BITMAP
0000
0000
0000
0180
0280
0500
2A00
1400
1800
2400
4000
0000
ENDCHAR
STARTCHAR U+1f3f9
ENCODING 127993
SWIDTH 750 0
DWIDTH 9 0
BBX 9 12 0 -2
BITMAP
0000
0000
0000
4380
2C80
1100
2A00
2400
4A00
5180
6100
0000
ENDCHAR
STARTCHAR U+1fa93
ENCODING 129683
SWIDTH 583 0
DWIDTH 7 0
BBX 7 12 0 -2
BITMAP
00
00
00
18
28
4C
74
1C
20
40
80
00
ENDCHAR
STARTCHAR U+1f531
ENCODING 128305
SWIDTH 750 0
DWIDTH 9 0
BBX 9 12 0 -2
BITMAP
0000
0000
0000
0280
0500
0680
0700
0800
1000
2000
4000
0000
ENDCHAR
STARTCHAR U+1f3a3
ENCODING 127907
SWIDTH 750 0
DWIDTH 9 0
BBX 9 12 0 -2
BITMAP
0000
0000
0000
0080
0180
0280
0480
0880
1100
3500
4600
0000
ENDCHAR
STARTCHAR U+1f9ea
ENCODING 129514
SWIDTH 666 0
DWIDTH 8 0
BBX 8 12 0 -2
BITMAP
00
00
00
38
28
28
44
82
FE
7C
38
00
ENDCHAR
STARTCHAR U+2697
ENCODING 9879
SWIDTH 666 0
DWIDTH 8 0
BBX 8 12 0 -2
BITMAP
00
00
00
0E
12
26
44
82
FE
7C
38
00
ENDCHAR
STARTCHAR U+2bea
ENCODING 11242
SWIDTH 666 0
DWIDTH 8 0
BBX 8 12 0 -2
BITMAP
00
00
00
10
38
F6
F2
74
74
6C
00
00
ENDCHAR
STARTCHAR U+2beb
ENCODING 11243
SWIDTH 666 0
DWIDTH 8 0
BBX 8 12 0 -2
BITMAP
00
00
00
10
38
DE
9E
5C
5C
6C
00
00
ENDCHAR
STARTCHAR U+2c6d
ENCODING 11373
SWIDTH 500 0
DWIDTH 6 0
BBX 6 12 0 -2
BITMAP
00
00
00
68
98
88
88
88
88
78
00
00
ENDCHAR
STARTCHAR U+1f6e1
ENCODING 128737
SWIDTH 666 0
DWIDTH 8 0
BBX 8 12 0 -2
BITMAP
00
00
00
10
7C
FE
FE
7C
7C
38
10
00
ENDCHAR
STARTCHAR U+2702
ENCODING 9986
SWIDTH 666 0
DWIDTH 8 0
BBX 8 12 0 -2
BITMAP
00
00
00
1C
3A
76
4E
CC
B8
E0
00
00
ENDCHAR
STARTCHAR U+1f356
ENCODING 127830
SWIDTH 750 0
DWIDTH 9 0
BBX 9 12 0 -2
BITMAP
0000
0000
0000
1800
2400
5600
4F00
3F00
1F00
0E80
0180
0000
ENDCHAR
STARTCHAR U+1faa3
ENCODING 129699
SWIDTH 666 0
DWIDTH 8 0
BBX 8 12 0 -2
BITMAP
00
00
00
7C
82
C6
BA
82
82
44
38
00
ENDCHAR
STARTCHAR U+1f514
ENCODING 128276
SWIDTH 666 0
DWIDTH 8 0
BBX 8 12 0 -2
BITMAP
00
00
00
FE
38
44
44
44
44
FE
10
00
ENDCHAR
STARTCHAR U+23f3
ENCODING 9203
SWIDTH 666 0
DWIDTH 8 0
BBX 8 12 0 -2
BITMAP
00
00
00
FE
44
54
28
54
7C
FE
00
00
ENDCHAR
STARTCHAR U+2691
ENCODING 9873
SWIDTH 666 0
DWIDTH 8 0
BBX 8 12 0 -2
BITMAP
00
00
00
E6
FE
FE
FE
FE
98
80
80
00
ENDCHAR
STARTCHAR U+20a0
ENCODING 8352
SWIDTH 500 0
DWIDTH 6 0
BBX 6 12 0 -2
BITMAP
00
00
00
70
80
B8
A0
70
20
38
00
00
ENDCHAR
STARTCHAR U+20a1
ENCODING 8353
SWIDTH 500 0
DWIDTH 6 0
BBX 6 12 0 -2
BITMAP
00
00
00
50
70
88
80
88
70
50
00
00
ENDCHAR
STARTCHAR U+20a2
ENCODING 8354
SWIDTH 500 0
DWIDTH 6 0
BBX 6 12 0 -2
BITMAP
00
00
00
70
88
80
98
A0
A8
70
00
00
ENDCHAR
STARTCHAR U+20a3
ENCODING 8355
SWIDTH 583 0
DWIDTH 7 0
BBX 7 12 0 -2
BITMAP
00
00
00
7C
40
70
40
E0
40
40
00
00
ENDCHAR
STARTCHAR U+20a4
ENCODING 8356
SWIDTH 500 0
DWIDTH 6 0
BBX 6 12 0 -2
BITMAP
00
00
00
30
48
E0
40
E0
40
F8
00
00
ENDCHAR
STARTCHAR U+20a5
ENCODING 8357
SWIDTH 500 0
DWIDTH 6 0
BBX 6 12 0 -2
BITMAP
00
00
00
00
00
20
F0
A8
A8
A8
20
00
ENDCHAR
STARTCHAR U+20a6
ENCODING 8358
SWIDTH 666 0
DWIDTH 8 0
BBX 8 12 0 -2
BITMAP
00
00
00
44
64
FE
4C
FE
44
44
00
00
ENDCHAR
STARTCHAR U+20a9
ENCODING 8361
SWIDTH 666 0
DWIDTH 8 0
BBX 8 12 0 -2
BITMAP
00
00
00
44
FE
44
FE
54
6C
44
00
00
ENDCHAR
STARTCHAR U+20ab
ENCODING 8363
SWIDTH 583 0
DWIDTH 7 0
BBX 7 12 0 -2
BITMAP
00
00
00
08
1C
68
98
88
78
00
F8
00
ENDCHAR
STARTCHAR U+20ad
ENCODING 8365
SWIDTH 583 0
DWIDTH 7 0
BBX 7 12 0 -2
BITMAP
00
00
00
44
48
FC
48
44
44
44
00
00
ENDCHAR
STARTCHAR U+20ae
ENCODING 8366
SWIDTH 500 0
DWIDTH 6 0
BBX 6 12 0 -2
BITMAP
00
00
00
F8
20
30
60
30
60
20
00
00
ENDCHAR
STARTCHAR U+20b0
ENCODING 8368
SWIDTH 500 0
DWIDTH 6 0
BBX 6 12 0 -2
BITMAP
00
00
00
10
28
28
10
50
A8
08
30
00
ENDCHAR
STARTCHAR U+20b1
ENCODING 8369
SWIDTH 666 0
DWIDTH 8 0
BBX 8 12 0 -2
BITMAP
00
00
00
78
FE
44
FE
78
40
40
00
00
ENDCHAR
STARTCHAR U+20b2
ENCODING 8370
SWIDTH 500 0
DWIDTH 6 0
BBX 6 12 0 -2
BITMAP
00
00
00
20
78
A0
B8
A8
70
20
00
00
ENDCHAR
STARTCHAR U+20b3
ENCODING 8371
SWIDTH 666 0
DWIDTH 8 0
BBX 8 12 0 -2
BITMAP
00
00
00
38
44
FE
44
FE
44
44
00
00
ENDCHAR
STARTCHAR U+20b5
ENCODING 8373
SWIDTH 500 0
DWIDTH 6 0
BBX 6 12 0 -2
BITMAP
00
00
00
20
70
A8
A0
A8
70
20
00
00
ENDCHAR
STARTCHAR U+20b6
ENCODING 8374
SWIDTH 500 0
DWIDTH 6 0
BBX 6 12 0 -2
BITMAP
00
00
00
50
50
F8
50
50
50
48
00
00
ENDCHAR
STARTCHAR U+20b7
ENCODING 8375
SWIDTH 666 0
DWIDTH 8 0
BBX 8 12 0 -2
BITMAP
00
00
00
1E
20
1C
02
D2
AC
A8
00
00
ENDCHAR
STARTCHAR U+20b8
ENCODING 8376
SWIDTH 500 0
DWIDTH 6 0
BBX 6 12 0 -2
BITMAP
00
00
00
F8
00
F8
20
20
20
20
00
00
ENDCHAR
STARTCHAR U+20b9
ENCODING 8377
SWIDTH 500 0
DWIDTH 6 0
BBX 6 12 0 -2
BITMAP
00
00
00
F8
10
F8
20
40
20
10
00
00
ENDCHAR
STARTCHAR U+20ba
ENCODING 8378
SWIDTH 583 0
DWIDTH 7 0
BBX 7 12 0 -2
BITMAP
00
00
00
40
70
C0
70
C4
48
70
00
00
ENDCHAR
STARTCHAR U+20bb
ENCODING 8379
SWIDTH 666 0
DWIDTH 8 0
BBX 8 12 0 -2
BITMAP
00
00
00
40
BC
42
6A
D4
40
38
00
00
ENDCHAR
STARTCHAR U+20bc
ENCODING 8380
SWIDTH 500 0
DWIDTH 6 0
BBX 6 12 0 -2
BITMAP
00
00
00
00
00
20
70
A8
A8
A8
00
00
ENDCHAR
STARTCHAR U+20bf
ENCODING 8383
SWIDTH 500 0
DWIDTH 6 0
BBX 6 12 0 -2
BITMAP
00
00
00
50
F0
88
F0
88
F0
50
00
00
ENDCHAR
STARTCHAR U+00c0
ENCODING 192
SWIDTH 500 0
DWIDTH 6 0
BBX 6 12 0 -2
BITMAP
40
20
00
70
88
F8
88
88
88
88
00
00
ENDCHAR
STARTCHAR U+00c1
ENCODING 193
SWIDTH 500 0
DWIDTH 6 0
BBX 6 12 0 -2
BITMAP
10
20
00
70
88
F8
88
88
88
88
00
00
ENDCHAR
STARTCHAR U+00c2
ENCODING 194
SWIDTH 500 0
DWIDTH 6 0
BBX 6 12 0 -2
BITMAP
20
50
00
70
88
F8
88
88
88
88
00
00
ENDCHAR
STARTCHAR U+00c3
ENCODING 195
SWIDTH 500 0
DWIDTH 6 0
BBX 6 12 0 -2
BITMAP
28
50
00
70
88
F8
88
88
88
88
00
00
ENDCHAR
STARTCHAR U+00c4
ENCODING 196
SWIDTH 500 0
DWIDTH 6 0
BBX 6 12 0 -2
BITMAP
00
50
00
70
88
F8
88
88
88
88
00
00
ENDCHAR
STARTCHAR U+00c5
ENCODING 197
SWIDTH 500 0
DWIDTH 6 0
BBX 6 12 0 -2
BITMAP
20
50
20
70
88
F8
88
88
88
88
00
00
ENDCHAR
STARTCHAR U+00c6
ENCODING 198
SWIDTH 833 0
DWIDTH 10 0
BBX 10 12 0 -2
BITMAP
0000
0000
0000
7F80
8800
FE00
8800
8800
8800
8F80
0000
0000
ENDCHAR
STARTCHAR U+00c7
ENCODING 199
SWIDTH 500 0
DWIDTH 6 0
BBX 6 12 0 -2
BITMAP
00
00
00
70
88
80
80
80
88
70
10
20
ENDCHAR
STARTCHAR U+00c8
ENCODING 200
SWIDTH 500 0
DWIDTH 6 0
BBX 6 12 0 -2
BITMAP
40
20
00
F8
80
E0
80
80
80
F8
00
00
ENDCHAR
STARTCHAR U+00c9
ENCODING 201
SWIDTH 500 0
DWIDTH 6 0
BBX 6 12 0 -2
BITMAP
10
20
00
F8
80
E0
80
80
80
F8
00
00
ENDCHAR
STARTCHAR U+00ca
ENCODING 202
SWIDTH 500 0
DWIDTH 6 0
BBX 6 12 0 -2
BITMAP
20
50
00
F8
80
E0
80
80
80
F8
00
00
ENDCHAR
STARTCHAR U+00cb
ENCODING 203
SWIDTH 500 0
DWIDTH 6 0
BBX 6 12 0 -2
BITMAP
00
50
00
F8
80
E0
80
80
80
F8
00
00
ENDCHAR
STARTCHAR U+00cc
ENCODING 204
SWIDTH 333 0
DWIDTH 4 0
BBX 4 12 0 -2
BITMAP
80
40
00
E0
40
40
40
40
40
E0
00
00
ENDCHAR
STARTCHAR U+00cd
ENCODING 205
SWIDTH 333 0
DWIDTH 4 0
BBX 4 12 0 -2
BITMAP
20
40
00
E0
40
40
40
40
40
E0
00
00
ENDCHAR
STARTCHAR U+00ce
ENCODING 206
SWIDTH 333 0
DWIDTH 4 0
BBX 4 12 0 -2
BITMAP
40
A0
00
E0
40
40
40
40
40
E0
00
00
ENDCHAR
STARTCHAR U+00cf
ENCODING 207
SWIDTH 333 0
DWIDTH 4 0
BBX 4 12 0 -2
BITMAP
00
A0
00
E0
40
40
40
40
40
E0
00
00
ENDCHAR
STARTCHAR U+00d0
ENCODING 208
SWIDTH 583 0
DWIDTH 7 0
BBX 7 12 0 -2
BITMAP
00
00
00
78
44
E4
44
44
44
78
00
00
ENDCHAR
STARTCHAR U+00d1
ENCODING 209
SWIDTH 500 0
DWIDTH 6 0
BBX 6 12 0 -2
BITMAP
28
50
00
88
C8
A8
98
88
88
88
00
00
ENDCHAR
STARTCHAR U+00d2
ENCODING 210
SWIDTH 500 0
DWIDTH 6 0
BBX 6 12 0 -2
BITMAP
40
20
00
70
88
88
88
88
88
70
00
00
ENDCHAR
STARTCHAR U+00d3
ENCODING 211
SWIDTH 500 0
DWIDTH 6 0
BBX 6 12 0 -2
BITMAP
10
20
00
70
88
88
88
88
88
70
00
00
ENDCHAR
STARTCHAR U+00d4
ENCODING 212
SWIDTH 500 0
DWIDTH 6 0
BBX 6 12 0 -2
BITMAP
20
50
00
70
88
88
88
88
88
70
00
00
ENDCHAR
STARTCHAR U+00d5
ENCODING 213
SWIDTH 500 0
DWIDTH 6 0
BBX 6 12 0 -2
BITMAP
28
50
00
70
88
88
88
88
88
70
00
00
ENDCHAR
STARTCHAR U+00d6
ENCODING 214
SWIDTH 500 0
DWIDTH 6 0
BBX 6 12 0 -2
BITMAP
00
50
00
70
88
88
88
88
88
70
00
00
ENDCHAR
STARTCHAR U+00d9
ENCODING 217
SWIDTH 500 0
DWIDTH 6 0
BBX 6 12 0 -2
BITMAP
40
20
00
88
88
88
88
88
88
70
00
00
ENDCHAR
STARTCHAR U+00da
ENCODING 218
SWIDTH 500 0
DWIDTH 6 0
BBX 6 12 0 -2
BITMAP
10
20
00
88
88
88
88
88
88
70
00
00
ENDCHAR
STARTCHAR U+00db
ENCODING 219
SWIDTH 500 0
DWIDTH 6 0
BBX 6 12 0 -2
BITMAP
20
50
00
88
88
88
88
88
88
70
00
00
ENDCHAR
STARTCHAR U+00dc
ENCODING 220
SWIDTH 500 0
DWIDTH 6 0
BBX 6 12 0 -2
BITMAP
00
50
00
88
88
88
88
88
88
70
00
00
ENDCHAR
STARTCHAR U+00dd
ENCODING 221
SWIDTH 500 0
DWIDTH 6 0
BBX 6 12 0 -2
BITMAP
10
20
00
88
50
20
20
20
20
20
00
00
ENDCHAR
STARTCHAR U+00e0
ENCODING 224
SWIDTH 500 0
DWIDTH 6 0
BBX 6 12 0 -2
BITMAP
00
00
40
20
00
70
08
78
88
78
00
00
ENDCHAR
STARTCHAR U+00e1
ENCODING 225
SWIDTH 500 0
DWIDTH 6 0
BBX 6 12 0 -2
BITMAP
00
00
10
20
00
70
08
78
88
78
00
00
ENDCHAR
STARTCHAR U+00e2
ENCODING 226
SWIDTH 500 0
DWIDTH 6 0
BBX 6 12 0 -2
BITMAP
00
00
20
50
00
70
08
78
88
78
00
00
ENDCHAR
STARTCHAR U+00e3
ENCODING 227
SWIDTH 500 0
DWIDTH 6 0
BBX 6 12 0 -2
BITMAP
00
00
28
50
00
70
08
78
88
78
00
00
ENDCHAR
STARTCHAR U+00e4
ENCODING 228
SWIDTH 500 0
DWIDTH 6 0
BBX 6 12 0 -2
BITMAP
00
00
00
50
00
70
08
78
88
78
00
00
ENDCHAR
STARTCHAR U+00e5
ENCODING 229
SWIDTH 500 0
DWIDTH 6 0
BBX 6 12 0 -2
BITMAP
00
20
50
20
00
70
08
78
88
78
00
00
ENDCHAR
STARTCHAR U+00e6
ENCODING 230
SWIDTH 833 0
DWIDTH 10 0
BBX 10 12 0 -2
BITMAP
0000
0000
0000
0000
0000
7700
0880
7F80
8800
7F80
0000
0000
ENDCHAR
STARTCHAR U+00e7
ENCODING 231
SWIDTH 500 0
DWIDTH 6 0
BBX 6 12 0 -2
BITMAP
00
00
00
00
00
70
88
80
88
70
10
20
ENDCHAR
STARTCHAR U+00ec
ENCODING 236
SWIDTH 250 0
DWIDTH 3 0
BBX 3 12 0 -2
BITMAP
00
00
80
40
00
40
40
40
40
40
00
00
ENDCHAR
STARTCHAR U+00ed
ENCODING 237
SWIDTH 250 0
DWIDTH 3 0
BBX 3 12 0 -2
BITMAP
00
00
40
80
00
80
80
80
80
80
00
00
ENDCHAR
STARTCHAR U+00ee
ENCODING 238
SWIDTH 333 0
DWIDTH 4 0
BBX 4 12 0 -2
BITMAP
00
00
40
A0
00
40
40
40
40
40
00
00
ENDCHAR
STARTCHAR U+00ef
ENCODING 239
SWIDTH 333 0
DWIDTH 4 0
BBX 4 12 0 -2
BITMAP
00
00
00
A0
00
40
40
40
40
40
00
00
ENDCHAR
STARTCHAR U+00f1
ENCODING 241
SWIDTH 500 0
DWIDTH 6 0
BBX 6 12 0 -2
BITMAP
00
00
28
50
00
F0
88
88
88
88
00
00
ENDCHAR
STARTCHAR U+00f2
ENCODING 242
SWIDTH 500 0
DWIDTH 6 0
BBX 6 12 0 -2
BITMAP
00
00
40
20
00
70
88
88
88
70
00
00
ENDCHAR
STARTCHAR U+00f3
ENCODING 243
SWIDTH 500 0
DWIDTH 6 0
BBX 6 12 0 -2
BITMAP
00
00
10
20
00
70
88
88
88
70
00
00
ENDCHAR
STARTCHAR U+00f4
ENCODING 244
SWIDTH 500 0
DWIDTH 6 0
BBX 6 12 0 -2
BITMAP
00
00
20
50
00
70
88
88
88
70
00
00
ENDCHAR
STARTCHAR U+00f5
ENCODING 245
SWIDTH 500 0
DWIDTH 6 0
BBX 6 12 0 -2
BITMAP
00
00
28
50
00
70
88
88
88
70
00
00
ENDCHAR
STARTCHAR U+00f6
ENCODING 246
SWIDTH 500 0
DWIDTH 6 0
BBX 6 12 0 -2
BITMAP
00
00
00
50
00
70
88
88
88
70
00
00
ENDCHAR
STARTCHAR U+00f9
ENCODING 249
SWIDTH 500 0
DWIDTH 6 0
BBX 6 12 0 -2
BITMAP
00
00
40
20
00
88
88
88
88
78
00
00
ENDCHAR
STARTCHAR U+00fa
ENCODING 250
SWIDTH 500 0
DWIDTH 6 0
BBX 6 12 0 -2
BITMAP
00
00
10
20
00
88
88
88
88
78
00
00
ENDCHAR
STARTCHAR U+00fb
ENCODING 251
SWIDTH 500 0
DWIDTH 6 0
BBX 6 12 0 -2
BITMAP
00
00
20
50
00
88
88
88
88
78
00
00
ENDCHAR
STARTCHAR U+00fc
ENCODING 252
SWIDTH 500 0
DWIDTH 6 0
BBX 6 12 0 -2
BITMAP
00
00
00
50
00
88
88
88
88
78
00
00
ENDCHAR
STARTCHAR U+00fd
ENCODING 253
SWIDTH 500 0
DWIDTH 6 0
BBX 6 12 0 -2
BITMAP
00
00
10
20
00
88
88
88
78
08
F0
00
ENDCHAR
STARTCHAR U+00ff
ENCODING 255
SWIDTH 500 0
DWIDTH 6 0
BBX 6 12 0 -2
BITMAP
00
00
00
50
00
88
88
88
78
08
F0
00
ENDCHAR
STARTCHAR U+0100
ENCODING 256
SWIDTH 500 0
DWIDTH 6 0
BBX 6 12 0 -2
BITMAP
00
70
00
70
88
F8
88
88
88
88
00
00
ENDCHAR
STARTCHAR U+0101
ENCODING 257
SWIDTH 500 0
DWIDTH 6 0
BBX 6 12 0 -2
BITMAP
00
00
00
70
00
70
08
78
88
78
00
00
ENDCHAR
STARTCHAR U+0102
ENCODING 258
SWIDTH 500 0
DWIDTH 6 0
BBX 6 12 0 -2
BITMAP
48
30
00
70
88
F8
88
88
88
88
00
00
ENDCHAR
STARTCHAR U+0103
ENCODING 259
SWIDTH 500 0
DWIDTH 6 0
BBX 6 12 0 -2
BITMAP
00
00
48
30
00
70
08
78
88
78
00
00
ENDCHAR
STARTCHAR U+0104
ENCODING 260
SWIDTH 500 0
DWIDTH 6 0
BBX 6 12 0 -2
BITMAP
00
00
00
70
88
F8
88
88
88
88
10
08
ENDCHAR
STARTCHAR U+0105
ENCODING 261
SWIDTH 500 0
DWIDTH 6 0
BBX 6 12 0 -2
BITMAP
00
00
00
00
00
70
08
78
88
78
10
08
ENDCHAR
STARTCHAR U+0106
ENCODING 262
SWIDTH 500 0
DWIDTH 6 0
BBX 6 12 0 -2
BITMAP
10
20
00
70
88
80
80
80
88
70
00
00
ENDCHAR
STARTCHAR U+0107
ENCODING 263
SWIDTH 500 0
DWIDTH 6 0
BBX 6 12 0 -2
BITMAP
00
00
10
20
00
70
88
80
88
70
00
00
ENDCHAR
STARTCHAR U+0108
ENCODING 264
SWIDTH 500 0
DWIDTH 6 0
BBX 6 12 0 -2
BITMAP
20
50
00
70
88
80
80
80
88
70
00
00
ENDCHAR
STARTCHAR U+0109
ENCODING 265
SWIDTH 500 0
DWIDTH 6 0
BBX 6 12 0 -2
BITMAP
00
00
20
50
00
70
88
80
88
70
00
00
ENDCHAR
STARTCHAR U+010a
ENCODING 266
SWIDTH 500 0
DWIDTH 6 0
BBX 6 12 0 -2
BITMAP
00
20
00
70
88
80
80
80
88
70
00
00
ENDCHAR
STARTCHAR U+010b
ENCODING 267
SWIDTH 500 0
DWIDTH 6 0
BBX 6 12 0 -2
BITMAP
00
00
00
20
00
70
88
80
88
70
00
00
ENDCHAR
STARTCHAR U+010c
ENCODING 268
SWIDTH 500 0
DWIDTH 6 0
BBX 6 12 0 -2
BITMAP
50
20
00
70
88
80
80
80
88
70
00
00
ENDCHAR
STARTCHAR U+010d
ENCODING 269
SWIDTH 500 0
DWIDTH 6 0
BBX 6 12 0 -2
BITMAP
00
00
50
20
00
70
88
80
88
70
00
00
ENDCHAR
STARTCHAR U+010e
ENCODING 270
SWIDTH 500 0
DWIDTH 6 0
BBX 6 12 0 -2
BITMAP
50
20
00
F0
88
88
88
88
88
F0
00
00
ENDCHAR
STARTCHAR U+010f
ENCODING 271
SWIDTH 666 0
DWIDTH 8 0
BBX 8 12 0 -2
BITMAP
00
00
00
0A
0A
68
98
88
88
78
00
00
ENDCHAR
STARTCHAR U+0110
ENCODING 272
SWIDTH 583 0
DWIDTH 7 0
BBX 7 12 0 -2
BITMAP
00
00
00
78
44
F4
44
44
44
78
00
00
ENDCHAR
STARTCHAR U+0111
ENCODING 273
SWIDTH 583 0
DWIDTH 7 0
BBX 7 12 0 -2
BITMAP
00
00
00
08
3C
08
68
98
88
78
00
00
ENDCHAR
STARTCHAR U+0112
ENCODING 274
SWIDTH 500 0
DWIDTH 6 0
BBX 6 12 0 -2
BITMAP
00
70
00
F8
80
E0
80
80
80
F8
00
00
ENDCHAR
STARTCHAR U+0113
ENCODING 275
SWIDTH 500 0
DWIDTH 6 0
BBX 6 12 0 -2
BITMAP
00
00
00
70
00
70
88
F8
80
78
00
00
ENDCHAR
STARTCHAR U+0114
ENCODING 276
SWIDTH 500 0
DWIDTH 6 0
BBX 6 12 0 -2
BITMAP
48
30
00
F8
80
E0
80
80
80
F8
00
00
ENDCHAR
STARTCHAR U+0115
ENCODING 277
SWIDTH 500 0
DWIDTH 6 0
BBX 6 12 0 -2
BITMAP
00
00
48
30
00
70
88
F8
80
78
00
00
ENDCHAR
STARTCHAR U+0116
ENCODING 278
SWIDTH 500 0
DWIDTH 6 0
BBX 6 12 0 -2
BITMAP
00
20
00
F8
80
E0
80
80
80
F8
00
00
ENDCHAR
STARTCHAR U+0117
ENCODING 279
SWIDTH 500 0
DWIDTH 6 0
BBX 6 12 0 -2
BITMAP
00
00
00
20
00
70
88
F8
80
78
00
00
ENDCHAR
STARTCHAR U+0118
ENCODING 280
SWIDTH 500 0
DWIDTH 6 0
BBX 6 12 0 -2
BITMAP
00
00
00
F8
80
E0
80
80
80
F8
10
08
ENDCHAR
STARTCHAR U+0119
ENCODING 281
SWIDTH 500 0
DWIDTH 6 0
BBX 6 12 0 -2
BITMAP
00
00
00
00
00
70
88
F8
80
78
10
08
ENDCHAR
STARTCHAR U+011a
ENCODING 282
SWIDTH 500 0
DWIDTH 6 0
BBX 6 12 0 -2
BITMAP
50
20
00
F8
80
E0
80
80
80
F8
00
00
ENDCHAR
STARTCHAR U+011b
ENCODING 283
SWIDTH 500 0
DWIDTH 6 0
BBX 6 12 0 -2
BITMAP
00
00
50
20
00
70
88
F8
80
78
00
00
ENDCHAR
STARTCHAR U+011c
ENCODING 284
SWIDTH 500 0
DWIDTH 6 0
BBX 6 12 0 -2
BITMAP
20
50
00
78
80
98
88
88
88
70
00
00
ENDCHAR
STARTCHAR U+011d
ENCODING 285
SWIDTH 500 0
DWIDTH 6 0
BBX 6 12 0 -2
BITMAP
00
00
20
50
00
78
88
88
78
08
F0
00
ENDCHAR
STARTCHAR U+1e20
ENCODING 7712
SWIDTH 500 0
DWIDTH 6 0
BBX 6 12 0 -2
BITMAP
00
70
00
78
80
98
88
88
88
70
00
00
ENDCHAR
STARTCHAR U+1e21
ENCODING 7713
SWIDTH 500 0
DWIDTH 6 0
BBX 6 12 0 -2
BITMAP
00
00
00
70
00
78
88
88
78
08
F0
00
ENDCHAR
STARTCHAR U+011e
ENCODING 286
SWIDTH 500 0
DWIDTH 6 0
BBX 6 12 0 -2
BITMAP
48
30
00
78
80
98
88
88
88
70
00
00
ENDCHAR
STARTCHAR U+011f
ENCODING 287
SWIDTH 500 0
DWIDTH 6 0
BBX 6 12 0 -2
BITMAP
00
00
48
30
00
78
88
88
78
08
F0
00
ENDCHAR
STARTCHAR U+0120
ENCODING 288
SWIDTH 500 0
DWIDTH 6 0
BBX 6 12 0 -2
BITMAP
00
20
00
78
80
98
88
88
88
70
00
00
ENDCHAR
STARTCHAR U+0121
ENCODING 289
SWIDTH 500 0
DWIDTH 6 0
BBX 6 12 0 -2
BITMAP
00
00
00
20
00
78
88
88
78
08
F0
00
ENDCHAR
STARTCHAR U+0122
ENCODING 290
SWIDTH 500 0
DWIDTH 6 0
BBX 6 12 0 -2
BITMAP
00
00
00
78
80
98
88
88
88
70
20
40
ENDCHAR
STARTCHAR U+0123
ENCODING 291
SWIDTH 500 0
DWIDTH 6 0
BBX 6 12 0 -2
BITMAP
00
00
10
20
00
78
88
88
78
08
F0
00
ENDCHAR
STARTCHAR U+0124
ENCODING 292
SWIDTH 500 0
DWIDTH 6 0
BBX 6 12 0 -2
BITMAP
20
50
00
88
88
F8
88
88
88
88
00
00
ENDCHAR
STARTCHAR U+0125
ENCODING 293
SWIDTH 500 0
DWIDTH 6 0
BBX 6 12 0 -2
BITMAP
20
50
00
80
80
B0
C8
88
88
88
00
00
ENDCHAR
STARTCHAR U+0126
ENCODING 294
SWIDTH 666 0
DWIDTH 8 0
BBX 8 12 0 -2
BITMAP
00
00
00
44
FE
44
7C
44
44
44
00
00
ENDCHAR
STARTCHAR U+0127
ENCODING 295
SWIDTH 583 0
DWIDTH 7 0
BBX 7 12 0 -2
BITMAP
00
00
00
40
F0
40
58
64
44
44
00
00
ENDCHAR
STARTCHAR U+0128
ENCODING 296
SWIDTH 416 0
DWIDTH 5 0
BBX 5 12 0 -2
BITMAP
50
A0
00
E0
40
40
40
40
40
E0
00
00
ENDCHAR
STARTCHAR U+0129
ENCODING 297
SWIDTH 416 0
DWIDTH 5 0
BBX 5 12 0 -2
BITMAP
00
00
50
A0
00
40
40
40
40
40
00
00
ENDCHAR
STARTCHAR U+012a
ENCODING 298
SWIDTH 333 0
DWIDTH 4 0
BBX 4 12 0 -2
BITMAP
00
E0
00
E0
40
40
40
40
40
E0
00
00
ENDCHAR
STARTCHAR U+012b
ENCODING 299
SWIDTH 333 0
DWIDTH 4 0
BBX 4 12 0 -2
BITMAP
00
00
00
E0
00
40
40
40
40
40
00
00
ENDCHAR
STARTCHAR U+012c
ENCODING 300
SWIDTH 416 0
DWIDTH 5 0
BBX 5 12 0 -2
BITMAP
90
60
00
E0
40
40
40
40
40
E0
00
00
ENDCHAR
STARTCHAR U+012d
ENCODING 301
SWIDTH 416 0
DWIDTH 5 0
BBX 5 12 0 -2
BITMAP
00
00
90
60
00
40
40
40
40
40
00
00
ENDCHAR
STARTCHAR U+012e
ENCODING 302
SWIDTH 333 0
DWIDTH 4 0
BBX 4 12 0 -2
BITMAP
00
00
00
E0
40
40
40
40
40
E0
80
40
ENDCHAR
STARTCHAR U+012f
ENCODING 303
SWIDTH 250 0
DWIDTH 3 0
BBX 3 12 0 -2
BITMAP
00
00
00
40
00
40
40
40
40
40
80
40
ENDCHAR
STARTCHAR U+0130
ENCODING 304
SWIDTH 333 0
DWIDTH 4 0
BBX 4 12 0 -2
BITMAP
00
40
00
E0
40
40
40
40
40
E0
00
00
ENDCHAR
STARTCHAR U+0131
ENCODING 305
SWIDTH 166 0
DWIDTH 2 0
BBX 2 12 0 -2
BITMAP
00
00
00
00
00
80
80
80
80
80
00
00
ENDCHAR
STARTCHAR U+0134
ENCODING 308
SWIDTH 500 0
DWIDTH 6 0
BBX 6 12 0 -2
BITMAP
20
50
00
08
08
08
08
08
88
70
00
00
ENDCHAR
STARTCHAR U+0135
ENCODING 309
SWIDTH 500 0
DWIDTH 6 0
BBX 6 12 0 -2
BITMAP
00
00
20
50
00
08
08
08
88
88
70
00
ENDCHAR
STARTCHAR U+0136
ENCODING 310
SWIDTH 500 0
DWIDTH 6 0
BBX 6 12 0 -2
BITMAP
00
00
00
88
90
E0
90
88
88
88
20
40
ENDCHAR
STARTCHAR U+0137
ENCODING 311
SWIDTH 416 0
DWIDTH 5 0
BBX 5 12 0 -2
BITMAP
00
00
00
80
80
90
A0
C0
A0
90
20
40
ENDCHAR
STARTCHAR U+0139
ENCODING 313
SWIDTH 500 0
DWIDTH 6 0
BBX 6 12 0 -2
BITMAP
10
20
00
80
80
80
80
80
80
F8
00
00
ENDCHAR
STARTCHAR U+013a
ENCODING 314
SWIDTH 250 0
DWIDTH 3 0
BBX 3 12 0 -2
BITMAP
40
80
00
80
80
80
80
80
80
40
00
00
ENDCHAR
STARTCHAR U+013b
ENCODING 315
SWIDTH 500 0
DWIDTH 6 0
BBX 6 12 0 -2
BITMAP
00
00
00
80
80
80
80
80
80
F8
10
20
ENDCHAR
STARTCHAR U+013c
ENCODING 316
SWIDTH 250 0
DWIDTH 3 0
BBX 3 12 0 -2
BITMAP
00
00
00
80
80
80
80
80
80
80
40
80
ENDCHAR
STARTCHAR U+013d
ENCODING 317
SWIDTH 500 0
DWIDTH 6 0
BBX 6 12 0 -2
BITMAP
00
00
00
90
90
80
80
80
80
F8
00
00
ENDCHAR
STARTCHAR U+013e
ENCODING 318
SWIDTH 333 0
DWIDTH 4 0
BBX 4 12 0 -2
BITMAP
00
00
00
A0
A0
80
80
80
80
40
00
00
ENDCHAR
STARTCHAR U+013f
ENCODING 319
SWIDTH 500 0
DWIDTH 6 0
BBX 6 12 0 -2
BITMAP
00
00
00
80
80
80
90
80
80
F8
00
00
ENDCHAR
STARTCHAR U+0140
ENCODING 320
SWIDTH 333 0
DWIDTH 4 0
BBX 4 12 0 -2
BITMAP
00
00
00
80
80
80
A0
80
80
40
00
00
ENDCHAR
STARTCHAR U+0141
ENCODING 321
SWIDTH 583 0
DWIDTH 7 0
BBX 7 12 0 -2
BITMAP
00
00
00
40
40
50
60
C0
40
7C
00
00
ENDCHAR
STARTCHAR U+0142
ENCODING 322
SWIDTH 416 0
DWIDTH 5 0
BBX 5 12 0 -2
BITMAP
00
00
00
40
40
50
60
C0
40
20
00
00
ENDCHAR
STARTCHAR U+0143
ENCODING 323
SWIDTH 500 0
DWIDTH 6 0
BBX 6 12 0 -2
BITMAP
10
20
00
88
C8
A8
98
88
88
88
00
00
ENDCHAR
STARTCHAR U+0144
ENCODING 324
SWIDTH 500 0
DWIDTH 6 0
BBX 6 12 0 -2
BITMAP
00
00
10
20
00
F0
88
88
88
88
00
00
ENDCHAR
STARTCHAR U+0145
ENCODING 325
SWIDTH 500 0
DWIDTH 6 0
BBX 6 12 0 -2
BITMAP
00
00
00
88
C8
A8
98
88
88
88
20
40
ENDCHAR
STARTCHAR U+0146
ENCODING 326
SWIDTH 500 0
DWIDTH 6 0
BBX 6 12 0 -2
BITMAP
00
00
00
00
00
F0
88
88
88
88
20
40
ENDCHAR
STARTCHAR U+0147
ENCODING 327
SWIDTH 500 0
DWIDTH 6 0
BBX 6 12 0 -2
BITMAP
50
20
00
88
C8
A8
98
88
88
88
00
00
ENDCHAR
STARTCHAR U+0148
ENCODING 328
SWIDTH 500 0
DWIDTH 6 0
BBX 6 12 0 -2
BITMAP
00
00
50
20
00
F0
88
88
88
88
00
00
ENDCHAR
STARTCHAR U+014a
ENCODING 330
SWIDTH 500 0
DWIDTH 6 0
BBX 6 12 0 -2
BITMAP
00
00
00
88
C8
A8
98
88
88
88
10
00
ENDCHAR
STARTCHAR U+014b
ENCODING 331
SWIDTH 500 0
DWIDTH 6 0
BBX 6 12 0 -2
BITMAP
00
00
00
00
00
F0
88
88
88
88
10
00
ENDCHAR
STARTCHAR U+014c
ENCODING 332
SWIDTH 500 0
DWIDTH 6 0
BBX 6 12 0 -2
BITMAP
00
70
00
70
88
88
88
88
88
70
00
00
ENDCHAR
STARTCHAR U+014d
ENCODING 333
SWIDTH 500 0
DWIDTH 6 0
BBX 6 12 0 -2
BITMAP
00
00
00
70
00
70
88
88
88
70
00
00
ENDCHAR
STARTCHAR U+014e
ENCODING 334
SWIDTH 500 0
DWIDTH 6 0
BBX 6 12 0 -2
BITMAP
48
30
00
70
88
88
88
88
88
70
00
00
ENDCHAR
STARTCHAR U+014f
ENCODING 335
SWIDTH 500 0
DWIDTH 6 0
BBX 6 12 0 -2
BITMAP
00
00
48
30
00
70
88
88
88
70
00
00
ENDCHAR
STARTCHAR U+0150
ENCODING 336
SWIDTH 500 0
DWIDTH 6 0
BBX 6 12 0 -2
BITMAP
48
90
00
70
88
88
88
88
88
70
00
00
ENDCHAR
STARTCHAR U+0151
ENCODING 337
SWIDTH 500 0
DWIDTH 6 0
BBX 6 12 0 -2
BITMAP
00
00
48
90
00
70
88
88
88
70
00
00
ENDCHAR
STARTCHAR U+0152
ENCODING 338
SWIDTH 833 0
DWIDTH 10 0
BBX 10 12 0 -2
BITMAP
0000
0000
0000
7F80
8800
8E00
8800
8800
8800
7F80
0000
0000
ENDCHAR
STARTCHAR U+0153
ENCODING 339
SWIDTH 833 0
DWIDTH 10 0
BBX 10 12 0 -2
BITMAP
0000
0000
0000
0000
0000
7700
8880
8F80
8800
7780
0000
0000
ENDCHAR
STARTCHAR U+0154
ENCODING 340
SWIDTH 500 0
DWIDTH 6 0
BBX 6 12 0 -2
BITMAP
10
20
00
F0
88
F0
88
88
88
88
00
00
ENDCHAR
STARTCHAR U+0155
ENCODING 341
SWIDTH 500 0
DWIDTH 6 0
BBX 6 12 0 -2
BITMAP
00
00
10
20
00
B0
C8
80
80
80
00
00
ENDCHAR
STARTCHAR U+0156
ENCODING 342
SWIDTH 500 0
DWIDTH 6 0
BBX 6 12 0 -2
BITMAP
00
00
00
F0
88
F0
88
88
88
88
20
40
ENDCHAR
STARTCHAR U+0157
ENCODING 343
SWIDTH 500 0
DWIDTH 6 0
BBX 6 12 0 -2
BITMAP
00
00
00
00
00
B0
C8
80
80
80
20
40
ENDCHAR
STARTCHAR U+0158
ENCODING 344
SWIDTH 500 0
DWIDTH 6 0
BBX 6 12 0 -2
BITMAP
50
20
00
F0
88
F0
88
88
88
88
00
00
ENDCHAR
STARTCHAR U+0159
ENCODING 345
SWIDTH 500 0
DWIDTH 6 0
BBX 6 12 0 -2
BITMAP
00
00
50
20
00
B0
C8
80
80
80
00
00
ENDCHAR
STARTCHAR U+015a
ENCODING 346
SWIDTH 500 0
DWIDTH 6 0
BBX 6 12 0 -2
BITMAP
10
20
00
78
80
70
08
08
88
70
00
00
ENDCHAR
STARTCHAR U+015b
ENCODING 347
SWIDTH 500 0
DWIDTH 6 0
BBX 6 12 0 -2
BITMAP
00
00
10
20
00
78
80
70
08
F0
00
00
ENDCHAR
STARTCHAR U+015c
ENCODING 348
SWIDTH 500 0
DWIDTH 6 0
BBX 6 12 0 -2
BITMAP
20
50
00
78
80
70
08
08
88
70
00
00
ENDCHAR
STARTCHAR U+015d
ENCODING 349
SWIDTH 500 0
DWIDTH 6 0
BBX 6 12 0 -2
BITMAP
00
00
20
50
00
78
80
70
08
F0
00
00
ENDCHAR
STARTCHAR U+015e
ENCODING 350
SWIDTH 500 0
DWIDTH 6 0
BBX 6 12 0 -2
BITMAP
00
00
00
78
80
70
08
08
88
70
10
20
ENDCHAR
STARTCHAR U+015f
ENCODING 351
SWIDTH 500 0
DWIDTH 6 0
BBX 6 12 0 -2
BITMAP
00
00
00
00
00
78
80
70
08
F0
10
20
ENDCHAR
STARTCHAR U+0160
ENCODING 352
SWIDTH 500 0
DWIDTH 6 0
BBX 6 12 0 -2
BITMAP
50
20
00
78
80
70
08
08
88
70
00
00
ENDCHAR
STARTCHAR U+0161
ENCODING 353
SWIDTH 500 0
DWIDTH 6 0
BBX 6 12 0 -2
BITMAP
00
00
50
20
00
78
80
70
08
F0
00
00
ENDCHAR
STARTCHAR U+0162
ENCODING 354
SWIDTH 500 0
DWIDTH 6 0
BBX 6 12 0 -2
BITMAP
00
00
00
F8
20
20
20
20
20
20
10
20
ENDCHAR
STARTCHAR U+0163
ENCODING 355
SWIDTH 333 0
DWIDTH 4 0
BBX 4 12 0 -2
BITMAP
00
00
00
40
40
E0
40
40
40
20
20
40
ENDCHAR
STARTCHAR U+0164
ENCODING 356
SWIDTH 500 0
DWIDTH 6 0
BBX 6 12 0 -2
BITMAP
50
20
00
F8
20
20
20
20
20
20
00
00
ENDCHAR
STARTCHAR U+0165
ENCODING 357
SWIDTH 416 0
DWIDTH 5 0
BBX 5 12 0 -2
BITMAP
00
00
10
50
40
E0
40
40
40
20
00
00
ENDCHAR
STARTCHAR U+0166
ENCODING 358
SWIDTH 500 0
DWIDTH 6 0
BBX 6 12 0 -2
BITMAP
00
00
00
F8
20
70
20
20
20
20
00
00
ENDCHAR
STARTCHAR U+0167
ENCODING 359
SWIDTH 333 0
DWIDTH 4 0
BBX 4 12 0 -2
BITMAP
00
00
00
40
40
E0
40
E0
40
20
00
00
ENDCHAR
STARTCHAR U+0168
ENCODING 360
SWIDTH 500 0
DWIDTH 6 0
BBX 6 12 0 -2
BITMAP
28
50
00
88
88
88
88
88
88
70
00
00
ENDCHAR
STARTCHAR U+0169
ENCODING 361
SWIDTH 500 0
DWIDTH 6 0
BBX 6 12 0 -2
BITMAP
00
00
28
50
00
88
88
88
88
78
00
00
ENDCHAR
STARTCHAR U+016a
ENCODING 362
SWIDTH 500 0
DWIDTH 6 0
BBX 6 12 0 -2
BITMAP
00
70
00
88
88
88
88
88
88
70
00
00
ENDCHAR
STARTCHAR U+016b
ENCODING 363
SWIDTH 500 0
DWIDTH 6 0
BBX 6 12 0 -2
BITMAP
00
00
00
70
00
88
88
88
88
78
00
00
ENDCHAR
STARTCHAR U+016c
ENCODING 364
SWIDTH 500 0
DWIDTH 6 0
BBX 6 12 0 -2
BITMAP
48
30
00
88
88
88
88
88
88
70
00
00
ENDCHAR
STARTCHAR U+016d
ENCODING 365
SWIDTH 500 0
DWIDTH 6 0
BBX 6 12 0 -2
BITMAP
00
00
48
30
00
88
88
88
88
78
00
00
ENDCHAR
STARTCHAR U+016e
ENCODING 366
SWIDTH 500 0
DWIDTH 6 0
BBX 6 12 0 -2
BITMAP
20
50
20
88
88
88
88
88
88
70
00
00
ENDCHAR
STARTCHAR U+016f
ENCODING 367
SWIDTH 500 0
DWIDTH 6 0
BBX 6 12 0 -2
BITMAP
00
20
50
20
00
88
88
88
88
78
00
00
ENDCHAR
STARTCHAR U+0170
ENCODING 368
SWIDTH 500 0
DWIDTH 6 0
BBX 6 12 0 -2
BITMAP
48
90
00
88
88
88
88
88
88
70
00
00
ENDCHAR
STARTCHAR U+0171
ENCODING 369
SWIDTH 500 0
DWIDTH 6 0
BBX 6 12 0 -2
BITMAP
00
00
48
90
00
88
88
88
88
78
00
00
ENDCHAR
STARTCHAR U+0172
ENCODING 370
SWIDTH 500 0
DWIDTH 6 0
BBX 6 12 0 -2
BITMAP
00
00
00
88
88
88
88
88
88
70
10
08
ENDCHAR
STARTCHAR U+0173
ENCODING 371
SWIDTH 500 0
DWIDTH 6 0
BBX 6 12 0 -2
BITMAP
00
00
00
00
00
88
88
88
88
78
10
08
ENDCHAR
STARTCHAR U+0174
ENCODING 372
SWIDTH 500 0
DWIDTH 6 0
BBX 6 12 0 -2
BITMAP
20
50
00
88
88
88
88
A8
D8
88
00
00
ENDCHAR
STARTCHAR U+0175
ENCODING 373
SWIDTH 500 0
DWIDTH 6 0
BBX 6 12 0 -2
BITMAP
00
00
20
50
00
88
88
A8
A8
78
00
00
ENDCHAR
STARTCHAR U+0176
ENCODING 374
SWIDTH 500 0
DWIDTH 6 0
BBX 6 12 0 -2
BITMAP
20
50
00
88
50
20
20
20
20
20
00
00
ENDCHAR
STARTCHAR U+0177
ENCODING 375
SWIDTH 500 0
DWIDTH 6 0
BBX 6 12 0 -2
BITMAP
00
00
20
50
00
88
88
88
78
08
F0
00
ENDCHAR
STARTCHAR U+0178
ENCODING 376
SWIDTH 500 0
DWIDTH 6 0
BBX 6 12 0 -2
BITMAP
00
50
00
88
50
20
20
20
20
20
00
00
ENDCHAR
STARTCHAR U+0179
ENCODING 377
SWIDTH 500 0
DWIDTH 6 0
BBX 6 12 0 -2
BITMAP
10
20
00
F8
08
10
20
40
80
F8
00
00
ENDCHAR
STARTCHAR U+017a
ENCODING 378
SWIDTH 500 0
DWIDTH 6 0
BBX 6 12 0 -2
BITMAP
00
00
10
20
00
F8
10
20
40
F8
00
00
ENDCHAR
STARTCHAR U+017b
ENCODING 379
SWIDTH 500 0
DWIDTH 6 0
BBX 6 12 0 -2
BITMAP
00
20
00
F8
08
10
20
40
80
F8
00
00
ENDCHAR
STARTCHAR U+017c
ENCODING 380
SWIDTH 500 0
DWIDTH 6 0
BBX 6 12 0 -2
BITMAP
00
00
00
20
00
F8
10
20
40
F8
00
00
ENDCHAR
STARTCHAR U+017d
ENCODING 381
SWIDTH 500 0
DWIDTH 6 0
BBX 6 12 0 -2
BITMAP
50
20
00
F8
08
10
20
40
80
F8
00
00
ENDCHAR
STARTCHAR U+017e
ENCODING 382
SWIDTH 500 0
DWIDTH 6 0
BBX 6 12 0 -2
BITMAP
00
00
50
20
00
F8
10
20
40
F8
00
00
ENDCHAR
STARTCHAR U+01fc
ENCODING 508
SWIDTH 833 0
DWIDTH 10 0
BBX 10 12 0 -2
BITMAP
0400
0800
0000
7F80
8800
FE00
8800
8800
8800
8F80
0000
0000
ENDCHAR
STARTCHAR U+01fd
ENCODING 509
SWIDTH 833 0
DWIDTH 10 0
BBX 10 12 0 -2
BITMAP
0000
0000
0400
0800
0000
7700
0880
7F80
8800
7F80
0000
0000
ENDCHAR
STARTCHAR U+01fe
ENCODING 510
SWIDTH 500 0
DWIDTH 6 0
BBX 6 12 0 -2
BITMAP
10
20
00
70
98
98
A8
C8
C8
70
00
00
ENDCHAR
STARTCHAR U+01ff
ENCODING 511
SWIDTH 500 0
DWIDTH 6 0
BBX 6 12 0 -2
BITMAP
00
00
10
20
00
70
98
A8
C8
70
00
00
ENDCHAR
STARTCHAR U+0218
ENCODING 536
SWIDTH 500 0
DWIDTH 6 0
BBX 6 12 0 -2
BITMAP
00
00
00
78
80
70
08
08
88
70
20
40
ENDCHAR
STARTCHAR U+0219
ENCODING 537
SWIDTH 500 0
DWIDTH 6 0
BBX 6 12 0 -2
BITMAP
00
00
00
00
00
78
80
70
08
F0
20
40
ENDCHAR
STARTCHAR U+021a
ENCODING 538
SWIDTH 500 0
DWIDTH 6 0
BBX 6 12 0 -2
BITMAP
00
00
00
F8
20
20
20
20
20
20
20
40
ENDCHAR
STARTCHAR U+021b
ENCODING 539
SWIDTH 333 0
DWIDTH 4 0
BBX 4 12 0 -2
BITMAP
00
00
00
40
40
E0
40
40
40
20
40
80
ENDCHAR
STARTCHAR U+0386
ENCODING 902
SWIDTH 666 0
DWIDTH 8 0
BBX 8 12 0 -2
BITMAP
00
00
00
9C
A2
3E
22
22
22
22
00
00
ENDCHAR
STARTCHAR U+0388
ENCODING 904
SWIDTH 666 0
DWIDTH 8 0
BBX 8 12 0 -2
BITMAP
00
00
00
BE
A0
38
20
20
20
3E
00
00
ENDCHAR
STARTCHAR U+0389
ENCODING 905
SWIDTH 666 0
DWIDTH 8 0
BBX 8 12 0 -2
BITMAP
00
00
00
A2
A2
3E
22
22
22
22
00
00
ENDCHAR
STARTCHAR U+038a
ENCODING 906
SWIDTH 500 0
DWIDTH 6 0
BBX 6 12 0 -2
BITMAP
00
00
00
B8
90
10
10
10
10
38
00
00
ENDCHAR
STARTCHAR U+038c
ENCODING 908
SWIDTH 666 0
DWIDTH 8 0
BBX 8 12 0 -2
BITMAP
00
00
00
9C
A2
22
22
22
22
1C
00
00
ENDCHAR
STARTCHAR U+038e
ENCODING 910
SWIDTH 666 0
DWIDTH 8 0
BBX 8 12 0 -2
BITMAP
00
00
00
A2
94
08
08
08
08
08
00
00
ENDCHAR
STARTCHAR U+038f
ENCODING 911
SWIDTH 666 0
DWIDTH 8 0
BBX 8 12 0 -2
BITMAP
00
00
00
9C
A2
22
22
22
14
36
00
00
ENDCHAR
STARTCHAR U+0390
ENCODING 912
SWIDTH 500 0
DWIDTH 6 0
BBX 6 12 0 -2
BITMAP
00
00
20
A8
00
20
20
20
20
20
00
00
ENDCHAR
STARTCHAR U+03aa
ENCODING 938
SWIDTH 333 0
DWIDTH 4 0
BBX 4 12 0 -2
BITMAP
00
A0
00
E0
40
40
40
40
40
E0
00
00
ENDCHAR
STARTCHAR U+03ab
ENCODING 939
SWIDTH 500 0
DWIDTH 6 0
BBX 6 12 0 -2
BITMAP
00
50
00
88
50
20
20
20
20
20
00
00
ENDCHAR
STARTCHAR U+03ac
ENCODING 940
SWIDTH 500 0
DWIDTH 6 0
BBX 6 12 0 -2
BITMAP
00
00
10
20
00
68
90
90
90
68
00
00
ENDCHAR
STARTCHAR U+03ad
ENCODING 941
SWIDTH 500 0
DWIDTH 6 0
BBX 6 12 0 -2
BITMAP
00
00
10
20
00
78
80
60
80
78
00
00
ENDCHAR
STARTCHAR U+03ae
ENCODING 942
SWIDTH 500 0
DWIDTH 6 0
BBX 6 12 0 -2
BITMAP
00
00
10
20
00
F0
88
88
88
88
08
00
ENDCHAR
STARTCHAR U+03af
ENCODING 943
SWIDTH 250 0
DWIDTH 3 0
BBX 3 12 0 -2
BITMAP
00
00
40
80
00
80
80
80
80
40
00
00
ENDCHAR
STARTCHAR U+03b0
ENCODING 944
SWIDTH 500 0
DWIDTH 6 0
BBX 6 12 0 -2
BITMAP
00
00
20
A8
00
90
88
88
88
70
00
00
ENDCHAR
STARTCHAR U+03ca
ENCODING 970
SWIDTH 333 0
DWIDTH 4 0
BBX 4 12 0 -2
BITMAP
00
00
00
A0
00
40
40
40
40
20
00
00
ENDCHAR
STARTCHAR U+03cb
ENCODING 971
SWIDTH 500 0
DWIDTH 6 0
BBX 6 12 0 -2
BITMAP
00
00
00
50
00
90
88
88
88
70
00
00
ENDCHAR
STARTCHAR U+03cc
ENCODING 972
SWIDTH 500 0
DWIDTH 6 0
BBX 6 12 0 -2
BITMAP
00
00
10
20
00
70
88
88
88
70
00
00
ENDCHAR
STARTCHAR U+03cd
ENCODING 973
SWIDTH 500 0
DWIDTH 6 0
BBX 6 12 0 -2
BITMAP
00
00
10
20
00
90
88
88
88
70
00
00
ENDCHAR
STARTCHAR U+03ce
ENCODING 974
SWIDTH 666 0
DWIDTH 8 0
BBX 8 12 0 -2
BITMAP
00
00
08
10
00
44
82
92
92
6C
00
00
ENDCHAR
STARTCHAR U+0400
ENCODING 1024
SWIDTH 500 0
DWIDTH 6 0
BBX 6 12 0 -2
BITMAP
40
20
00
F8
80
E0
80
80
80
F8
00
00
ENDCHAR
STARTCHAR U+0401
ENCODING 1025
SWIDTH 500 0
DWIDTH 6 0
BBX 6 12 0 -2
BITMAP
00
50
00
F8
80
E0
80
80
80
F8
00
00
ENDCHAR
STARTCHAR U+0403
ENCODING 1027
SWIDTH 500 0
DWIDTH 6 0
BBX 6 12 0 -2
BITMAP
10
20
00
F8
80
80
80
80
80
80
00
00
ENDCHAR
STARTCHAR U+0407
ENCODING 1031
SWIDTH 333 0
DWIDTH 4 0
BBX 4 12 0 -2
BITMAP
00
A0
00
E0
40
40
40
40
40
E0
00
00
ENDCHAR
STARTCHAR U+040c
ENCODING 1036
SWIDTH 500 0
DWIDTH 6 0
BBX 6 12 0 -2
BITMAP
10
20
00
88
90
E0
90
88
88
88
00
00
ENDCHAR
STARTCHAR U+040d
ENCODING 1037
SWIDTH 500 0
DWIDTH 6 0
BBX 6 12 0 -2
BITMAP
40
20
00
88
98
A8
C8
88
88
88
00
00
ENDCHAR
STARTCHAR U+040e
ENCODING 1038
SWIDTH 500 0
DWIDTH 6 0
BBX 6 12 0 -2
BITMAP
48
30
00
88
88
88
78
08
08
F0
00
00
ENDCHAR
STARTCHAR U+0419
ENCODING 1049
SWIDTH 500 0
DWIDTH 6 0
BBX 6 12 0 -2
BITMAP
48
30
00
88
98
A8
C8
88
88
88
00
00
ENDCHAR
STARTCHAR U+0439
ENCODING 1081
SWIDTH 500 0
DWIDTH 6 0
BBX 6 12 0 -2
BITMAP
00
00
48
30
00
88
98
A8
C8
88
00
00
ENDCHAR
STARTCHAR U+0450
ENCODING 1104
SWIDTH 500 0
DWIDTH 6 0
BBX 6 12 0 -2
BITMAP
00
00
40
20
00
70
88
F8
80
78
00
00
ENDCHAR
STARTCHAR U+0451
ENCODING 1105
SWIDTH 500 0
DWIDTH 6 0
BBX 6 12 0 -2
BITMAP
00
00
00
50
00
70
88
F8
80
78
00
00
ENDCHAR
STARTCHAR U+0452
ENCODING 1106
SWIDTH 583 0
DWIDTH 7 0
BBX 7 12 0 -2
BITMAP
00
00
00
40
F0
40
58
64
44
44
18
00
ENDCHAR
STARTCHAR U+0453
ENCODING 1107
SWIDTH 416 0
DWIDTH 5 0
BBX 5 12 0 -2
BITMAP
00
00
20
40
00
F0
80
80
80
80
00
00
ENDCHAR
STARTCHAR U+0457
ENCODING 1111
SWIDTH 333 0
DWIDTH 4 0
BBX 4 12 0 -2
BITMAP
00
00
00
A0
00
40
40
40
40
40
00
00
ENDCHAR
STARTCHAR U+045b
ENCODING 1115
SWIDTH 583 0
DWIDTH 7 0
BBX 7 12 0 -2
BITMAP
00
00
00
40
F0
40
58
64
44
44
00
00
ENDCHAR
STARTCHAR U+045c
ENCODING 1116
SWIDTH 416 0
DWIDTH 5 0
BBX 5 12 0 -2
BITMAP
00
00
20
40
00
90
A0
C0
A0
90
00
00
ENDCHAR
STARTCHAR U+045d
ENCODING 1117
SWIDTH 500 0
DWIDTH 6 0
BBX 6 12 0 -2
BITMAP
00
00
40
20
00
88
98
A8
C8
88
00
00
ENDCHAR
STARTCHAR U+045e
ENCODING 1118
SWIDTH 500 0
DWIDTH 6 0
BBX 6 12 0 -2
BITMAP
00
00
48
30
00
88
88
88
78
08
F0
00
ENDCHAR
STARTCHAR U+045f
ENCODING 1119
SWIDTH 500 0
DWIDTH 6 0
BBX 6 12 0 -2
BITMAP
00
00
00
00
00
88
88
88
88
F8
20
20
ENDCHAR
STARTCHAR U+0490
ENCODING 1168
SWIDTH 500 0
DWIDTH 6 0
BBX 6 12 0 -2
BITMAP
00
08
08
F8
80
80
80
80
80
80
00
00
ENDCHAR
STARTCHAR U+0491
ENCODING 1169
SWIDTH 500 0
DWIDTH 6 0
BBX 6 12 0 -2
BITMAP
00
00
00
08
08
F8
80
80
80
80
00
00
ENDCHAR
STARTCHAR U+1e02
ENCODING 7682
SWIDTH 500 0
DWIDTH 6 0
BBX 6 12 0 -2
BITMAP
00
20
00
F0
88
F0
88
88
88
F0
00
00
ENDCHAR
STARTCHAR U+1e03
ENCODING 7683
SWIDTH 500 0
DWIDTH 6 0
BBX 6 12 0 -2
BITMAP
00
00
00
A0
80
B0
C8
88
88
F0
00
00
ENDCHAR
STARTCHAR U+1e0a
ENCODING 7690
SWIDTH 500 0
DWIDTH 6 0
BBX 6 12 0 -2
BITMAP
00
20
00
F0
88
88
88
88
88
F0
00
00
ENDCHAR
STARTCHAR U+1e0b
ENCODING 7691
SWIDTH 500 0
DWIDTH 6 0
BBX 6 12 0 -2
BITMAP
00
00
00
28
08
68
98
88
88
78
00
00
ENDCHAR
STARTCHAR U+1e1e
ENCODING 7710
SWIDTH 500 0
DWIDTH 6 0
BBX 6 12 0 -2
BITMAP
00
20
00
F8
80
E0
80
80
80
80
00
00
ENDCHAR
STARTCHAR U+1e1f
ENCODING 7711
SWIDTH 416 0
DWIDTH 5 0
BBX 5 12 0 -2
BITMAP
00
40
00
30
40
F0
40
40
40
40
00
00
ENDCHAR
STARTCHAR U+1e22
ENCODING 7714
SWIDTH 500 0
DWIDTH 6 0
BBX 6 12 0 -2
BITMAP
00
20
00
88
88
F8
88
88
88
88
00
00
ENDCHAR
STARTCHAR U+1e23
ENCODING 7715
SWIDTH 500 0
DWIDTH 6 0
BBX 6 12 0 -2
BITMAP
00
00
00
A0
80
B0
C8
88
88
88
00
00
ENDCHAR
STARTCHAR U+1e30
ENCODING 7728
SWIDTH 500 0
DWIDTH 6 0
BBX 6 12 0 -2
BITMAP
10
20
00
88
90
E0
90
88
88
88
00
00
ENDCHAR
STARTCHAR U+1e31
ENCODING 7729
SWIDTH 416 0
DWIDTH 5 0
BBX 5 12 0 -2
BITMAP
00
10
20
80
80
90
A0
C0
A0
90
00
00
ENDCHAR
STARTCHAR U+1e40
ENCODING 7744
SWIDTH 500 0
DWIDTH 6 0
BBX 6 12 0 -2
BITMAP
00
20
00
88
D8
A8
88
88
88
88
00
00
ENDCHAR
STARTCHAR U+1e41
ENCODING 7745
SWIDTH 500 0
DWIDTH 6 0
BBX 6 12 0 -2
BITMAP
00
00
00
20
00
D0
A8
A8
88
88
00
00
ENDCHAR
STARTCHAR U+1e56
ENCODING 7766
SWIDTH 500 0
DWIDTH 6 0
BBX 6 12 0 -2
BITMAP
00
20
00
F0
88
F0
80
80
80
80
00
00
ENDCHAR
STARTCHAR U+1e57
ENCODING 7767
SWIDTH 500 0
DWIDTH 6 0
BBX 6 12 0 -2
BITMAP
00
00
00
20
00
B0
C8
88
F0
80
80
00
ENDCHAR
STARTCHAR U+1e60
ENCODING 7776
SWIDTH 500 0
DWIDTH 6 0
BBX 6 12 0 -2
BITMAP
00
20
00
78
80
70
08
08
88
70
00
00
ENDCHAR
STARTCHAR U+1e61
ENCODING 7777
SWIDTH 500 0
DWIDTH 6 0
BBX 6 12 0 -2
BITMAP
00
00
00
20
00
78
80
70
08
F0
00
00
ENDCHAR
STARTCHAR U+1e6a
ENCODING 7786
SWIDTH 500 0
DWIDTH 6 0
BBX 6 12 0 -2
BITMAP
00
20
00
F8
20
20
20
20
20
20
00
00
ENDCHAR
STARTCHAR U+1e6b
ENCODING 7787
SWIDTH 333 0
DWIDTH 4 0
BBX 4 12 0 -2
BITMAP
00
40
00
40
40
E0
40
40
40
20
00
00
ENDCHAR
STARTCHAR U+1e80
ENCODING 7808
SWIDTH 500 0
DWIDTH 6 0
BBX 6 12 0 -2
BITMAP
40
20
00
88
88
88
88
A8
D8
88
00
00
ENDCHAR
STARTCHAR U+1e81
ENCODING 7809
SWIDTH 500 0
DWIDTH 6 0
BBX 6 12 0 -2
BITMAP
00
00
40
20
00
88
88
A8
A8
78
00
00
ENDCHAR
STARTCHAR U+1e82
ENCODING 7810
SWIDTH 500 0
DWIDTH 6 0
BBX 6 12 0 -2
BITMAP
10
20
00
88
88
88
88
A8
D8
88
00
00
ENDCHAR
STARTCHAR U+1e83
ENCODING 7811
SWIDTH 500 0
DWIDTH 6 0
BBX 6 12 0 -2
BITMAP
00
00
10
20
00
88
88
A8
A8
78
00
00
ENDCHAR
STARTCHAR U+1e84
ENCODING 7812
SWIDTH 500 0
DWIDTH 6 0
BBX 6 12 0 -2
BITMAP
00
50
00
88
88
88
88
A8
D8
88
00
00
ENDCHAR
STARTCHAR U+1e85
ENCODING 7813
SWIDTH 500 0
DWIDTH 6 0
BBX 6 12 0 -2
BITMAP
00
00
00
50
00
88
88
A8
A8
78
00
00
ENDCHAR
STARTCHAR U+1ef2
ENCODING 7922
SWIDTH 500 0
DWIDTH 6 0
BBX 6 12 0 -2
BITMAP
40
20
00
88
50
20
20
20
20
20
00
00
ENDCHAR
STARTCHAR U+1ef3
ENCODING 7923
SWIDTH 500 0
DWIDTH 6 0
BBX 6 12 0 -2
BITMAP
00
00
40
20
00
88
88
88
78
08
F0
00
ENDCHAR
STARTCHAR U+00e8
ENCODING 232
SWIDTH 500 0
DWIDTH 6 0
BBX 6 12 0 -2
BITMAP
00
00
40
20
00
70
88
F8
80
78
00
00
ENDCHAR
STARTCHAR U+00e9
ENCODING 233
SWIDTH 500 0
DWIDTH 6 0
BBX 6 12 0 -2
BITMAP
00
00
10
20
00
70
88
F8
80
78
00
00
ENDCHAR
STARTCHAR U+00ea
ENCODING 234
SWIDTH 500 0
DWIDTH 6 0
BBX 6 12 0 -2
BITMAP
00
00
20
50
00
70
88
F8
80
78
00
00
ENDCHAR
STARTCHAR U+00eb
ENCODING 235
SWIDTH 500 0
DWIDTH 6 0
BBX 6 12 0 -2
BITMAP
00
00
00
50
00
70
88
F8
80
78
00
00
ENDCHAR
STARTCHAR U+0149
ENCODING 329
SWIDTH 666 0
DWIDTH 8 0
BBX 8 12 0 -2
BITMAP
00
00
00
80
80
3C
22
22
22
22
00
00
ENDCHAR
STARTCHAR U+01e7
ENCODING 487
SWIDTH 500 0
DWIDTH 6 0
BBX 6 12 0 -2
BITMAP
00
00
50
20
00
78
88
88
78
08
F0
00
ENDCHAR
STARTCHAR U+01eb
ENCODING 491
SWIDTH 500 0
DWIDTH 6 0
BBX 6 12 0 -2
BITMAP
00
00
00
00
00
70
88
88
88
70
10
08
ENDCHAR
STARTCHAR U+040f
ENCODING 1039
SWIDTH 500 0
DWIDTH 6 0
BBX 6 12 0 -2
BITMAP
00
00
00
88
88
88
88
88
88
F8
20
20
ENDCHAR
STARTCHAR U+1e0d
ENCODING 7693
SWIDTH 500 0
DWIDTH 6 0
BBX 6 12 0 -2
BITMAP
00
00
00
08
08
68
98
88
88
78
00
20
ENDCHAR
STARTCHAR U+1e25
ENCODING 7717
SWIDTH 500 0
DWIDTH 6 0
BBX 6 12 0 -2
BITMAP
00
00
00
80
80
B0
C8
88
88
88
00
20
ENDCHAR
STARTCHAR U+1e5b
ENCODING 7771
SWIDTH 500 0
DWIDTH 6 0
BBX 6 12 0 -2
BITMAP
00
00
00
00
00
B0
C8
80
80
80
00
20
ENDCHAR
STARTCHAR U+1e6d
ENCODING 7789
SWIDTH 333 0
DWIDTH 4 0
BBX 4 12 0 -2
BITMAP
00
00
00
40
40
E0
40
40
40
20
00
40
ENDCHAR
STARTCHAR U+1e92
ENCODING 7826
SWIDTH 500 0
DWIDTH 6 0
BBX 6 12 0 -2
BITMAP
00
00
00
F8
08
10
20
40
80
F8
00
20
ENDCHAR
STARTCHAR U+1eca
ENCODING 7882
SWIDTH 333 0
DWIDTH 4 0
BBX 4 12 0 -2
BITMAP
00
00
00
E0
40
40
40
40
40
E0
00
40
ENDCHAR
STARTCHAR U+1ecb
ENCODING 7883
SWIDTH 166 0
DWIDTH 2 0
BBX 2 12 0 -2
BITMAP
00
00
00
80
00
80
80
80
80
80
00
80
ENDCHAR
STARTCHAR U+1ecc
ENCODING 7884
SWIDTH 500 0
DWIDTH 6 0
BBX 6 12 0 -2
BITMAP
00
00
00
70
88
88
88
88
88
70
00
20
ENDCHAR
STARTCHAR U+1ecd
ENCODING 7885
SWIDTH 500 0
DWIDTH 6 0
BBX 6 12 0 -2
BITMAP
00
00
00
00
00
70
88
88
88
70
00
20
ENDCHAR
STARTCHAR U+1ee4
ENCODING 7908
SWIDTH 500 0
DWIDTH 6 0
BBX 6 12 0 -2
BITMAP
00
00
00
88
88
88
88
88
88
70
00
20
ENDCHAR
STARTCHAR U+1ee5
ENCODING 7909
SWIDTH 500 0
DWIDTH 6 0
BBX 6 12 0 -2
BITMAP
00
00
00
00
00
88
88
88
88
78
00
20
ENDCHAR
STARTCHAR U+2116
ENCODING 8470
SWIDTH 833 0
DWIDTH 10 0
BBX 10 12 0 -2
BITMAP
0000
0000
0000
8800
C800
A900
9A80
8900
8800
8B80
0000
0000
ENDCHAR
STARTCHAR U+0207
ENCODING 519
SWIDTH 500 0
DWIDTH 6 0
BBX 6 12 0 -2
BITMAP
00
00
30
48
00
70
88
F8
80
78
00
00
ENDCHAR
STARTCHAR U+0194
ENCODING 404
SWIDTH 500 0
DWIDTH 6 0
BBX 6 12 0 -2
BITMAP
00
00
00
88
88
50
50
20
50
50
20
00
ENDCHAR
STARTCHAR U+0263
ENCODING 611
SWIDTH 500 0
DWIDTH 6 0
BBX 6 12 0 -2
BITMAP
00
00
00
00
00
88
50
20
50
50
20
00
ENDCHAR
STARTCHAR U+0283
ENCODING 643
SWIDTH 500 0
DWIDTH 6 0
BBX 6 12 0 -2
BITMAP
00
00
00
18
20
20
20
20
20
20
C0
00
ENDCHAR
STARTCHAR U+2047
ENCODING 8263
SWIDTH 833 0
DWIDTH 10 0
BBX 10 12 0 -2
BITMAP
0000
0000
0000
7700
8880
0880
1100
2200
0000
2200
0000
0000
ENDCHAR
STARTCHAR U+01f1
ENCODING 497
SWIDTH 833 0
DWIDTH 10 0
BBX 10 12 0 -2
BITMAP
0000
0000
0000
E780
9080
9100
9200
9200
9400
E780
0000
0000
ENDCHAR
STARTCHAR U+01f2
ENCODING 498
SWIDTH 833 0
DWIDTH 10 0
BBX 10 12 0 -2
BITMAP
0000
0000
0000
E000
9000
9780
9080
9300
9400
E780
0000
0000
ENDCHAR
STARTCHAR U+01f3
ENCODING 499
SWIDTH 833 0
DWIDTH 10 0
BBX 10 12 0 -2
BITMAP
0000
0000
0000
1000
1000
5780
B080
9300
9400
7780
0000
0000
ENDCHAR
STARTCHAR U+01c4
ENCODING 452
SWIDTH 833 0
DWIDTH 10 0
BBX 10 12 0 -2
BITMAP
0280
0100
0000
E780
9080
9100
9200
9200
9400
E780
0000
0000
ENDCHAR
STARTCHAR U+01c5
ENCODING 453
SWIDTH 833 0
DWIDTH 10 0
BBX 10 12 0 -2
BITMAP
0000
0000
0280
E100
9000
9780
9080
9300
9400
E780
0000
0000
ENDCHAR
STARTCHAR U+01c6
ENCODING 454
SWIDTH 833 0
DWIDTH 10 0
BBX 10 12 0 -2
BITMAP
0000
0000
0280
1100
1000
5780
B080
9300
9400
7780
0000
0000
ENDCHAR
STARTCHAR U+01c7
ENCODING 455
SWIDTH 833 0
DWIDTH 10 0
BBX 10 12 0 -2
BITMAP
0000
0000
0000
8080
8080
8080
8080
8080
8480
F300
0000
0000
ENDCHAR
STARTCHAR U+01c8
ENCODING 456
SWIDTH 833 0
DWIDTH 10 0
BBX 10 12 0 -2
BITMAP
0000
0000
0000
8080
8000
8080
8080
8080
8480
F480
0300
0000
ENDCHAR
STARTCHAR U+01ca
ENCODING 458
SWIDTH 833 0
DWIDTH 10 0
BBX 10 12 0 -2
BITMAP
0000
0000
0000
9080
D080
D080
B080
B080
9480
9300
0000
0000
ENDCHAR
STARTCHAR U+01cb
ENCODING 459
SWIDTH 833 0
DWIDTH 10 0
BBX 10 12 0 -2
BITMAP
0000
0000
0000
9080
D000
D080
B080
B080
9480
9480
0300
0000
ENDCHAR
STARTCHAR U+01cc
ENCODING 460
SWIDTH 833 0
DWIDTH 10 0
BBX 10 12 0 -2
BITMAP
0000
0000
0000
0080
0000
E080
9080
9080
9480
9480
0300
0000
ENDCHAR
STARTCHAR U+2139
ENCODING 8505
SWIDTH 833 0
DWIDTH 10 0
BBX 10 12 0 -2
BITMAP
0000
0000
3E00
4100
8880
8080
9880
8880
9C80
4100
3E00
0000
ENDCHAR
STARTCHAR U+1d6b
ENCODING 7531
SWIDTH 833 0
DWIDTH 10 0
BBX 10 12 0 -2
BITMAP
0000
0000
0000
0000
0000
8F00
8880
8F80
8800
7F80
0000
0000
ENDCHAR
STARTCHAR U+a732
ENCODING 42802
SWIDTH 833 0
DWIDTH 10 0
BBX 10 12 0 -2
BITMAP
0000
0000
0000
7700
8880
FF80
8880
8880
8880
8880
0000
0000
ENDCHAR
STARTCHAR U+a733
ENCODING 42803
SWIDTH 833 0
DWIDTH 10 0
BBX 10 12 0 -2
BITMAP
0000
0000
0000
0000
0000
7700
0880
7F80
8880
7F80
0000
0000
ENDCHAR
STARTCHAR U+a734
ENCODING 42804
SWIDTH 833 0
DWIDTH 10 0
BBX 10 12 0 -2
BITMAP
0000
0000
0000
7700
8880
F880
8880
8880
8880
8F00
0000
0000
ENDCHAR
STARTCHAR U+a735
ENCODING 42805
SWIDTH 833 0
DWIDTH 10 0
BBX 10 12 0 -2
BITMAP
0000
0000
0000
0000
0000
7700
0880
7880
8880
7F00
0000
0000
ENDCHAR
STARTCHAR U+a736
ENCODING 42806
SWIDTH 833 0
DWIDTH 10 0
BBX 10 12 0 -2
BITMAP
0000
0000
0000
7080
8880
F880
8880
8880
8880
8F00
0000
0000
ENDCHAR
STARTCHAR U+a737
ENCODING 42807
SWIDTH 833 0
DWIDTH 10 0
BBX 10 12 0 -2
BITMAP
0000
0000
0000
0000
0000
7080
0880
7880
8880
7F80
0000
0000
ENDCHAR
STARTCHAR U+a738
ENCODING 42808
SWIDTH 833 0
DWIDTH 10 0
BBX 10 12 0 -2
BITMAP
0000
0000
0000
7080
8880
F900
8900
8A00
8A00
8C00
0000
0000
ENDCHAR
STARTCHAR U+a73a
ENCODING 42810
SWIDTH 833 0
DWIDTH 10 0
BBX 10 12 0 -2
BITMAP
0000
0000
0000
7080
8880
FF80
8900
8A00
8A00
8C00
0000
0000
ENDCHAR
STARTCHAR U+a73c
ENCODING 42812
SWIDTH 833 0
DWIDTH 10 0
BBX 10 12 0 -2
BITMAP
0000
0000
0000
7080
8880
F900
8900
8A00
8A00
8C00
0800
3000
ENDCHAR
STARTCHAR U+a73d
ENCODING 42813
SWIDTH 750 0
DWIDTH 9 0
BBX 9 12 0 -2
BITMAP
0000
0000
0000
0000
0000
7100
0900
7900
8A00
7C00
0800
3000
ENDCHAR
STARTCHAR U+a74e
ENCODING 42830
SWIDTH 833 0
DWIDTH 10 0
BBX 10 12 0 -2
BITMAP
0000
0000
0000
7700
8880
8880
8880
8880
8880
7700
0000
0000
ENDCHAR
STARTCHAR U+a74f
ENCODING 42831
SWIDTH 833 0
DWIDTH 10 0
BBX 10 12 0 -2
BITMAP
0000
0000
0000
0000
0000
7700
8880
8880
8880
7700
0000
0000
ENDCHAR
STARTCHAR U+a760
ENCODING 42848
SWIDTH 500 0
DWIDTH 6 0
BBX 6 12 0 -2
BITMAP
00
00
00
88
88
88
88
A8
D8
88
08
30
ENDCHAR
STARTCHAR U+a761
ENCODING 42849
SWIDTH 500 0
DWIDTH 6 0
BBX 6 12 0 -2
BITMAP
00
00
00
00
00
88
88
A8
A8
78
08
30
ENDCHAR
STARTCHAR U+fb04
ENCODING 64260
SWIDTH 833 0
DWIDTH 10 0
BBX 10 12 0 -2
BITMAP
0000
0000
0000
3700
4900
FF00
4900
4900
4900
4880
0000
0000
ENDCHAR
STARTCHAR U+fb06
ENCODING 64262
SWIDTH 833 0
DWIDTH 10 0
BBX 10 12 0 -2
BITMAP
0000
0000
0000
0700
0900
7B80
8100
7100
0900
F080
0000
0000
ENDCHAR
STARTCHAR U+16a1
ENCODING 5793
SWIDTH 416 0
DWIDTH 5 0
BBX 5 12 0 -2
BITMAP
00
00
40
90
A0
D0
A0
C0
80
80
00
00
ENDCHAR
STARTCHAR U+16b5
ENCODING 5813
SWIDTH 416 0
DWIDTH 5 0
BBX 5 12 0 -2
BITMAP
00
00
40
90
A0
C0
80
80
80
80
00
00
ENDCHAR
STARTCHAR U+01a0
ENCODING 416
SWIDTH 666 0
DWIDTH 8 0
BBX 8 12 0 -2
BITMAP
00
00
00
72
8A
8C
88
88
88
70
00
00
ENDCHAR
STARTCHAR U+01a1
ENCODING 417
SWIDTH 666 0
DWIDTH 8 0
BBX 8 12 0 -2
BITMAP
00
00
00
00
00
72
8A
8C
88
70
00
00
ENDCHAR
STARTCHAR U+01af
ENCODING 431
SWIDTH 666 0
DWIDTH 8 0
BBX 8 12 0 -2
BITMAP
00
00
00
8A
8A
8C
88
88
88
70
00
00
ENDCHAR
STARTCHAR U+01b0
ENCODING 432
SWIDTH 666 0
DWIDTH 8 0
BBX 8 12 0 -2
BITMAP
00
00
00
00
00
8A
8A
8C
88
78
00
00
ENDCHAR
STARTCHAR U+1eae
ENCODING 7854
SWIDTH 500 0
DWIDTH 6 0
BBX 6 12 0 -2
BITMAP
10
20
88
70
00
70
88
F8
88
88
00
00
ENDCHAR
STARTCHAR U+1eaf
ENCODING 7855
SWIDTH 500 0
DWIDTH 6 0
BBX 6 12 0 -2
BITMAP
10
20
88
70
00
70
08
78
88
78
00
00
ENDCHAR
STARTCHAR U+1ea4
ENCODING 7844
SWIDTH 500 0
DWIDTH 6 0
BBX 6 12 0 -2
BITMAP
08
10
40
A0
00
70
88
F8
88
88
00
00
ENDCHAR
STARTCHAR U+1ea5
ENCODING 7845
SWIDTH 500 0
DWIDTH 6 0
BBX 6 12 0 -2
BITMAP
08
10
40
A0
00
70
08
78
88
78
00
00
ENDCHAR
STARTCHAR U+1ebe
ENCODING 7870
SWIDTH 500 0
DWIDTH 6 0
BBX 6 12 0 -2
BITMAP
08
10
40
A0
00
F8
80
E0
80
F8
00
00
ENDCHAR
STARTCHAR U+1ebf
ENCODING 7871
SWIDTH 500 0
DWIDTH 6 0
BBX 6 12 0 -2
BITMAP
08
10
40
A0
00
70
88
F8
80
78
00
00
ENDCHAR
STARTCHAR U+1ed1
ENCODING 7889
SWIDTH 500 0
DWIDTH 6 0
BBX 6 12 0 -2
BITMAP
08
10
40
A0
00
70
88
88
88
70
00
00
ENDCHAR
STARTCHAR U+1eda
ENCODING 7898
SWIDTH 666 0
DWIDTH 8 0
BBX 8 12 0 -2
BITMAP
10
20
00
72
8A
8C
88
88
88
70
00
00
ENDCHAR
STARTCHAR U+1edb
ENCODING 7899
SWIDTH 666 0
DWIDTH 8 0
BBX 8 12 0 -2
BITMAP
00
00
10
20
00
72
8A
8C
88
70
00
00
ENDCHAR
STARTCHAR U+1ee8
ENCODING 7912
SWIDTH 666 0
DWIDTH 8 0
BBX 8 12 0 -2
BITMAP
10
20
00
8A
8A
8C
88
88
88
70
00
00
ENDCHAR
STARTCHAR U+1ee9
ENCODING 7913
SWIDTH 666 0
DWIDTH 8 0
BBX 8 12 0 -2
BITMAP
00
00
10
20
00
8A
8A
8C
88
78
00
00
ENDCHAR
STARTCHAR U+1eb0
ENCODING 7856
SWIDTH 500 0
DWIDTH 6 0
BBX 6 12 0 -2
BITMAP
40
20
88
70
00
70
88
F8
88
88
00
00
ENDCHAR
STARTCHAR U+1eb1
ENCODING 7857
SWIDTH 500 0
DWIDTH 6 0
BBX 6 12 0 -2
BITMAP
40
20
88
70
00
70
08
78
88
78
00
00
ENDCHAR
STARTCHAR U+1ea6
ENCODING 7846
SWIDTH 500 0
DWIDTH 6 0
BBX 6 12 0 -2
BITMAP
80
40
10
28
00
70
88
F8
88
88
00
00
ENDCHAR
STARTCHAR U+1ea7
ENCODING 7847
SWIDTH 500 0
DWIDTH 6 0
BBX 6 12 0 -2
BITMAP
80
40
10
28
00
70
08
78
88
78
00
00
ENDCHAR
STARTCHAR U+1ec0
ENCODING 7872
SWIDTH 500 0
DWIDTH 6 0
BBX 6 12 0 -2
BITMAP
80
40
10
28
00
F8
80
E0
80
F8
00
00
ENDCHAR
STARTCHAR U+1ec1
ENCODING 7873
SWIDTH 500 0
DWIDTH 6 0
BBX 6 12 0 -2
BITMAP
80
40
10
28
00
70
88
F8
80
78
00
00
ENDCHAR
STARTCHAR U+1ed3
ENCODING 7891
SWIDTH 500 0
DWIDTH 6 0
BBX 6 12 0 -2
BITMAP
80
40
10
28
00
70
88
88
88
70
00
00
ENDCHAR
STARTCHAR U+1edc
ENCODING 7900
SWIDTH 666 0
DWIDTH 8 0
BBX 8 12 0 -2
BITMAP
40
20
00
72
8A
8C
88
88
88
70
00
00
ENDCHAR
STARTCHAR U+1edd
ENCODING 7901
SWIDTH 666 0
DWIDTH 8 0
BBX 8 12 0 -2
BITMAP
00
00
40
20
00
72
8A
8C
88
70
00
00
ENDCHAR
STARTCHAR U+1eea
ENCODING 7914
SWIDTH 666 0
DWIDTH 8 0
BBX 8 12 0 -2
BITMAP
40
20
00
8A
8A
8C
88
88
88
70
00
00
ENDCHAR
STARTCHAR U+1eeb
ENCODING 7915
SWIDTH 666 0
DWIDTH 8 0
BBX 8 12 0 -2
BITMAP
00
00
40
20
00
8A
8A
8C
88
78
00
00
ENDCHAR
STARTCHAR U+1ea2
ENCODING 7842
SWIDTH 500 0
DWIDTH 6 0
BBX 6 12 0 -2
BITMAP
60
10
20
00
70
88
F8
88
88
88
00
00
ENDCHAR
STARTCHAR U+1ea3
ENCODING 7843
SWIDTH 500 0
DWIDTH 6 0
BBX 6 12 0 -2
BITMAP
00
60
10
20
00
70
08
78
88
78
00
00
ENDCHAR
STARTCHAR U+1eb2
ENCODING 7858
SWIDTH 500 0
DWIDTH 6 0
BBX 6 12 0 -2
BITMAP
60
10
20
88
70
70
88
F8
88
88
00
00
ENDCHAR
STARTCHAR U+1eb3
ENCODING 7859
SWIDTH 500 0
DWIDTH 6 0
BBX 6 12 0 -2
BITMAP
60
10
20
88
70
70
08
78
88
78
00
00
ENDCHAR
STARTCHAR U+1ea8
ENCODING 7848
SWIDTH 500 0
DWIDTH 6 0
BBX 6 12 0 -2
BITMAP
30
08
50
A0
00
70
88
F8
88
88
00
00
ENDCHAR
STARTCHAR U+1ea9
ENCODING 7849
SWIDTH 500 0
DWIDTH 6 0
BBX 6 12 0 -2
BITMAP
30
08
50
A0
00
70
08
78
88
78
00
00
ENDCHAR
STARTCHAR U+1eba
ENCODING 7866
SWIDTH 500 0
DWIDTH 6 0
BBX 6 12 0 -2
BITMAP
60
10
20
00
F8
80
E0
80
80
F8
00
00
ENDCHAR
STARTCHAR U+1ebb
ENCODING 7867
SWIDTH 500 0
DWIDTH 6 0
BBX 6 12 0 -2
BITMAP
00
60
10
20
00
70
88
F8
80
78
00
00
ENDCHAR
STARTCHAR U+1ed5
ENCODING 7893
SWIDTH 500 0
DWIDTH 6 0
BBX 6 12 0 -2
BITMAP
30
08
50
A0
00
70
88
88
88
70
00
00
ENDCHAR
STARTCHAR U+1ede
ENCODING 7902
SWIDTH 666 0
DWIDTH 8 0
BBX 8 12 0 -2
BITMAP
60
10
20
00
72
8A
8C
88
88
70
00
00
ENDCHAR
STARTCHAR U+1ec2
ENCODING 7874
SWIDTH 500 0
DWIDTH 6 0
BBX 6 12 0 -2
BITMAP
30
08
50
A0
00
F8
80
E0
80
F8
00
00
ENDCHAR
STARTCHAR U+1ec3
ENCODING 7875
SWIDTH 500 0
DWIDTH 6 0
BBX 6 12 0 -2
BITMAP
30
08
50
A0
00
70
88
F8
80
78
00
00
ENDCHAR
STARTCHAR U+1ec8
ENCODING 7880
SWIDTH 333 0
DWIDTH 4 0
BBX 4 12 0 -2
BITMAP
C0
20
40
00
E0
40
40
40
40
E0
00
00
ENDCHAR
STARTCHAR U+1ec9
ENCODING 7881
SWIDTH 333 0
DWIDTH 4 0
BBX 4 12 0 -2
BITMAP
00
C0
20
40
00
40
40
40
40
40
00
00
ENDCHAR
STARTCHAR U+1ece
ENCODING 7886
SWIDTH 500 0
DWIDTH 6 0
BBX 6 12 0 -2
BITMAP
60
10
20
00
70
88
88
88
88
70
00
00
ENDCHAR
STARTCHAR U+1ecf
ENCODING 7887
SWIDTH 500 0
DWIDTH 6 0
BBX 6 12 0 -2
BITMAP
00
60
10
20
00
70
88
88
88
70
00
00
ENDCHAR
STARTCHAR U+1ed4
ENCODING 7892
SWIDTH 500 0
DWIDTH 6 0
BBX 6 12 0 -2
BITMAP
30
08
50
A0
70
88
88
88
88
70
00
00
ENDCHAR
STARTCHAR U+1edf
ENCODING 7903
SWIDTH 666 0
DWIDTH 8 0
BBX 8 12 0 -2
BITMAP
00
60
10
20
00
72
8A
8C
88
70
00
00
ENDCHAR
STARTCHAR U+1ee6
ENCODING 7910
SWIDTH 500 0
DWIDTH 6 0
BBX 6 12 0 -2
BITMAP
60
10
20
00
88
88
88
88
88
70
00
00
ENDCHAR
STARTCHAR U+1ee7
ENCODING 7911
SWIDTH 500 0
DWIDTH 6 0
BBX 6 12 0 -2
BITMAP
00
60
10
20
00
88
88
88
88
78
00
00
ENDCHAR
STARTCHAR U+1eec
ENCODING 7916
SWIDTH 666 0
DWIDTH 8 0
BBX 8 12 0 -2
BITMAP
60
10
20
00
8A
8A
8C
88
88
70
00
00
ENDCHAR
STARTCHAR U+1eed
ENCODING 7917
SWIDTH 666 0
DWIDTH 8 0
BBX 8 12 0 -2
BITMAP
00
60
10
20
00
8A
8A
8C
88
78
00
00
ENDCHAR
STARTCHAR U+1ef6
ENCODING 7926
SWIDTH 500 0
DWIDTH 6 0
BBX 6 12 0 -2
BITMAP
60
10
20
00
88
50
20
20
20
20
00
00
ENDCHAR
STARTCHAR U+1ef7
ENCODING 7927
SWIDTH 500 0
DWIDTH 6 0
BBX 6 12 0 -2
BITMAP
00
60
10
20
00
88
88
88
78
08
F0
00
ENDCHAR
STARTCHAR U+1ea0
ENCODING 7840
SWIDTH 500 0
DWIDTH 6 0
BBX 6 12 0 -2
BITMAP
00
00
00
70
88
F8
88
88
88
88
00
20
ENDCHAR
STARTCHAR U+1ea1
ENCODING 7841
SWIDTH 500 0
DWIDTH 6 0
BBX 6 12 0 -2
BITMAP
00
00
00
00
00
70
08
78
88
78
00
20
ENDCHAR
STARTCHAR U+1eb6
ENCODING 7862
SWIDTH 500 0
DWIDTH 6 0
BBX 6 12 0 -2
BITMAP
48
30
00
70
88
F8
88
88
88
88
00
20
ENDCHAR
STARTCHAR U+1eb7
ENCODING 7863
SWIDTH 500 0
DWIDTH 6 0
BBX 6 12 0 -2
BITMAP
00
00
48
30
00
70
08
78
88
78
00
20
ENDCHAR
STARTCHAR U+1eac
ENCODING 7852
SWIDTH 500 0
DWIDTH 6 0
BBX 6 12 0 -2
BITMAP
20
50
00
70
88
F8
88
88
88
88
00
20
ENDCHAR
STARTCHAR U+1ead
ENCODING 7853
SWIDTH 500 0
DWIDTH 6 0
BBX 6 12 0 -2
BITMAP
00
00
20
50
00
70
08
78
88
78
00
20
ENDCHAR
STARTCHAR U+1eb8
ENCODING 7864
SWIDTH 500 0
DWIDTH 6 0
BBX 6 12 0 -2
BITMAP
00
00
00
F8
80
E0
80
80
80
F8
00
20
ENDCHAR
STARTCHAR U+1eb9
ENCODING 7865
SWIDTH 500 0
DWIDTH 6 0
BBX 6 12 0 -2
BITMAP
00
00
00
00
00
70
88
F8
80
78
00
20
ENDCHAR
STARTCHAR U+1ec6
ENCODING 7878
SWIDTH 500 0
DWIDTH 6 0
BBX 6 12 0 -2
BITMAP
20
50
00
F8
80
E0
80
80
80
F8
00
20
ENDCHAR
STARTCHAR U+1ec7
ENCODING 7879
SWIDTH 500 0
DWIDTH 6 0
BBX 6 12 0 -2
BITMAP
00
00
20
50
00
70
88
F8
80
78
00
20
ENDCHAR
STARTCHAR U+1ed8
ENCODING 7896
SWIDTH 500 0
DWIDTH 6 0
BBX 6 12 0 -2
BITMAP
20
50
00
70
88
88
88
88
88
70
00
20
ENDCHAR
STARTCHAR U+1ed9
ENCODING 7897
SWIDTH 500 0
DWIDTH 6 0
BBX 6 12 0 -2
BITMAP
00
00
20
50
00
70
88
88
88
70
00
20
ENDCHAR
STARTCHAR U+1ee2
ENCODING 7906
SWIDTH 666 0
DWIDTH 8 0
BBX 8 12 0 -2
BITMAP
00
00
00
72
8A
8C
88
88
88
70
00
20
ENDCHAR
STARTCHAR U+1ee3
ENCODING 7907
SWIDTH 666 0
DWIDTH 8 0
BBX 8 12 0 -2
BITMAP
00
00
00
00
00
72
8A
8C
88
70
00
20
ENDCHAR
STARTCHAR U+1ef0
ENCODING 7920
SWIDTH 666 0
DWIDTH 8 0
BBX 8 12 0 -2
BITMAP
00
00
00
8A
8A
8C
88
88
88
70
00
20
ENDCHAR
STARTCHAR U+1ef1
ENCODING 7921
SWIDTH 666 0
DWIDTH 8 0
BBX 8 12 0 -2
BITMAP
00
00
00
00
00
8A
8A
8C
88
78
00
20
ENDCHAR
STARTCHAR U+1ef4
ENCODING 7924
SWIDTH 500 0
DWIDTH 6 0
BBX 6 12 0 -2
BITMAP
00
00
00
88
50
20
20
20
20
20
00
20
ENDCHAR
STARTCHAR U+1ef5
ENCODING 7925
SWIDTH 500 0
DWIDTH 6 0
BBX 6 12 0 -2
BITMAP
00
00
00
00
00
88
88
78
08
F0
00
20
ENDCHAR
STARTCHAR U+1ed0
ENCODING 7888
SWIDTH 500 0
DWIDTH 6 0
BBX 6 12 0 -2
BITMAP
08
10
40
A0
70
88
88
88
88
70
00
00
ENDCHAR
STARTCHAR U+0195
ENCODING 405
SWIDTH 750 0
DWIDTH 9 0
BBX 9 12 0 -2
BITMAP
0000
0000
0000
8000
8000
B100
C900
8900
8900
8600
0000
0000
ENDCHAR
STARTCHAR U+1eaa
ENCODING 7850
SWIDTH 500 0
DWIDTH 6 0
BBX 6 12 0 -2
BITMAP
28
50
00
20
50
70
88
F8
88
88
00
00
ENDCHAR
STARTCHAR U+1eab
ENCODING 7851
SWIDTH 500 0
DWIDTH 6 0
BBX 6 12 0 -2
BITMAP
28
50
00
20
50
70
08
78
88
78
00
00
ENDCHAR
STARTCHAR U+1ed6
ENCODING 7894
SWIDTH 500 0
DWIDTH 6 0
BBX 6 12 0 -2
BITMAP
28
50
20
50
70
88
88
88
88
70
00
00
ENDCHAR
STARTCHAR U+1ed7
ENCODING 7895
SWIDTH 500 0
DWIDTH 6 0
BBX 6 12 0 -2
BITMAP
28
50
00
20
50
70
88
88
88
70
00
00
ENDCHAR
STARTCHAR U+1eef
ENCODING 7919
SWIDTH 666 0
DWIDTH 8 0
BBX 8 12 0 -2
BITMAP
00
00
28
50
00
8A
8A
8C
88
78
00
00
ENDCHAR
STARTCHAR U+261e
ENCODING 9758
SWIDTH 833 0
DWIDTH 10 0
BBX 10 12 0 -2
BITMAP
0000
0000
0000
0000
BF00
C480
9700
9C00
D400
B800
0000
0000
ENDCHAR
STARTCHAR U+261c
ENCODING 9756
SWIDTH 833 0
DWIDTH 10 0
BBX 10 12 0 -2
BITMAP
0000
0000
0000
0000
7E80
9180
7480
1C80
1580
0E80
0000
0000
ENDCHAR
STARTCHAR U+262e
ENCODING 9774
SWIDTH 833 0
DWIDTH 10 0
BBX 10 12 0 -2
BITMAP
0000
0000
3E00
4900
8880
8880
9C80
AA80
C980
4900
3E00
0000
ENDCHAR
STARTCHAR U+1eb4
ENCODING 7860
SWIDTH 500 0
DWIDTH 6 0
BBX 6 12 0 -2
BITMAP
28
50
88
70
00
70
88
F8
88
88
00
00
ENDCHAR
STARTCHAR U+1eb5
ENCODING 7861
SWIDTH 500 0
DWIDTH 6 0
BBX 6 12 0 -2
BITMAP
28
50
88
70
00
70
08
78
88
78
00
00
ENDCHAR
STARTCHAR U+1ebc
ENCODING 7868
SWIDTH 500 0
DWIDTH 6 0
BBX 6 12 0 -2
BITMAP
28
50
00
F8
80
E0
80
80
80
F8
00
00
ENDCHAR
STARTCHAR U+1ebd
ENCODING 7869
SWIDTH 500 0
DWIDTH 6 0
BBX 6 12 0 -2
BITMAP
00
00
28
50
00
70
88
F8
80
78
00
00
ENDCHAR
STARTCHAR U+1ec4
ENCODING 7876
SWIDTH 500 0
DWIDTH 6 0
BBX 6 12 0 -2
BITMAP
28
50
00
20
50
F8
80
E0
80
F8
00
00
ENDCHAR
STARTCHAR U+1ec5
ENCODING 7877
SWIDTH 500 0
DWIDTH 6 0
BBX 6 12 0 -2
BITMAP
28
50
00
20
50
70
88
F8
80
78
00
00
ENDCHAR
STARTCHAR U+1ed2
ENCODING 7890
SWIDTH 500 0
DWIDTH 6 0
BBX 6 12 0 -2
BITMAP
80
40
10
28
70
88
88
88
88
70
00
00
ENDCHAR
STARTCHAR U+1ee0
ENCODING 7904
SWIDTH 666 0
DWIDTH 8 0
BBX 8 12 0 -2
BITMAP
28
50
00
72
8A
8C
88
88
88
70
00
00
ENDCHAR
STARTCHAR U+1ee1
ENCODING 7905
SWIDTH 666 0
DWIDTH 8 0
BBX 8 12 0 -2
BITMAP
00
00
28
50
00
72
8A
8C
88
70
00
00
ENDCHAR
STARTCHAR U+1eee
ENCODING 7918
SWIDTH 666 0
DWIDTH 8 0
BBX 8 12 0 -2
BITMAP
28
50
00
8A
8A
8C
88
88
88
70
00
00
ENDCHAR
STARTCHAR U+1ef8
ENCODING 7928
SWIDTH 500 0
DWIDTH 6 0
BBX 6 12 0 -2
BITMAP
28
50
00
88
50
20
20
20
20
20
00
00
ENDCHAR
STARTCHAR U+1ef9
ENCODING 7929
SWIDTH 500 0
DWIDTH 6 0
BBX 6 12 0 -2
BITMAP
00
00
28
50
00
88
88
88
78
08
F0
00
ENDCHAR
STARTCHAR U+0498
ENCODING 1176
SWIDTH 500 0
DWIDTH 6 0
BBX 6 12 0 -2
BITMAP
00
00
00
70
88
30
08
08
88
70
10
20
ENDCHAR
STARTCHAR U+0499
ENCODING 1177
SWIDTH 500 0
DWIDTH 6 0
BBX 6 12 0 -2
BITMAP
00
00
00
00
00
70
88
30
88
70
10
20
ENDCHAR
STARTCHAR U+04a0
ENCODING 1184
SWIDTH 583 0
DWIDTH 7 0
BBX 7 12 0 -2
BITMAP
00
00
00
C4
48
70
48
44
44
44
00
00
ENDCHAR
STARTCHAR U+04a1
ENCODING 1185
SWIDTH 500 0
DWIDTH 6 0
BBX 6 12 0 -2
BITMAP
00
00
00
00
00
C8
50
60
50
48
00
00
ENDCHAR
STARTCHAR U+04aa
ENCODING 1194
SWIDTH 500 0
DWIDTH 6 0
BBX 6 12 0 -2
BITMAP
00
00
00
70
88
80
80
80
88
70
10
20
ENDCHAR
STARTCHAR U+04ab
ENCODING 1195
SWIDTH 500 0
DWIDTH 6 0
BBX 6 12 0 -2
BITMAP
00
00
00
00
00
70
88
80
88
70
10
20
ENDCHAR
STARTCHAR U+01f6
ENCODING 502
SWIDTH 750 0
DWIDTH 9 0
BBX 9 12 0 -2
BITMAP
0000
0000
0000
8800
8800
F900
8900
8900
8900
8600
0000
0000
ENDCHAR
STARTCHAR U+26a0
ENCODING 9888
SWIDTH 833 0
DWIDTH 10 0
BBX 10 12 0 -2
BITMAP
0000
0000
0800
1400
1400
2A00
2A00
4900
4100
8880
FF80
0000
ENDCHAR
STARTCHAR U+24ea
ENCODING 9450
SWIDTH 833 0
DWIDTH 10 0
BBX 10 12 0 -2
BITMAP
0000
0000
3E00
4100
9C80
A280
AA80
A280
9C80
4100
3E00
0000
ENDCHAR
STARTCHAR U+2460
ENCODING 9312
SWIDTH 833 0
DWIDTH 10 0
BBX 10 12 0 -2
BITMAP
0000
0000
3E00
4100
8880
9880
8880
8880
9C80
4100
3E00
0000
ENDCHAR
STARTCHAR U+2461
ENCODING 9313
SWIDTH 833 0
DWIDTH 10 0
BBX 10 12 0 -2
BITMAP
0000
0000
3E00
4100
BC80
8280
9C80
A080
BE80
4100
3E00
0000
ENDCHAR
STARTCHAR U+2462
ENCODING 9314
SWIDTH 833 0
DWIDTH 10 0
BBX 10 12 0 -2
BITMAP
0000
0000
3E00
4100
9C80
A280
8C80
A280
9C80
4100
3E00
0000
ENDCHAR
STARTCHAR U+2463
ENCODING 9315
SWIDTH 833 0
DWIDTH 10 0
BBX 10 12 0 -2
BITMAP
0000
0000
3E00
4100
8E80
9280
A280
BE80
8280
4100
3E00
0000
ENDCHAR
STARTCHAR U+2464
ENCODING 9316
SWIDTH 833 0
DWIDTH 10 0
BBX 10 12 0 -2
BITMAP
0000
0000
3E00
4100
BE80
A080
BC80
8280
BC80
4100
3E00
0000
ENDCHAR
STARTCHAR U+2465
ENCODING 9317
SWIDTH 833 0
DWIDTH 10 0
BBX 10 12 0 -2
BITMAP
0000
0000
3E00
4100
9C80
A080
BC80
A280
9C80
4100
3E00
0000
ENDCHAR
STARTCHAR U+2466
ENCODING 9318
SWIDTH 833 0
DWIDTH 10 0
BBX 10 12 0 -2
BITMAP
0000
0000
3E00
4100
BE80
A280
8480
8880
8880
4100
3E00
0000
ENDCHAR
STARTCHAR U+2467
ENCODING 9319
SWIDTH 833 0
DWIDTH 10 0
BBX 10 12 0 -2
BITMAP
0000
0000
3E00
4100
9C80
A280
9C80
A280
9C80
4100
3E00
0000
ENDCHAR
STARTCHAR U+2468
ENCODING 9320
SWIDTH 833 0
DWIDTH 10 0
BBX 10 12 0 -2
BITMAP
0000
0000
3E00
4100
9C80
A280
9E80
8280
9C80
4100
3E00
0000
ENDCHAR
STARTCHAR U+2469
ENCODING 9321
SWIDTH 833 0
DWIDTH 10 0
BBX 10 12 0 -2
BITMAP
0000
0000
3E00
4100
A480
AA80
AA80
AA80
A480
4100
3E00
0000
ENDCHAR
STARTCHAR U+246a
ENCODING 9322
SWIDTH 833 0
DWIDTH 10 0
BBX 10 12 0 -2
BITMAP
0000
0000
3E00
4100
9480
9480
9480
9480
9480
4100
3E00
0000
ENDCHAR
STARTCHAR U+246b
ENCODING 9323
SWIDTH 833 0
DWIDTH 10 0
BBX 10 12 0 -2
BITMAP
0000
0000
3E00
4100
AC80
A280
A480
A880
AE80
4100
3E00
0000
ENDCHAR
STARTCHAR U+246c
ENCODING 9324
SWIDTH 833 0
DWIDTH 10 0
BBX 10 12 0 -2
BITMAP
0000
0000
3E00
4100
AC80
A280
A480
A280
AC80
4100
3E00
0000
ENDCHAR
STARTCHAR U+246d
ENCODING 9325
SWIDTH 833 0
DWIDTH 10 0
BBX 10 12 0 -2
BITMAP
0000
0000
3E00
4100
A680
AA80
AA80
AE80
A280
4100
3E00
0000
ENDCHAR
STARTCHAR U+246e
ENCODING 9326
SWIDTH 833 0
DWIDTH 10 0
BBX 10 12 0 -2
BITMAP
0000
0000
3E00
4100
AE80
A880
AC80
A280
AC80
4100
3E00
0000
ENDCHAR
STARTCHAR U+246f
ENCODING 9327
SWIDTH 833 0
DWIDTH 10 0
BBX 10 12 0 -2
BITMAP
0000
0000
3E00
4100
A480
A880
AC80
AA80
AE80
4100
3E00
0000
ENDCHAR
STARTCHAR U+2470
ENCODING 9328
SWIDTH 833 0
DWIDTH 10 0
BBX 10 12 0 -2
BITMAP
0000
0000
3E00
4100
AE80
A280
A480
A480
A480
4100
3E00
0000
ENDCHAR
STARTCHAR U+2471
ENCODING 9329
SWIDTH 833 0
DWIDTH 10 0
BBX 10 12 0 -2
BITMAP
0000
0000
3E00
4100
AE80
AA80
A480
AA80
AE80
4100
3E00
0000
ENDCHAR
STARTCHAR U+2472
ENCODING 9330
SWIDTH 833 0
DWIDTH 10 0
BBX 10 12 0 -2
BITMAP
0000
0000
3E00
4100
AE80
AA80
A680
A280
A480
4100
3E00
0000
ENDCHAR
STARTCHAR U+2473
ENCODING 9331
SWIDTH 833 0
DWIDTH 10 0
BBX 10 12 0 -2
BITMAP
0000
0000
3E00
4100
E280
9580
A580
C580
F280
4100
3E00
0000
ENDCHAR
STARTCHAR U+24b6
ENCODING 9398
SWIDTH 833 0
DWIDTH 10 0
BBX 10 12 0 -2
BITMAP
0000
0000
3E00
4100
9C80
A280
BE80
A280
A280
4100
3E00
0000
ENDCHAR
STARTCHAR U+24b7
ENCODING 9399
SWIDTH 833 0
DWIDTH 10 0
BBX 10 12 0 -2
BITMAP
0000
0000
3E00
4100
BC80
A280
BC80
A280
BC80
4100
3E00
0000
ENDCHAR
STARTCHAR U+24b8
ENCODING 9400
SWIDTH 833 0
DWIDTH 10 0
BBX 10 12 0 -2
BITMAP
0000
0000
3E00
4100
9C80
A280
A080
A280
9C80
4100
3E00
0000
ENDCHAR
STARTCHAR U+24b9
ENCODING 9401
SWIDTH 833 0
DWIDTH 10 0
BBX 10 12 0 -2
BITMAP
0000
0000
3E00
4100
BC80
A280
A280
A280
BC80
4100
3E00
0000
ENDCHAR
STARTCHAR U+24ba
ENCODING 9402
SWIDTH 833 0
DWIDTH 10 0
BBX 10 12 0 -2
BITMAP
0000
0000
3E00
4100
BE80
A080
B880
A080
BE80
4100
3E00
0000
ENDCHAR
STARTCHAR U+24bb
ENCODING 9403
SWIDTH 833 0
DWIDTH 10 0
BBX 10 12 0 -2
BITMAP
0000
0000
3E00
4100
BE80
A080
B880
A080
A080
4100
3E00
0000
ENDCHAR
STARTCHAR U+24bc
ENCODING 9404
SWIDTH 833 0
DWIDTH 10 0
BBX 10 12 0 -2
BITMAP
0000
0000
3E00
4100
9E80
A080
A680
A280
9C80
4100
3E00
0000
ENDCHAR
STARTCHAR U+24bd
ENCODING 9405
SWIDTH 833 0
DWIDTH 10 0
BBX 10 12 0 -2
BITMAP
0000
0000
3E00
4100
A280
A280
BE80
A280
A280
4100
3E00
0000
ENDCHAR
STARTCHAR U+24be
ENCODING 9406
SWIDTH 833 0
DWIDTH 10 0
BBX 10 12 0 -2
BITMAP
0000
0000
3E00
4100
9C80
8880
8880
8880
9C80
4100
3E00
0000
ENDCHAR
STARTCHAR U+24bf
ENCODING 9407
SWIDTH 833 0
DWIDTH 10 0
BBX 10 12 0 -2
BITMAP
0000
0000
3E00
4100
8280
8280
8280
A280
9C80
4100
3E00
0000
ENDCHAR
STARTCHAR U+24c0
ENCODING 9408
SWIDTH 833 0
DWIDTH 10 0
BBX 10 12 0 -2
BITMAP
0000
0000
3E00
4100
A280
A480
B880
A480
A280
4100
3E00
0000
ENDCHAR
STARTCHAR U+24c1
ENCODING 9409
SWIDTH 833 0
DWIDTH 10 0
BBX 10 12 0 -2
BITMAP
0000
0000
3E00
4100
A080
A080
A080
A080
BE80
4100
3E00
0000
ENDCHAR
STARTCHAR U+24c2
ENCODING 9410
SWIDTH 833 0
DWIDTH 10 0
BBX 10 12 0 -2
BITMAP
0000
0000
3E00
4100
A280
B680
AA80
A280
A280
4100
3E00
0000
ENDCHAR
STARTCHAR U+24c3
ENCODING 9411
SWIDTH 833 0
DWIDTH 10 0
BBX 10 12 0 -2
BITMAP
0000
0000
3E00
4100
A280
B280
AA80
A680
A280
4100
3E00
0000
ENDCHAR
STARTCHAR U+24c4
ENCODING 9412
SWIDTH 833 0
DWIDTH 10 0
BBX 10 12 0 -2
BITMAP
0000
0000
3E00
4100
9C80
A280
A280
A280
9C80
4100
3E00
0000
ENDCHAR
STARTCHAR U+24c5
ENCODING 9413
SWIDTH 833 0
DWIDTH 10 0
BBX 10 12 0 -2
BITMAP
0000
0000
3E00
4100
BC80
A280
BC80
A080
A080
4100
3E00
0000
ENDCHAR
STARTCHAR U+24c6
ENCODING 9414
SWIDTH 833 0
DWIDTH 10 0
BBX 10 12 0 -2
BITMAP
0000
0000
3E00
4100
9C80
A280
A280
A480
9A80
4100
3E00
0000
ENDCHAR
STARTCHAR U+24c7
ENCODING 9415
SWIDTH 833 0
DWIDTH 10 0
BBX 10 12 0 -2
BITMAP
0000
0000
3E00
4100
BC80
A280
BC80
A280
A280
4100
3E00
0000
ENDCHAR
STARTCHAR U+24c8
ENCODING 9416
SWIDTH 833 0
DWIDTH 10 0
BBX 10 12 0 -2
BITMAP
0000
0000
3E00
4100
9E80
A080
9C80
8280
BC80
4100
3E00
0000
ENDCHAR
STARTCHAR U+24c9
ENCODING 9417
SWIDTH 833 0
DWIDTH 10 0
BBX 10 12 0 -2
BITMAP
0000
0000
3E00
4100
BE80
8880
8880
8880
8880
4100
3E00
0000
ENDCHAR
STARTCHAR U+24ca
ENCODING 9418
SWIDTH 833 0
DWIDTH 10 0
BBX 10 12 0 -2
BITMAP
0000
0000
3E00
4100
A280
A280
A280
A280
9C80
4100
3E00
0000
ENDCHAR
STARTCHAR U+24cb
ENCODING 9419
SWIDTH 833 0
DWIDTH 10 0
BBX 10 12 0 -2
BITMAP
0000
0000
3E00
4100
A280
A280
A280
9480
8880
4100
3E00
0000
ENDCHAR
STARTCHAR U+24cc
ENCODING 9420
SWIDTH 833 0
DWIDTH 10 0
BBX 10 12 0 -2
BITMAP
0000
0000
3E00
4100
A280
A280
AA80
B680
A280
4100
3E00
0000
ENDCHAR
STARTCHAR U+24cd
ENCODING 9421
SWIDTH 833 0
DWIDTH 10 0
BBX 10 12 0 -2
BITMAP
0000
0000
3E00
4100
A280
9480
8880
9480
A280
4100
3E00
0000
ENDCHAR
STARTCHAR U+24ce
ENCODING 9422
SWIDTH 833 0
DWIDTH 10 0
BBX 10 12 0 -2
BITMAP
0000
0000
3E00
4100
A280
9480
8880
8880
8880
4100
3E00
0000
ENDCHAR
STARTCHAR U+24cf
ENCODING 9423
SWIDTH 833 0
DWIDTH 10 0
BBX 10 12 0 -2
BITMAP
0000
0000
3E00
4100
BE80
8480
8880
9080
BE80
4100
3E00
0000
ENDCHAR
STARTCHAR U+24d0
ENCODING 9424
SWIDTH 833 0
DWIDTH 10 0
BBX 10 12 0 -2
BITMAP
0000
0000
3E00
4100
9C80
8280
9E80
A280
9E80
4100
3E00
0000
ENDCHAR
STARTCHAR U+24d1
ENCODING 9425
SWIDTH 833 0
DWIDTH 10 0
BBX 10 12 0 -2
BITMAP
0000
0000
3E00
6100
A080
AC80
B280
A280
BC80
4100
3E00
0000
ENDCHAR
STARTCHAR U+24d2
ENCODING 9426
SWIDTH 833 0
DWIDTH 10 0
BBX 10 12 0 -2
BITMAP
0000
0000
3E00
4100
9C80
A280
A080
A280
9C80
4100
3E00
0000
ENDCHAR
STARTCHAR U+24d3
ENCODING 9427
SWIDTH 833 0
DWIDTH 10 0
BBX 10 12 0 -2
BITMAP
0000
0000
3E00
4300
8280
9A80
A680
A280
9E80
4100
3E00
0000
ENDCHAR
STARTCHAR U+24d4
ENCODING 9428
SWIDTH 833 0
DWIDTH 10 0
BBX 10 12 0 -2
BITMAP
0000
0000
3E00
4100
9C80
A280
BE80
A080
9E80
4100
3E00
0000
ENDCHAR
STARTCHAR U+24d5
ENCODING 9429
SWIDTH 833 0
DWIDTH 10 0
BBX 10 12 0 -2
BITMAP
0000
0000
3E00
4D00
9080
BC80
9080
9080
9080
4100
3E00
0000
ENDCHAR
STARTCHAR U+24d6
ENCODING 9430
SWIDTH 833 0
DWIDTH 10 0
BBX 10 12 0 -2
BITMAP
0000
0000
3E00
4100
9E80
A280
9E80
8280
BC80
4100
3E00
0000
ENDCHAR
STARTCHAR U+24d7
ENCODING 9431
SWIDTH 833 0
DWIDTH 10 0
BBX 10 12 0 -2
BITMAP
0000
0000
3E00
6100
A080
AC80
B280
A280
A280
4100
3E00
0000
ENDCHAR
STARTCHAR U+24d8
ENCODING 9432
SWIDTH 833 0
DWIDTH 10 0
BBX 10 12 0 -2
BITMAP
0000
0000
3E00
4900
8080
8880
8880
8880
8880
4100
3E00
0000
ENDCHAR
STARTCHAR U+24d9
ENCODING 9433
SWIDTH 833 0
DWIDTH 10 0
BBX 10 12 0 -2
BITMAP
0000
0000
3E00
4500
8080
8480
8480
A480
9880
4100
3E00
0000
ENDCHAR
STARTCHAR U+24da
ENCODING 9434
SWIDTH 833 0
DWIDTH 10 0
BBX 10 12 0 -2
BITMAP
0000
0000
3E00
5100
9280
9480
9880
9480
9280
4100
3E00
0000
ENDCHAR
STARTCHAR U+24db
ENCODING 9435
SWIDTH 833 0
DWIDTH 10 0
BBX 10 12 0 -2
BITMAP
0000
0000
3E00
5100
9080
9080
9080
9080
8880
4100
3E00
0000
ENDCHAR
STARTCHAR U+24dc
ENCODING 9436
SWIDTH 833 0
DWIDTH 10 0
BBX 10 12 0 -2
BITMAP
0000
0000
3E00
4100
B480
AA80
AA80
A280
A280
4100
3E00
0000
ENDCHAR
STARTCHAR U+24dd
ENCODING 9437
SWIDTH 833 0
DWIDTH 10 0
BBX 10 12 0 -2
BITMAP
0000
0000
3E00
4100
BC80
A280
A280
A280
A280
4100
3E00
0000
ENDCHAR
STARTCHAR U+24de
ENCODING 9438
SWIDTH 833 0
DWIDTH 10 0
BBX 10 12 0 -2
BITMAP
0000
0000
3E00
4100
9C80
A280
A280
A280
9C80
4100
3E00
0000
ENDCHAR
STARTCHAR U+24df
ENCODING 9439
SWIDTH 833 0
DWIDTH 10 0
BBX 10 12 0 -2
BITMAP
0000
0000
3E00
4100
AC80
B280
A280
BC80
A080
6100
3E00
0000
ENDCHAR
STARTCHAR U+24e0
ENCODING 9440
SWIDTH 833 0
DWIDTH 10 0
BBX 10 12 0 -2
BITMAP
0000
0000
3E00
4100
9A80
A680
A280
9E80
8280
4300
3E00
0000
ENDCHAR
STARTCHAR U+24e1
ENCODING 9441
SWIDTH 833 0
DWIDTH 10 0
BBX 10 12 0 -2
BITMAP
0000
0000
3E00
4100
AC80
B280
A080
A080
A080
4100
3E00
0000
ENDCHAR
STARTCHAR U+24e2
ENCODING 9442
SWIDTH 833 0
DWIDTH 10 0
BBX 10 12 0 -2
BITMAP
0000
0000
3E00
4100
9E80
A080
9C80
8280
BC80
4100
3E00
0000
ENDCHAR
STARTCHAR U+24e3
ENCODING 9443
SWIDTH 833 0
DWIDTH 10 0
BBX 10 12 0 -2
BITMAP
0000
0000
3E00
4900
8880
9C80
8880
8880
8480
4100
3E00
0000
ENDCHAR
STARTCHAR U+24e4
ENCODING 9444
SWIDTH 833 0
DWIDTH 10 0
BBX 10 12 0 -2
BITMAP
0000
0000
3E00
4100
A280
A280
A280
A280
9E80
4100
3E00
0000
ENDCHAR
STARTCHAR U+24e5
ENCODING 9445
SWIDTH 833 0
DWIDTH 10 0
BBX 10 12 0 -2
BITMAP
0000
0000
3E00
4100
A280
A280
A280
9480
8880
4100
3E00
0000
ENDCHAR
STARTCHAR U+24e6
ENCODING 9446
SWIDTH 833 0
DWIDTH 10 0
BBX 10 12 0 -2
BITMAP
0000
0000
3E00
4100
A280
A280
AA80
AA80
9E80
4100
3E00
0000
ENDCHAR
STARTCHAR U+24e7
ENCODING 9447
SWIDTH 833 0
DWIDTH 10 0
BBX 10 12 0 -2
BITMAP
0000
0000
3E00
4100
A280
9480
8880
9480
A280
4100
3E00
0000
ENDCHAR
STARTCHAR U+24e8
ENCODING 9448
SWIDTH 833 0
DWIDTH 10 0
BBX 10 12 0 -2
BITMAP
0000
0000
3E00
4100
A280
A280
9E80
8280
BC80
4100
3E00
0000
ENDCHAR
STARTCHAR U+24e9
ENCODING 9449
SWIDTH 833 0
DWIDTH 10 0
BBX 10 12 0 -2
BITMAP
0000
0000
3E00
4100
BE80
8480
8880
9080
BE80
4100
3E00
0000
ENDCHAR
STARTCHAR U+0327
ENCODING 807
SWIDTH 250 0
DWIDTH 3 0
BBX 3 12 0 -2
BITMAP
00
00
00
00
00
00
00
00
00
00
40
80
ENDCHAR
STARTCHAR U+0282
ENCODING 642
SWIDTH 500 0
DWIDTH 6 0
BBX 6 12 0 -2
BITMAP
00
00
00
00
00
78
80
70
08
F0
80
40
ENDCHAR
STARTCHAR U+0290
ENCODING 656
SWIDTH 583 0
DWIDTH 7 0
BBX 7 12 0 -2
BITMAP
00
00
00
00
00
F8
10
20
40
F8
08
04
ENDCHAR
STARTCHAR U+0276
ENCODING 630
SWIDTH 833 0
DWIDTH 10 0
BBX 10 12 0 -2
BITMAP
0000
0000
0000
0000
0000
7F80
8800
8E00
8800
7F80
0000
0000
ENDCHAR
STARTCHAR U+01cd
ENCODING 461
SWIDTH 500 0
DWIDTH 6 0
BBX 6 12 0 -2
BITMAP
50
20
00
70
88
F8
88
88
88
88
00
00
ENDCHAR
STARTCHAR U+01ce
ENCODING 462
SWIDTH 500 0
DWIDTH 6 0
BBX 6 12 0 -2
BITMAP
00
00
50
20
00
70
08
78
88
78
00
00
ENDCHAR
STARTCHAR U+01de
ENCODING 478
SWIDTH 500 0
DWIDTH 6 0
BBX 6 12 0 -2
BITMAP
70
00
50
00
70
88
F8
88
88
88
00
00
ENDCHAR
STARTCHAR U+01df
ENCODING 479
SWIDTH 500 0
DWIDTH 6 0
BBX 6 12 0 -2
BITMAP
00
70
00
50
00
70
08
78
88
78
00
00
ENDCHAR
STARTCHAR U+01fa
ENCODING 506
SWIDTH 500 0
DWIDTH 6 0
BBX 6 12 0 -2
BITMAP
20
40
10
28
10
70
88
F8
88
88
00
00
ENDCHAR
STARTCHAR U+01fb
ENCODING 507
SWIDTH 500 0
DWIDTH 6 0
BBX 6 12 0 -2
BITMAP
20
40
10
28
10
70
08
78
88
78
00
00
ENDCHAR
STARTCHAR U+0202
ENCODING 514
SWIDTH 500 0
DWIDTH 6 0
BBX 6 12 0 -2
BITMAP
30
48
00
70
88
F8
88
88
88
88
00
00
ENDCHAR
STARTCHAR U+0203
ENCODING 515
SWIDTH 500 0
DWIDTH 6 0
BBX 6 12 0 -2
BITMAP
00
00
30
48
00
70
08
78
88
78
00
00
ENDCHAR
STARTCHAR U+0226
ENCODING 550
SWIDTH 500 0
DWIDTH 6 0
BBX 6 12 0 -2
BITMAP
00
20
00
70
88
F8
88
88
88
88
00
00
ENDCHAR
STARTCHAR U+0227
ENCODING 551
SWIDTH 500 0
DWIDTH 6 0
BBX 6 12 0 -2
BITMAP
00
00
00
20
00
70
08
78
88
78
00
00
ENDCHAR
STARTCHAR U+01e0
ENCODING 480
SWIDTH 500 0
DWIDTH 6 0
BBX 6 12 0 -2
BITMAP
70
00
20
00
70
88
F8
88
88
88
00
00
ENDCHAR
STARTCHAR U+01e1
ENCODING 481
SWIDTH 500 0
DWIDTH 6 0
BBX 6 12 0 -2
BITMAP
00
70
00
20
00
70
08
78
88
78
00
00
ENDCHAR
STARTCHAR U+1e00
ENCODING 7680
SWIDTH 500 0
DWIDTH 6 0
BBX 6 12 0 -2
BITMAP
00
00
00
70
88
F8
88
88
88
A8
50
20
ENDCHAR
STARTCHAR U+1e01
ENCODING 7681
SWIDTH 500 0
DWIDTH 6 0
BBX 6 12 0 -2
BITMAP
00
00
00
00
00
70
08
78
88
78
50
20
ENDCHAR
STARTCHAR U+0200
ENCODING 512
SWIDTH 500 0
DWIDTH 6 0
BBX 6 12 0 -2
BITMAP
90
48
00
70
88
F8
88
88
88
88
00
00
ENDCHAR
STARTCHAR U+0201
ENCODING 513
SWIDTH 500 0
DWIDTH 6 0
BBX 6 12 0 -2
BITMAP
00
00
90
48
00
70
08
78
88
78
00
00
ENDCHAR
STARTCHAR U+1e06
ENCODING 7686
SWIDTH 500 0
DWIDTH 6 0
BBX 6 12 0 -2
BITMAP
00
00
00
F0
88
F0
88
88
88
F0
00
70
ENDCHAR
STARTCHAR U+1e07
ENCODING 7687
SWIDTH 500 0
DWIDTH 6 0
BBX 6 12 0 -2
BITMAP
00
00
00
80
80
B0
C8
88
88
F0
00
70
ENDCHAR
STARTCHAR U+1e04
ENCODING 7684
SWIDTH 500 0
DWIDTH 6 0
BBX 6 12 0 -2
BITMAP
00
00
00
F0
88
F0
88
88
88
F0
00
20
ENDCHAR
STARTCHAR U+1e05
ENCODING 7685
SWIDTH 500 0
DWIDTH 6 0
BBX 6 12 0 -2
BITMAP
00
00
00
80
80
B0
C8
88
88
F0
00
20
ENDCHAR
STARTCHAR U+1d6c
ENCODING 7532
SWIDTH 666 0
DWIDTH 8 0
BBX 8 12 0 -2
BITMAP
00
00
00
68
B0
20
2C
32
22
3C
00
00
ENDCHAR
STARTCHAR U+1e08
ENCODING 7688
SWIDTH 500 0
DWIDTH 6 0
BBX 6 12 0 -2
BITMAP
10
20
00
70
88
80
80
80
88
70
10
20
ENDCHAR
STARTCHAR U+1e09
ENCODING 7689
SWIDTH 500 0
DWIDTH 6 0
BBX 6 12 0 -2
BITMAP
00
00
10
20
00
70
88
80
88
70
10
20
ENDCHAR
STARTCHAR U+1e10
ENCODING 7696
SWIDTH 500 0
DWIDTH 6 0
BBX 6 12 0 -2
BITMAP
00
00
00
F0
88
88
88
88
88
F0
10
20
ENDCHAR
STARTCHAR U+1e11
ENCODING 7697
SWIDTH 500 0
DWIDTH 6 0
BBX 6 12 0 -2
BITMAP
00
00
00
08
08
68
98
88
88
78
10
20
ENDCHAR
STARTCHAR U+1e12
ENCODING 7698
SWIDTH 500 0
DWIDTH 6 0
BBX 6 12 0 -2
BITMAP
00
00
00
F0
88
88
88
88
88
F0
20
50
ENDCHAR
STARTCHAR U+1e13
ENCODING 7699
SWIDTH 500 0
DWIDTH 6 0
BBX 6 12 0 -2
BITMAP
00
00
00
08
08
68
98
88
88
78
20
50
ENDCHAR
STARTCHAR U+1e0e
ENCODING 7694
SWIDTH 500 0
DWIDTH 6 0
BBX 6 12 0 -2
BITMAP
00
00
00
F0
88
88
88
88
88
F0
00
70
ENDCHAR
STARTCHAR U+1e0f
ENCODING 7695
SWIDTH 500 0
DWIDTH 6 0
BBX 6 12 0 -2
BITMAP
00
00
00
08
08
68
98
88
88
78
00
70
ENDCHAR
STARTCHAR U+1e0c
ENCODING 7692
SWIDTH 500 0
DWIDTH 6 0
BBX 6 12 0 -2
BITMAP
00
00
00
F0
88
88
88
88
88
F0
00
20
ENDCHAR
STARTCHAR U+1d6d
ENCODING 7533
SWIDTH 666 0
DWIDTH 8 0
BBX 8 12 0 -2
BITMAP
00
00
00
1A
2C
08
68
98
88
78
00
00
ENDCHAR
STARTCHAR U+1e14
ENCODING 7700
SWIDTH 500 0
DWIDTH 6 0
BBX 6 12 0 -2
BITMAP
40
20
00
70
00
F8
80
E0
80
F8
00
00
ENDCHAR
STARTCHAR U+1e15
ENCODING 7701
SWIDTH 500 0
DWIDTH 6 0
BBX 6 12 0 -2
BITMAP
40
20
00
70
00
70
88
F8
80
78
00
00
ENDCHAR
STARTCHAR U+1e16
ENCODING 7702
SWIDTH 500 0
DWIDTH 6 0
BBX 6 12 0 -2
BITMAP
10
20
00
70
00
F8
80
E0
80
F8
00
00
ENDCHAR
STARTCHAR U+1e17
ENCODING 7703
SWIDTH 500 0
DWIDTH 6 0
BBX 6 12 0 -2
BITMAP
10
20
00
70
00
70
88
F8
80
78
00
00
ENDCHAR
STARTCHAR U+1e18
ENCODING 7704
SWIDTH 500 0
DWIDTH 6 0
BBX 6 12 0 -2
BITMAP
00
00
00
F8
80
E0
80
80
80
F8
20
50
ENDCHAR
STARTCHAR U+1e19
ENCODING 7705
SWIDTH 500 0
DWIDTH 6 0
BBX 6 12 0 -2
BITMAP
00
00
00
00
00
70
88
F8
80
78
20
50
ENDCHAR
STARTCHAR U+1e1c
ENCODING 7708
SWIDTH 500 0
DWIDTH 6 0
BBX 6 12 0 -2
BITMAP
48
30
00
F8
80
E0
80
80
80
F8
10
20
ENDCHAR
STARTCHAR U+1e1d
ENCODING 7709
SWIDTH 500 0
DWIDTH 6 0
BBX 6 12 0 -2
BITMAP
00
00
48
30
00
70
88
F8
80
78
10
20
ENDCHAR
STARTCHAR U+0228
ENCODING 552
SWIDTH 500 0
DWIDTH 6 0
BBX 6 12 0 -2
BITMAP
00
00
00
F8
80
E0
80
80
80
F8
10
20
ENDCHAR
STARTCHAR U+0229
ENCODING 553
SWIDTH 500 0
DWIDTH 6 0
BBX 6 12 0 -2
BITMAP
00
00
00
00
00
70
88
F8
80
78
10
20
ENDCHAR
STARTCHAR U+1e1a
ENCODING 7706
SWIDTH 500 0
DWIDTH 6 0
BBX 6 12 0 -2
BITMAP
00
00
00
F8
80
E0
80
80
F8
00
28
50
ENDCHAR
STARTCHAR U+1e1b
ENCODING 7707
SWIDTH 500 0
DWIDTH 6 0
BBX 6 12 0 -2
BITMAP
00
00
00
00
70
88
F8
80
78
00
28
50
ENDCHAR
STARTCHAR U+0204
ENCODING 516
SWIDTH 500 0
DWIDTH 6 0
BBX 6 12 0 -2
BITMAP
90
48
00
F8
80
E0
80
80
80
F8
00
00
ENDCHAR
STARTCHAR U+0205
ENCODING 517
SWIDTH 500 0
DWIDTH 6 0
BBX 6 12 0 -2
BITMAP
00
00
90
48
00
70
88
F8
80
78
00
00
ENDCHAR
STARTCHAR U+0206
ENCODING 518
SWIDTH 500 0
DWIDTH 6 0
BBX 6 12 0 -2
BITMAP
30
48
00
F8
80
E0
80
80
80
F8
00
00
ENDCHAR
STARTCHAR U+1d6e
ENCODING 7534
SWIDTH 500 0
DWIDTH 6 0
BBX 6 12 0 -2
BITMAP
00
00
00
18
20
78
20
68
B0
20
00
00
ENDCHAR
STARTCHAR U+01f4
ENCODING 500
SWIDTH 500 0
DWIDTH 6 0
BBX 6 12 0 -2
BITMAP
10
20
00
78
80
98
88
88
88
70
00
00
ENDCHAR
STARTCHAR U+01f5
ENCODING 501
SWIDTH 500 0
DWIDTH 6 0
BBX 6 12 0 -2
BITMAP
00
00
10
20
00
78
88
88
78
08
F0
00
ENDCHAR
STARTCHAR U+01e6
ENCODING 486
SWIDTH 500 0
DWIDTH 6 0
BBX 6 12 0 -2
BITMAP
50
20
00
78
80
98
88
88
88
70
00
00
ENDCHAR
STARTCHAR U+1e26
ENCODING 7718
SWIDTH 500 0
DWIDTH 6 0
BBX 6 12 0 -2
BITMAP
00
50
00
88
88
F8
88
88
88
88
00
00
ENDCHAR
STARTCHAR U+1e27
ENCODING 7719
SWIDTH 500 0
DWIDTH 6 0
BBX 6 12 0 -2
BITMAP
00
50
00
80
80
B0
C8
88
88
88
00
00
ENDCHAR
STARTCHAR U+1e28
ENCODING 7720
SWIDTH 500 0
DWIDTH 6 0
BBX 6 12 0 -2
BITMAP
00
00
00
88
88
F8
88
88
88
88
20
40
ENDCHAR
STARTCHAR U+1e29
ENCODING 7721
SWIDTH 500 0
DWIDTH 6 0
BBX 6 12 0 -2
BITMAP
00
00
00
80
80
B0
C8
88
88
88
40
80
ENDCHAR
STARTCHAR U+1e2a
ENCODING 7722
SWIDTH 500 0
DWIDTH 6 0
BBX 6 12 0 -2
BITMAP
00
00
00
88
88
F8
88
88
88
00
48
30
ENDCHAR
STARTCHAR U+1e2b
ENCODING 7723
SWIDTH 500 0
DWIDTH 6 0
BBX 6 12 0 -2
BITMAP
00
00
00
80
80
B0
C8
88
88
00
48
30
ENDCHAR
STARTCHAR U+021e
ENCODING 542
SWIDTH 500 0
DWIDTH 6 0
BBX 6 12 0 -2
BITMAP
00
50
20
88
88
F8
88
88
88
88
00
00
ENDCHAR
STARTCHAR U+021f
ENCODING 543
SWIDTH 500 0
DWIDTH 6 0
BBX 6 12 0 -2
BITMAP
00
50
20
80
80
B0
C8
88
88
88
00
00
ENDCHAR
STARTCHAR U+1e24
ENCODING 7716
SWIDTH 500 0
DWIDTH 6 0
BBX 6 12 0 -2
BITMAP
00
00
00
88
88
F8
88
88
88
88
00
20
ENDCHAR
STARTCHAR U+1e96
ENCODING 7830
SWIDTH 500 0
DWIDTH 6 0
BBX 6 12 0 -2
BITMAP
00
00
00
80
80
B0
C8
88
88
88
00
70
ENDCHAR
STARTCHAR U+1e2e
ENCODING 7726
SWIDTH 333 0
DWIDTH 4 0
BBX 4 12 0 -2
BITMAP
20
40
00
A0
00
E0
40
40
40
E0
00
00
ENDCHAR
STARTCHAR U+1e2f
ENCODING 7727
SWIDTH 333 0
DWIDTH 4 0
BBX 4 12 0 -2
BITMAP
20
40
00
A0
00
40
40
40
40
40
00
00
ENDCHAR
STARTCHAR U+020a
ENCODING 522
SWIDTH 416 0
DWIDTH 5 0
BBX 5 12 0 -2
BITMAP
60
90
00
E0
40
40
40
40
40
E0
00
00
ENDCHAR
STARTCHAR U+020b
ENCODING 523
SWIDTH 416 0
DWIDTH 5 0
BBX 5 12 0 -2
BITMAP
00
00
60
90
00
40
40
40
40
40
00
00
ENDCHAR
STARTCHAR U+01cf
ENCODING 463
SWIDTH 333 0
DWIDTH 4 0
BBX 4 12 0 -2
BITMAP
A0
40
00
E0
40
40
40
40
40
E0
00
00
ENDCHAR
STARTCHAR U+01d0
ENCODING 464
SWIDTH 333 0
DWIDTH 4 0
BBX 4 12 0 -2
BITMAP
00
00
A0
40
00
40
40
40
40
40
00
00
ENDCHAR
STARTCHAR U+0208
ENCODING 520
SWIDTH 500 0
DWIDTH 6 0
BBX 6 12 0 -2
BITMAP
90
48
00
70
20
20
20
20
20
70
00
00
ENDCHAR
STARTCHAR U+0209
ENCODING 521
SWIDTH 500 0
DWIDTH 6 0
BBX 6 12 0 -2
BITMAP
00
00
90
48
00
20
20
20
20
20
00
00
ENDCHAR
STARTCHAR U+1e2c
ENCODING 7724
SWIDTH 416 0
DWIDTH 5 0
BBX 5 12 0 -2
BITMAP
00
00
00
E0
40
40
40
40
E0
00
50
A0
ENDCHAR
STARTCHAR U+1e2d
ENCODING 7725
SWIDTH 416 0
DWIDTH 5 0
BBX 5 12 0 -2
BITMAP
00
00
00
40
00
40
40
40
40
00
50
A0
ENDCHAR
STARTCHAR U+01f0
ENCODING 496
SWIDTH 500 0
DWIDTH 6 0
BBX 6 12 0 -2
BITMAP
00
00
50
20
00
08
08
08
88
88
70
00
ENDCHAR
STARTCHAR U+0237
ENCODING 567
SWIDTH 500 0
DWIDTH 6 0
BBX 6 12 0 -2
BITMAP
00
00
00
00
00
08
08
08
88
88
70
00
ENDCHAR
STARTCHAR U+01e8
ENCODING 488
SWIDTH 500 0
DWIDTH 6 0
BBX 6 12 0 -2
BITMAP
50
20
00
88
90
E0
90
88
88
88
00
00
ENDCHAR
STARTCHAR U+01e9
ENCODING 489
SWIDTH 416 0
DWIDTH 5 0
BBX 5 12 0 -2
BITMAP
50
20
00
80
80
90
A0
C0
A0
90
00
00
ENDCHAR
STARTCHAR U+1e32
ENCODING 7730
SWIDTH 500 0
DWIDTH 6 0
BBX 6 12 0 -2
BITMAP
00
00
00
88
90
E0
90
88
88
88
00
20
ENDCHAR
STARTCHAR U+1e33
ENCODING 7731
SWIDTH 416 0
DWIDTH 5 0
BBX 5 12 0 -2
BITMAP
00
00
00
80
80
90
A0
C0
A0
90
00
40
ENDCHAR
STARTCHAR U+1e34
ENCODING 7732
SWIDTH 500 0
DWIDTH 6 0
BBX 6 12 0 -2
BITMAP
00
00
00
88
90
E0
90
88
88
88
00
70
ENDCHAR
STARTCHAR U+1e35
ENCODING 7733
SWIDTH 416 0
DWIDTH 5 0
BBX 5 12 0 -2
BITMAP
00
00
00
80
80
90
A0
C0
A0
90
00
70
ENDCHAR
STARTCHAR U+1e3a
ENCODING 7738
SWIDTH 500 0
DWIDTH 6 0
BBX 6 12 0 -2
BITMAP
00
00
00
80
80
80
80
80
80
F8
00
70
ENDCHAR
STARTCHAR U+1e3b
ENCODING 7739
SWIDTH 333 0
DWIDTH 4 0
BBX 4 12 0 -2
BITMAP
00
00
00
80
80
80
80
80
80
40
00
E0
ENDCHAR
STARTCHAR U+1e3c
ENCODING 7740
SWIDTH 500 0
DWIDTH 6 0
BBX 6 12 0 -2
BITMAP
00
00
00
80
80
80
80
80
80
F8
20
50
ENDCHAR
STARTCHAR U+1e3d
ENCODING 7741
SWIDTH 333 0
DWIDTH 4 0
BBX 4 12 0 -2
BITMAP
00
00
00
80
80
80
80
80
40
00
40
A0
ENDCHAR
STARTCHAR U+1e36
ENCODING 7734
SWIDTH 500 0
DWIDTH 6 0
BBX 6 12 0 -2
BITMAP
00
00
00
80
80
80
80
80
80
F8
00
20
ENDCHAR
STARTCHAR U+1e37
ENCODING 7735
SWIDTH 250 0
DWIDTH 3 0
BBX 3 12 0 -2
BITMAP
00
00
00
80
80
80
80
80
80
40
00
40
ENDCHAR
STARTCHAR U+1e38
ENCODING 7736
SWIDTH 500 0
DWIDTH 6 0
BBX 6 12 0 -2
BITMAP
00
70
00
80
80
80
80
80
80
F8
00
20
ENDCHAR
STARTCHAR U+1e39
ENCODING 7737
SWIDTH 333 0
DWIDTH 4 0
BBX 4 12 0 -2
BITMAP
00
E0
00
40
40
40
40
40
40
20
00
20
ENDCHAR
STARTCHAR U+2c62
ENCODING 11362
SWIDTH 666 0
DWIDTH 8 0
BBX 8 12 0 -2
BITMAP
00
00
00
20
20
68
B0
20
20
3E
00
00
ENDCHAR
STARTCHAR U+1e3e
ENCODING 7742
SWIDTH 500 0
DWIDTH 6 0
BBX 6 12 0 -2
BITMAP
10
20
00
88
D8
A8
88
88
88
88
00
00
ENDCHAR
STARTCHAR U+1e3f
ENCODING 7743
SWIDTH 500 0
DWIDTH 6 0
BBX 6 12 0 -2
BITMAP
00
00
10
20
00
D0
A8
A8
88
88
00
00
ENDCHAR
STARTCHAR U+1e42
ENCODING 7746
SWIDTH 500 0
DWIDTH 6 0
BBX 6 12 0 -2
BITMAP
00
00
00
88
D8
A8
88
88
88
88
00
20
ENDCHAR
STARTCHAR U+1e43
ENCODING 7747
SWIDTH 500 0
DWIDTH 6 0
BBX 6 12 0 -2
BITMAP
00
00
00
00
00
D0
A8
A8
88
88
00
20
ENDCHAR
STARTCHAR U+1d6f
ENCODING 7535
SWIDTH 666 0
DWIDTH 8 0
BBX 8 12 0 -2
BITMAP
00
00
00
00
00
68
54
64
D6
4C
00
00
ENDCHAR
STARTCHAR U+1e44
ENCODING 7748
SWIDTH 500 0
DWIDTH 6 0
BBX 6 12 0 -2
BITMAP
00
20
00
88
C8
A8
98
88
88
88
00
00
ENDCHAR
STARTCHAR U+1e45
ENCODING 7749
SWIDTH 500 0
DWIDTH 6 0
BBX 6 12 0 -2
BITMAP
00
00
20
00
00
F0
88
88
88
88
00
00
ENDCHAR
STARTCHAR U+1e46
ENCODING 7750
SWIDTH 500 0
DWIDTH 6 0
BBX 6 12 0 -2
BITMAP
00
00
00
88
C8
A8
98
88
88
88
00
20
ENDCHAR
STARTCHAR U+1e47
ENCODING 7751
SWIDTH 500 0
DWIDTH 6 0
BBX 6 12 0 -2
BITMAP
00
00
00
00
00
F0
88
88
88
88
00
20
ENDCHAR
STARTCHAR U+1e4a
ENCODING 7754
SWIDTH 500 0
DWIDTH 6 0
BBX 6 12 0 -2
BITMAP
00
00
00
88
C8
A8
98
88
88
88
20
50
ENDCHAR
STARTCHAR U+1e4b
ENCODING 7755
SWIDTH 500 0
DWIDTH 6 0
BBX 6 12 0 -2
BITMAP
00
00
00
00
00
F0
88
88
88
88
20
50
ENDCHAR
STARTCHAR U+01f8
ENCODING 504
SWIDTH 500 0
DWIDTH 6 0
BBX 6 12 0 -2
BITMAP
40
20
00
88
C8
A8
98
88
88
88
00
00
ENDCHAR
STARTCHAR U+01f9
ENCODING 505
SWIDTH 500 0
DWIDTH 6 0
BBX 6 12 0 -2
BITMAP
00
00
40
20
00
F0
88
88
88
88
00
00
ENDCHAR
STARTCHAR U+1e48
ENCODING 7752
SWIDTH 500 0
DWIDTH 6 0
BBX 6 12 0 -2
BITMAP
00
00
00
88
C8
A8
98
88
88
88
00
70
ENDCHAR
STARTCHAR U+1e49
ENCODING 7753
SWIDTH 500 0
DWIDTH 6 0
BBX 6 12 0 -2
BITMAP
00
00
00
00
00
F0
88
88
88
88
00
70
ENDCHAR
STARTCHAR U+1d70
ENCODING 7536
SWIDTH 666 0
DWIDTH 8 0
BBX 8 12 0 -2
BITMAP
00
00
00
00
00
78
44
64
D6
4C
00
00
ENDCHAR
STARTCHAR U+01ec
ENCODING 492
SWIDTH 500 0
DWIDTH 6 0
BBX 6 12 0 -2
BITMAP
00
70
00
70
88
88
88
88
88
70
10
08
ENDCHAR
STARTCHAR U+01ed
ENCODING 493
SWIDTH 500 0
DWIDTH 6 0
BBX 6 12 0 -2
BITMAP
00
00
00
70
00
70
88
88
88
70
10
08
ENDCHAR
STARTCHAR U+022c
ENCODING 556
SWIDTH 500 0
DWIDTH 6 0
BBX 6 12 0 -2
BITMAP
70
00
28
50
70
88
88
88
88
70
00
00
ENDCHAR
STARTCHAR U+022d
ENCODING 557
SWIDTH 500 0
DWIDTH 6 0
BBX 6 12 0 -2
BITMAP
70
00
28
50
00
70
88
88
88
70
00
00
ENDCHAR
STARTCHAR U+1e4c
ENCODING 7756
SWIDTH 500 0
DWIDTH 6 0
BBX 6 12 0 -2
BITMAP
40
80
28
50
70
88
88
88
88
70
00
00
ENDCHAR
STARTCHAR U+1e4d
ENCODING 7757
SWIDTH 500 0
DWIDTH 6 0
BBX 6 12 0 -2
BITMAP
40
80
28
50
00
70
88
88
88
70
00
00
ENDCHAR
STARTCHAR U+1e4e
ENCODING 7758
SWIDTH 500 0
DWIDTH 6 0
BBX 6 12 0 -2
BITMAP
50
00
28
50
70
88
88
88
88
70
00
00
ENDCHAR
STARTCHAR U+1e4f
ENCODING 7759
SWIDTH 500 0
DWIDTH 6 0
BBX 6 12 0 -2
BITMAP
50
00
28
50
00
70
88
88
88
70
00
00
ENDCHAR
STARTCHAR U+1e50
ENCODING 7760
SWIDTH 500 0
DWIDTH 6 0
BBX 6 12 0 -2
BITMAP
40
20
70
00
70
88
88
88
88
70
00
00
ENDCHAR
STARTCHAR U+1e51
ENCODING 7761
SWIDTH 500 0
DWIDTH 6 0
BBX 6 12 0 -2
BITMAP
40
20
00
70
00
70
88
88
88
70
00
00
ENDCHAR
STARTCHAR U+1e52
ENCODING 7762
SWIDTH 500 0
DWIDTH 6 0
BBX 6 12 0 -2
BITMAP
10
20
70
00
70
88
88
88
88
70
00
00
ENDCHAR
STARTCHAR U+1e53
ENCODING 7763
SWIDTH 500 0
DWIDTH 6 0
BBX 6 12 0 -2
BITMAP
10
20
00
70
00
70
88
88
88
70
00
00
ENDCHAR
STARTCHAR U+020e
ENCODING 526
SWIDTH 500 0
DWIDTH 6 0
BBX 6 12 0 -2
BITMAP
30
48
00
70
88
88
88
88
88
70
00
00
ENDCHAR
STARTCHAR U+020f
ENCODING 527
SWIDTH 500 0
DWIDTH 6 0
BBX 6 12 0 -2
BITMAP
00
00
30
48
00
70
88
88
88
70
00
00
ENDCHAR
STARTCHAR U+022a
ENCODING 554
SWIDTH 500 0
DWIDTH 6 0
BBX 6 12 0 -2
BITMAP
70
00
50
00
70
88
88
88
88
70
00
00
ENDCHAR
STARTCHAR U+022b
ENCODING 555
SWIDTH 500 0
DWIDTH 6 0
BBX 6 12 0 -2
BITMAP
00
70
00
50
00
70
88
88
88
70
00
00
ENDCHAR
STARTCHAR U+01d1
ENCODING 465
SWIDTH 500 0
DWIDTH 6 0
BBX 6 12 0 -2
BITMAP
50
20
00
70
88
88
88
88
88
70
00
00
ENDCHAR
STARTCHAR U+01d2
ENCODING 466
SWIDTH 500 0
DWIDTH 6 0
BBX 6 12 0 -2
BITMAP
00
00
50
20
00
70
88
88
88
70
00
00
ENDCHAR
STARTCHAR U+022e
ENCODING 558
SWIDTH 500 0
DWIDTH 6 0
BBX 6 12 0 -2
BITMAP
00
20
00
70
88
88
88
88
88
70
00
00
ENDCHAR
STARTCHAR U+022f
ENCODING 559
SWIDTH 500 0
DWIDTH 6 0
BBX 6 12 0 -2
BITMAP
00
00
00
20
00
70
88
88
88
70
00
00
ENDCHAR
STARTCHAR U+0230
ENCODING 560
SWIDTH 500 0
DWIDTH 6 0
BBX 6 12 0 -2
BITMAP
70
00
20
00
70
88
88
88
88
70
00
00
ENDCHAR
STARTCHAR U+0231
ENCODING 561
SWIDTH 500 0
DWIDTH 6 0
BBX 6 12 0 -2
BITMAP
00
70
00
20
00
70
88
88
88
70
00
00
ENDCHAR
STARTCHAR U+020c
ENCODING 524
SWIDTH 500 0
DWIDTH 6 0
BBX 6 12 0 -2
BITMAP
90
48
00
70
88
88
88
88
88
70
00
00
ENDCHAR
STARTCHAR U+020d
ENCODING 525
SWIDTH 500 0
DWIDTH 6 0
BBX 6 12 0 -2
BITMAP
00
00
90
48
00
70
88
88
88
70
00
00
ENDCHAR
STARTCHAR U+01ea
ENCODING 490
SWIDTH 500 0
DWIDTH 6 0
BBX 6 12 0 -2
BITMAP
00
00
00
70
88
88
88
88
88
70
10
08
ENDCHAR
STARTCHAR U+1e54
ENCODING 7764
SWIDTH 500 0
DWIDTH 6 0
BBX 6 12 0 -2
BITMAP
10
20
00
F0
88
F0
80
80
80
80
00
00
ENDCHAR
STARTCHAR U+1e55
ENCODING 7765
SWIDTH 500 0
DWIDTH 6 0
BBX 6 12 0 -2
BITMAP
00
00
10
20
00
B0
C8
88
F0
80
80
00
ENDCHAR
STARTCHAR U+1d71
ENCODING 7537
SWIDTH 666 0
DWIDTH 8 0
BBX 8 12 0 -2
BITMAP
00
00
00
00
00
2C
32
22
3C
20
68
B0
ENDCHAR
STARTCHAR U+0212
ENCODING 530
SWIDTH 500 0
DWIDTH 6 0
BBX 6 12 0 -2
BITMAP
30
48
00
F0
88
F0
88
88
88
88
00
00
ENDCHAR
STARTCHAR U+0213
ENCODING 531
SWIDTH 500 0
DWIDTH 6 0
BBX 6 12 0 -2
BITMAP
00
00
30
48
00
B0
C8
80
80
80
00
00
ENDCHAR
STARTCHAR U+1e58
ENCODING 7768
SWIDTH 500 0
DWIDTH 6 0
BBX 6 12 0 -2
BITMAP
00
20
00
F0
88
F0
88
88
88
88
00
00
ENDCHAR
STARTCHAR U+1e59
ENCODING 7769
SWIDTH 500 0
DWIDTH 6 0
BBX 6 12 0 -2
BITMAP
00
00
00
20
00
B0
C8
80
80
80
00
00
ENDCHAR
STARTCHAR U+1e5c
ENCODING 7772
SWIDTH 500 0
DWIDTH 6 0
BBX 6 12 0 -2
BITMAP
00
70
00
F0
88
F0
88
88
88
88
00
20
ENDCHAR
STARTCHAR U+1e5d
ENCODING 7773
SWIDTH 500 0
DWIDTH 6 0
BBX 6 12 0 -2
BITMAP
00
00
00
70
00
B0
C8
80
80
80
00
20
ENDCHAR
STARTCHAR U+1e5e
ENCODING 7774
SWIDTH 500 0
DWIDTH 6 0
BBX 6 12 0 -2
BITMAP
00
00
00
F0
88
F0
88
88
88
88
00
70
ENDCHAR
STARTCHAR U+1e5f
ENCODING 7775
SWIDTH 500 0
DWIDTH 6 0
BBX 6 12 0 -2
BITMAP
00
00
00
00
00
B0
C8
80
80
80
00
70
ENDCHAR
STARTCHAR U+0210
ENCODING 528
SWIDTH 500 0
DWIDTH 6 0
BBX 6 12 0 -2
BITMAP
90
48
00
F0
88
F0
88
88
88
88
00
00
ENDCHAR
STARTCHAR U+0211
ENCODING 529
SWIDTH 500 0
DWIDTH 6 0
BBX 6 12 0 -2
BITMAP
00
00
90
48
00
B0
C8
80
80
80
00
00
ENDCHAR
STARTCHAR U+1e5a
ENCODING 7770
SWIDTH 500 0
DWIDTH 6 0
BBX 6 12 0 -2
BITMAP
00
00
00
F0
88
F0
88
88
88
88
00
20
ENDCHAR
STARTCHAR U+1d73
ENCODING 7539
SWIDTH 666 0
DWIDTH 8 0
BBX 8 12 0 -2
BITMAP
00
00
00
00
00
1C
22
20
68
B0
00
00
ENDCHAR
STARTCHAR U+1d72
ENCODING 7538
SWIDTH 666 0
DWIDTH 8 0
BBX 8 12 0 -2
BITMAP
00
00
00
00
00
2C
32
20
68
B0
00
00
ENDCHAR
STARTCHAR U+1e64
ENCODING 7780
SWIDTH 500 0
DWIDTH 6 0
BBX 6 12 0 -2
BITMAP
20
00
10
20
78
80
70
08
88
70
00
00
ENDCHAR
STARTCHAR U+1e65
ENCODING 7781
SWIDTH 500 0
DWIDTH 6 0
BBX 6 12 0 -2
BITMAP
20
00
10
20
00
78
80
70
08
F0
00
00
ENDCHAR
STARTCHAR U+1e66
ENCODING 7782
SWIDTH 500 0
DWIDTH 6 0
BBX 6 12 0 -2
BITMAP
20
00
50
20
78
80
70
08
88
70
00
00
ENDCHAR
STARTCHAR U+1e67
ENCODING 7783
SWIDTH 500 0
DWIDTH 6 0
BBX 6 12 0 -2
BITMAP
20
00
50
20
00
78
80
70
08
F0
00
00
ENDCHAR
STARTCHAR U+1e62
ENCODING 7778
SWIDTH 500 0
DWIDTH 6 0
BBX 6 12 0 -2
BITMAP
00
00
00
78
80
70
08
08
88
70
00
20
ENDCHAR
STARTCHAR U+1e63
ENCODING 7779
SWIDTH 500 0
DWIDTH 6 0
BBX 6 12 0 -2
BITMAP
00
00
00
00
00
78
80
70
08
F0
00
20
ENDCHAR
STARTCHAR U+1e68
ENCODING 7784
SWIDTH 500 0
DWIDTH 6 0
BBX 6 12 0 -2
BITMAP
00
20
00
78
80
70
08
08
88
70
00
20
ENDCHAR
STARTCHAR U+1e69
ENCODING 7785
SWIDTH 500 0
DWIDTH 6 0
BBX 6 12 0 -2
BITMAP
00
00
00
20
00
78
80
70
08
F0
00
20
ENDCHAR
STARTCHAR U+1d74
ENCODING 7540
SWIDTH 666 0
DWIDTH 8 0
BBX 8 12 0 -2
BITMAP
00
00
00
00
00
3C
40
BA
04
78
00
00
ENDCHAR
STARTCHAR U+1e70
ENCODING 7792
SWIDTH 500 0
DWIDTH 6 0
BBX 6 12 0 -2
BITMAP
00
00
00
F8
20
20
20
20
20
00
20
50
ENDCHAR
STARTCHAR U+1e71
ENCODING 7793
SWIDTH 333 0
DWIDTH 4 0
BBX 4 12 0 -2
BITMAP
00
00
00
40
40
E0
40
40
40
20
40
A0
ENDCHAR
STARTCHAR U+1e6e
ENCODING 7790
SWIDTH 500 0
DWIDTH 6 0
BBX 6 12 0 -2
BITMAP
00
00
00
F8
20
20
20
20
20
20
00
70
ENDCHAR
STARTCHAR U+1e6f
ENCODING 7791
SWIDTH 333 0
DWIDTH 4 0
BBX 4 12 0 -2
BITMAP
00
00
00
40
40
E0
40
40
40
20
00
E0
ENDCHAR
STARTCHAR U+1e6c
ENCODING 7788
SWIDTH 500 0
DWIDTH 6 0
BBX 6 12 0 -2
BITMAP
00
00
00
F8
20
20
20
20
20
20
00
20
ENDCHAR
STARTCHAR U+1e97
ENCODING 7831
SWIDTH 333 0
DWIDTH 4 0
BBX 4 12 0 -2
BITMAP
00
A0
00
40
40
E0
40
40
40
20
00
00
ENDCHAR
STARTCHAR U+1d75
ENCODING 7541
SWIDTH 500 0
DWIDTH 6 0
BBX 6 12 0 -2
BITMAP
00
00
00
20
70
20
68
B0
20
10
00
00
ENDCHAR
STARTCHAR U+1e72
ENCODING 7794
SWIDTH 500 0
DWIDTH 6 0
BBX 6 12 0 -2
BITMAP
00
00
00
88
88
88
88
88
88
70
00
50
ENDCHAR
STARTCHAR U+1e73
ENCODING 7795
SWIDTH 500 0
DWIDTH 6 0
BBX 6 12 0 -2
BITMAP
00
00
00
00
00
88
88
88
88
78
00
50
ENDCHAR
STARTCHAR U+1e76
ENCODING 7798
SWIDTH 500 0
DWIDTH 6 0
BBX 6 12 0 -2
BITMAP
00
00
00
88
88
88
88
88
88
70
20
50
ENDCHAR
STARTCHAR U+1e77
ENCODING 7799
SWIDTH 500 0
DWIDTH 6 0
BBX 6 12 0 -2
BITMAP
00
00
00
00
00
88
88
88
88
78
20
50
ENDCHAR
STARTCHAR U+1e78
ENCODING 7800
SWIDTH 500 0
DWIDTH 6 0
BBX 6 12 0 -2
BITMAP
40
80
28
50
00
88
88
88
88
70
00
00
ENDCHAR
STARTCHAR U+1e79
ENCODING 7801
SWIDTH 500 0
DWIDTH 6 0
BBX 6 12 0 -2
BITMAP
40
80
28
50
00
88
88
88
88
78
00
00
ENDCHAR
STARTCHAR U+1e7a
ENCODING 7802
SWIDTH 500 0
DWIDTH 6 0
BBX 6 12 0 -2
BITMAP
50
00
70
00
88
88
88
88
88
70
00
00
ENDCHAR
STARTCHAR U+1e7b
ENCODING 7803
SWIDTH 500 0
DWIDTH 6 0
BBX 6 12 0 -2
BITMAP
00
50
00
70
00
88
88
88
88
78
00
00
ENDCHAR
STARTCHAR U+01d3
ENCODING 467
SWIDTH 500 0
DWIDTH 6 0
BBX 6 12 0 -2
BITMAP
50
20
00
88
88
88
88
88
88
70
00
00
ENDCHAR
STARTCHAR U+01d4
ENCODING 468
SWIDTH 500 0
DWIDTH 6 0
BBX 6 12 0 -2
BITMAP
00
00
50
20
00
88
88
88
88
78
00
00
ENDCHAR
STARTCHAR U+01d5
ENCODING 469
SWIDTH 500 0
DWIDTH 6 0
BBX 6 12 0 -2
BITMAP
70
00
50
00
88
88
88
88
88
70
00
00
ENDCHAR
STARTCHAR U+01d6
ENCODING 470
SWIDTH 500 0
DWIDTH 6 0
BBX 6 12 0 -2
BITMAP
00
70
00
50
00
88
88
88
88
78
00
00
ENDCHAR
STARTCHAR U+01d7
ENCODING 471
SWIDTH 500 0
DWIDTH 6 0
BBX 6 12 0 -2
BITMAP
10
20
00
50
00
88
88
88
88
70
00
00
ENDCHAR
STARTCHAR U+01d8
ENCODING 472
SWIDTH 500 0
DWIDTH 6 0
BBX 6 12 0 -2
BITMAP
10
20
00
50
00
88
88
88
88
78
00
00
ENDCHAR
STARTCHAR U+01d9
ENCODING 473
SWIDTH 500 0
DWIDTH 6 0
BBX 6 12 0 -2
BITMAP
50
20
00
50
00
88
88
88
88
70
00
00
ENDCHAR
STARTCHAR U+01da
ENCODING 474
SWIDTH 500 0
DWIDTH 6 0
BBX 6 12 0 -2
BITMAP
50
20
00
50
00
88
88
88
88
78
00
00
ENDCHAR
STARTCHAR U+01db
ENCODING 475
SWIDTH 500 0
DWIDTH 6 0
BBX 6 12 0 -2
BITMAP
40
20
00
50
00
88
88
88
88
70
00
00
ENDCHAR
STARTCHAR U+01dc
ENCODING 476
SWIDTH 500 0
DWIDTH 6 0
BBX 6 12 0 -2
BITMAP
40
20
00
50
00
88
88
88
88
78
00
00
ENDCHAR
STARTCHAR U+1e74
ENCODING 7796
SWIDTH 500 0
DWIDTH 6 0
BBX 6 12 0 -2
BITMAP
00
00
00
88
88
88
88
88
88
70
28
50
ENDCHAR
STARTCHAR U+1e75
ENCODING 7797
SWIDTH 500 0
DWIDTH 6 0
BBX 6 12 0 -2
BITMAP
00
00
00
00
00
88
88
88
88
78
28
50
ENDCHAR
STARTCHAR U+0214
ENCODING 532
SWIDTH 500 0
DWIDTH 6 0
BBX 6 12 0 -2
BITMAP
90
48
00
88
88
88
88
88
88
70
00
00
ENDCHAR
STARTCHAR U+0215
ENCODING 533
SWIDTH 500 0
DWIDTH 6 0
BBX 6 12 0 -2
BITMAP
00
00
90
48
00
88
88
88
88
78
00
00
ENDCHAR
STARTCHAR U+0216
ENCODING 534
SWIDTH 500 0
DWIDTH 6 0
BBX 6 12 0 -2
BITMAP
30
48
00
88
88
88
88
88
88
70
00
00
ENDCHAR
STARTCHAR U+1e7e
ENCODING 7806
SWIDTH 500 0
DWIDTH 6 0
BBX 6 12 0 -2
BITMAP
00
00
00
88
88
88
88
50
50
20
00
20
ENDCHAR
STARTCHAR U+1e7f
ENCODING 7807
SWIDTH 500 0
DWIDTH 6 0
BBX 6 12 0 -2
BITMAP
00
00
00
00
00
88
88
88
50
20
00
20
ENDCHAR
STARTCHAR U+1e7c
ENCODING 7804
SWIDTH 500 0
DWIDTH 6 0
BBX 6 12 0 -2
BITMAP
28
50
00
88
88
88
88
50
50
20
00
00
ENDCHAR
STARTCHAR U+1e7d
ENCODING 7805
SWIDTH 500 0
DWIDTH 6 0
BBX 6 12 0 -2
BITMAP
00
00
28
50
00
88
88
88
50
20
00
00
ENDCHAR
STARTCHAR U+1e86
ENCODING 7814
SWIDTH 500 0
DWIDTH 6 0
BBX 6 12 0 -2
BITMAP
00
20
00
88
88
88
88
A8
D8
88
00
00
ENDCHAR
STARTCHAR U+1e87
ENCODING 7815
SWIDTH 500 0
DWIDTH 6 0
BBX 6 12 0 -2
BITMAP
00
00
00
20
00
88
88
A8
A8
78
00
00
ENDCHAR
STARTCHAR U+1e88
ENCODING 7816
SWIDTH 500 0
DWIDTH 6 0
BBX 6 12 0 -2
BITMAP
00
00
00
88
88
88
88
A8
D8
88
00
20
ENDCHAR
STARTCHAR U+1e89
ENCODING 7817
SWIDTH 500 0
DWIDTH 6 0
BBX 6 12 0 -2
BITMAP
00
00
00
00
00
88
88
A8
A8
78
00
20
ENDCHAR
STARTCHAR U+1e98
ENCODING 7832
SWIDTH 500 0
DWIDTH 6 0
BBX 6 12 0 -2
BITMAP
00
20
50
20
00
88
88
A8
A8
78
00
00
ENDCHAR
STARTCHAR U+1e8c
ENCODING 7820
SWIDTH 500 0
DWIDTH 6 0
BBX 6 12 0 -2
BITMAP
00
50
00
88
50
20
50
88
88
88
00
00
ENDCHAR
STARTCHAR U+1e8d
ENCODING 7821
SWIDTH 500 0
DWIDTH 6 0
BBX 6 12 0 -2
BITMAP
00
00
00
50
00
88
50
20
50
88
00
00
ENDCHAR
STARTCHAR U+1e8a
ENCODING 7818
SWIDTH 500 0
DWIDTH 6 0
BBX 6 12 0 -2
BITMAP
00
20
00
88
50
20
50
88
88
88
00
00
ENDCHAR
STARTCHAR U+1e8b
ENCODING 7819
SWIDTH 500 0
DWIDTH 6 0
BBX 6 12 0 -2
BITMAP
00
00
00
20
00
88
50
20
50
88
00
00
ENDCHAR
STARTCHAR U+0232
ENCODING 562
SWIDTH 500 0
DWIDTH 6 0
BBX 6 12 0 -2
BITMAP
00
70
00
88
50
20
20
20
20
20
00
00
ENDCHAR
STARTCHAR U+0233
ENCODING 563
SWIDTH 500 0
DWIDTH 6 0
BBX 6 12 0 -2
BITMAP
00
00
00
70
00
88
88
88
78
08
F0
00
ENDCHAR
STARTCHAR U+1e8e
ENCODING 7822
SWIDTH 500 0
DWIDTH 6 0
BBX 6 12 0 -2
BITMAP
00
20
00
88
50
20
20
20
20
20
00
00
ENDCHAR
STARTCHAR U+1e8f
ENCODING 7823
SWIDTH 500 0
DWIDTH 6 0
BBX 6 12 0 -2
BITMAP
00
00
00
20
00
88
88
88
78
08
F0
00
ENDCHAR
STARTCHAR U+1e99
ENCODING 7833
SWIDTH 500 0
DWIDTH 6 0
BBX 6 12 0 -2
BITMAP
00
20
50
20
00
88
88
88
78
08
F0
00
ENDCHAR
STARTCHAR U+1e94
ENCODING 7828
SWIDTH 500 0
DWIDTH 6 0
BBX 6 12 0 -2
BITMAP
00
00
00
F8
08
10
20
40
80
F8
00
70
ENDCHAR
STARTCHAR U+1e95
ENCODING 7829
SWIDTH 500 0
DWIDTH 6 0
BBX 6 12 0 -2
BITMAP
00
00
00
00
00
F8
10
20
40
F8
00
70
ENDCHAR
STARTCHAR U+1e90
ENCODING 7824
SWIDTH 500 0
DWIDTH 6 0
BBX 6 12 0 -2
BITMAP
20
50
00
F8
08
10
20
40
80
F8
00
00
ENDCHAR
STARTCHAR U+1e91
ENCODING 7825
SWIDTH 500 0
DWIDTH 6 0
BBX 6 12 0 -2
BITMAP
00
00
20
50
00
F8
10
20
40
F8
00
00
ENDCHAR
STARTCHAR U+1e93
ENCODING 7827
SWIDTH 500 0
DWIDTH 6 0
BBX 6 12 0 -2
BITMAP
00
00
00
00
00
F8
10
20
40
F8
00
20
ENDCHAR
STARTCHAR U+1d76
ENCODING 7542
SWIDTH 500 0
DWIDTH 6 0
BBX 6 12 0 -2
BITMAP
00
00
00
00
00
F8
10
A8
40
F8
00
00
ENDCHAR
STARTCHAR U+01ee
ENCODING 494
SWIDTH 500 0
DWIDTH 6 0
BBX 6 12 0 -2
BITMAP
50
20
00
F8
08
30
08
08
08
88
70
00
ENDCHAR
STARTCHAR U+01ef
ENCODING 495
SWIDTH 500 0
DWIDTH 6 0
BBX 6 12 0 -2
BITMAP
00
00
50
20
00
F8
08
30
08
88
70
00
ENDCHAR
STARTCHAR U+1e9b
ENCODING 7835
SWIDTH 333 0
DWIDTH 4 0
BBX 4 12 0 -2
BITMAP
00
40
00
60
80
80
80
80
80
80
00
00
ENDCHAR
STARTCHAR U+a73e
ENCODING 42814
SWIDTH 500 0
DWIDTH 6 0
BBX 6 12 0 -2
BITMAP
00
00
00
70
88
08
28
08
88
70
00
00
ENDCHAR
STARTCHAR U+a73f
ENCODING 42815
SWIDTH 500 0
DWIDTH 6 0
BBX 6 12 0 -2
BITMAP
00
00
00
00
00
70
88
28
88
70
00
00
ENDCHAR
STARTCHAR U+01e2
ENCODING 482
SWIDTH 833 0
DWIDTH 10 0
BBX 10 12 0 -2
BITMAP
0000
1C00
0000
7F80
8800
FE00
8800
8800
8800
8F80
0000
0000
ENDCHAR
STARTCHAR U+01e3
ENCODING 483
SWIDTH 833 0
DWIDTH 10 0
BBX 10 12 0 -2
BITMAP
0000
0000
0000
1C00
0000
7700
0880
7F80
8800
7F80
0000
0000
ENDCHAR
STARTCHAR U+1d7a
ENCODING 7546
SWIDTH 750 0
DWIDTH 9 0
BBX 9 12 0 -2
BITMAP
0000
0000
0000
5000
5100
F600
5900
7100
D100
3100
0000
0000
ENDCHAR
STARTCHAR U+1efb
ENCODING 7931
SWIDTH 583 0
DWIDTH 7 0
BBX 7 12 0 -2
BITMAP
00
00
00
48
FC
48
48
48
48
24
00
00
ENDCHAR
STARTCHAR U+1d02
ENCODING 7426
SWIDTH 833 0
DWIDTH 10 0
BBX 10 12 0 -2
BITMAP
0000
0000
0000
0000
0000
FF00
0880
FF00
8800
7700
0000
0000
ENDCHAR
STARTCHAR U+1d14
ENCODING 7444
SWIDTH 833 0
DWIDTH 10 0
BBX 10 12 0 -2
BITMAP
0000
0000
0000
0000
0000
F700
0880
F880
8880
7700
0000
0000
ENDCHAR
STARTCHAR U+ab63
ENCODING 43875
SWIDTH 833 0
DWIDTH 10 0
BBX 10 12 0 -2
BITMAP
0000
0000
0000
0000
0000
8F00
8880
8880
8880
7700
0000
0000
ENDCHAR
STARTCHAR U+0238
ENCODING 568
SWIDTH 833 0
DWIDTH 10 0
BBX 10 12 0 -2
BITMAP
0000
0000
0000
0800
0800
6B00
9C80
8880
8880
7F00
0000
0000
ENDCHAR
STARTCHAR U+02a3
ENCODING 675
SWIDTH 833 0
DWIDTH 10 0
BBX 10 12 0 -2
BITMAP
0000
0000
0000
0800
0800
6F80
9880
8B00
8C00
7F80
0000
0000
ENDCHAR
STARTCHAR U+02a5
ENCODING 677
SWIDTH 833 0
DWIDTH 10 0
BBX 10 12 0 -2
BITMAP
0000
0000
0000
1000
1000
5F00
B200
9500
9A80
7F00
0200
0000
ENDCHAR
STARTCHAR U+02a4
ENCODING 676
SWIDTH 833 0
DWIDTH 10 0
BBX 10 12 0 -2
BITMAP
0000
0000
0000
0800
0800
6F80
9880
8B00
8880
7880
0300
0000
ENDCHAR
STARTCHAR U+02a9
ENCODING 681
SWIDTH 833 0
DWIDTH 10 0
BBX 10 12 0 -2
BITMAP
0000
0000
0000
3000
4000
FF00
4880
4880
4880
4880
0100
0000
ENDCHAR
STARTCHAR U+02aa
ENCODING 682
SWIDTH 666 0
DWIDTH 8 0
BBX 8 12 0 -2
BITMAP
00
00
00
80
80
9E
A0
9C
82
7C
00
00
ENDCHAR
STARTCHAR U+02ab
ENCODING 683
SWIDTH 666 0
DWIDTH 8 0
BBX 8 12 0 -2
BITMAP
00
00
00
80
80
BE
84
88
90
7E
00
00
ENDCHAR
STARTCHAR U+0239
ENCODING 569
SWIDTH 833 0
DWIDTH 10 0
BBX 10 12 0 -2
BITMAP
0000
0000
0000
0000
0000
6B00
9C80
8880
7F00
0800
0800
0000
ENDCHAR
STARTCHAR U+02a8
ENCODING 680
SWIDTH 750 0
DWIDTH 9 0
BBX 9 12 0 -2
BITMAP
0000
0000
0000
4000
4000
EE00
5000
5200
5500
3E00
0400
0000
ENDCHAR
STARTCHAR U+02a6
ENCODING 678
SWIDTH 750 0
DWIDTH 9 0
BBX 9 12 0 -2
BITMAP
0000
0000
0000
4000
4000
EF00
5000
4E00
4100
3E00
0000
0000
ENDCHAR
STARTCHAR U+02a7
ENCODING 679
SWIDTH 666 0
DWIDTH 8 0
BBX 8 12 0 -2
BITMAP
00
00
00
46
48
E8
48
48
48
48
30
00
ENDCHAR
STARTCHAR U+ab50
ENCODING 43856
SWIDTH 500 0
DWIDTH 6 0
BBX 6 12 0 -2
BITMAP
00
00
00
00
00
A8
88
A8
A8
58
00
00
ENDCHAR
STARTCHAR U+ab51
ENCODING 43857
SWIDTH 500 0
DWIDTH 6 0
BBX 6 12 0 -2
BITMAP
00
00
00
00
00
D0
A8
A8
88
A8
00
00
ENDCHAR
STARTCHAR U+20a7
ENCODING 8359
SWIDTH 833 0
DWIDTH 10 0
BBX 10 12 0 -2
BITMAP
0000
0000
0000
E800
9C00
EB80
8C00
8B00
8880
8700
0000
0000
ENDCHAR
STARTCHAR U+1efa
ENCODING 7930
SWIDTH 666 0
DWIDTH 8 0
BBX 8 12 0 -2
BITMAP
00
00
00
A0
A0
A0
A0
A0
A0
FE
00
00
ENDCHAR
STARTCHAR U+fb2e
ENCODING 64302
SWIDTH 500 0
DWIDTH 6 0
BBX 6 12 0 -2
BITMAP
00
00
00
00
00
88
48
70
90
88
00
70
ENDCHAR
STARTCHAR U+fb2f
ENCODING 64303
SWIDTH 500 0
DWIDTH 6 0
BBX 6 12 0 -2
BITMAP
00
00
00
00
88
48
70
90
88
00
70
20
ENDCHAR
STARTCHAR U+0180
ENCODING 384
SWIDTH 583 0
DWIDTH 7 0
BBX 7 12 0 -2
BITMAP
00
00
00
40
F0
40
5C
64
44
78
00
00
ENDCHAR
STARTCHAR U+0182
ENCODING 386
SWIDTH 500 0
DWIDTH 6 0
BBX 6 12 0 -2
BITMAP
00
00
00
F8
80
F0
88
88
88
F0
00
00
ENDCHAR
STARTCHAR U+0183
ENCODING 387
SWIDTH 500 0
DWIDTH 6 0
BBX 6 12 0 -2
BITMAP
00
00
00
F8
80
B0
C8
88
88
F0
00
00
ENDCHAR
STARTCHAR U+0187
ENCODING 391
SWIDTH 583 0
DWIDTH 7 0
BBX 7 12 0 -2
BITMAP
00
04
08
70
88
80
80
80
88
70
00
00
ENDCHAR
STARTCHAR U+0188
ENCODING 392
SWIDTH 583 0
DWIDTH 7 0
BBX 7 12 0 -2
BITMAP
00
00
00
04
08
70
88
80
88
70
00
00
ENDCHAR
STARTCHAR U+018a
ENCODING 394
SWIDTH 666 0
DWIDTH 8 0
BBX 8 12 0 -2
BITMAP
00
00
00
7C
A2
22
22
22
22
3C
00
00
ENDCHAR
STARTCHAR U+018b
ENCODING 395
SWIDTH 500 0
DWIDTH 6 0
BBX 6 12 0 -2
BITMAP
00
00
00
F8
08
78
88
88
88
78
00
00
ENDCHAR
STARTCHAR U+018c
ENCODING 396
SWIDTH 500 0
DWIDTH 6 0
BBX 6 12 0 -2
BITMAP
00
00
00
F8
08
68
98
88
88
78
00
00
ENDCHAR
STARTCHAR U+0193
ENCODING 403
SWIDTH 583 0
DWIDTH 7 0
BBX 7 12 0 -2
BITMAP
00
04
08
78
80
98
88
88
88
70
00
00
ENDCHAR
STARTCHAR U+01e4
ENCODING 484
SWIDTH 583 0
DWIDTH 7 0
BBX 7 12 0 -2
BITMAP
00
00
00
78
80
98
88
9C
88
70
00
00
ENDCHAR
STARTCHAR U+01e5
ENCODING 485
SWIDTH 583 0
DWIDTH 7 0
BBX 7 12 0 -2
BITMAP
00
00
00
00
00
78
88
88
78
1C
08
F0
ENDCHAR
STARTCHAR U+0197
ENCODING 407
SWIDTH 333 0
DWIDTH 4 0
BBX 4 12 0 -2
BITMAP
00
00
00
E0
40
40
E0
40
40
E0
00
00
ENDCHAR
STARTCHAR U+0196
ENCODING 406
SWIDTH 333 0
DWIDTH 4 0
BBX 4 12 0 -2
BITMAP
00
00
00
E0
40
40
40
40
40
20
00
00
ENDCHAR
STARTCHAR U+0269
ENCODING 617
SWIDTH 250 0
DWIDTH 3 0
BBX 3 12 0 -2
BITMAP
00
00
00
00
00
80
80
80
80
40
00
00
ENDCHAR
STARTCHAR U+0198
ENCODING 408
SWIDTH 500 0
DWIDTH 6 0
BBX 6 12 0 -2
BITMAP
00
00
00
48
90
E0
90
88
88
88
00
00
ENDCHAR
STARTCHAR U+0199
ENCODING 409
SWIDTH 416 0
DWIDTH 5 0
BBX 5 12 0 -2
BITMAP
00
00
00
40
80
90
A0
C0
A0
90
00
00
ENDCHAR
STARTCHAR U+019d
ENCODING 413
SWIDTH 583 0
DWIDTH 7 0
BBX 7 12 0 -2
BITMAP
00
00
00
44
64
54
4C
44
44
44
80
00
ENDCHAR
STARTCHAR U+01a4
ENCODING 420
SWIDTH 666 0
DWIDTH 8 0
BBX 8 12 0 -2
BITMAP
00
00
00
7C
A2
3C
20
20
20
20
00
00
ENDCHAR
STARTCHAR U+01a5
ENCODING 421
SWIDTH 500 0
DWIDTH 6 0
BBX 6 12 0 -2
BITMAP
00
00
00
40
80
B0
C8
88
F0
80
80
00
ENDCHAR
STARTCHAR U+027d
ENCODING 637
SWIDTH 500 0
DWIDTH 6 0
BBX 6 12 0 -2
BITMAP
00
00
00
00
00
B0
C8
80
80
80
40
00
ENDCHAR
STARTCHAR U+01a6
ENCODING 422
SWIDTH 500 0
DWIDTH 6 0
BBX 6 12 0 -2
BITMAP
00
00
00
80
F0
88
F0
88
88
88
08
00
ENDCHAR
STARTCHAR U+01ac
ENCODING 428
SWIDTH 583 0
DWIDTH 7 0
BBX 7 12 0 -2
BITMAP
00
00
00
7C
90
10
10
10
10
10
00
00
ENDCHAR
STARTCHAR U+01ad
ENCODING 429
SWIDTH 333 0
DWIDTH 4 0
BBX 4 12 0 -2
BITMAP
00
00
00
20
40
E0
40
40
40
20
00
00
ENDCHAR
STARTCHAR U+01ab
ENCODING 427
SWIDTH 333 0
DWIDTH 4 0
BBX 4 12 0 -2
BITMAP
00
00
00
40
40
E0
40
40
40
40
20
40
ENDCHAR
STARTCHAR U+01ae
ENCODING 430
SWIDTH 500 0
DWIDTH 6 0
BBX 6 12 0 -2
BITMAP
00
00
00
F8
20
20
20
20
20
20
10
00
ENDCHAR
STARTCHAR U+0217
ENCODING 535
SWIDTH 500 0
DWIDTH 6 0
BBX 6 12 0 -2
BITMAP
00
00
30
48
00
88
88
88
88
78
00
00
ENDCHAR
STARTCHAR U+01b1
ENCODING 433
SWIDTH 500 0
DWIDTH 6 0
BBX 6 12 0 -2
BITMAP
00
00
00
D8
50
88
88
88
88
70
00
00
ENDCHAR
STARTCHAR U+019c
ENCODING 412
SWIDTH 500 0
DWIDTH 6 0
BBX 6 12 0 -2
BITMAP
00
00
00
88
88
A8
A8
A8
A8
58
00
00
ENDCHAR
STARTCHAR U+01b3
ENCODING 435
SWIDTH 583 0
DWIDTH 7 0
BBX 7 12 0 -2
BITMAP
00
00
00
88
54
20
20
20
20
20
00
00
ENDCHAR
STARTCHAR U+01b4
ENCODING 436
SWIDTH 666 0
DWIDTH 8 0
BBX 8 12 0 -2
BITMAP
00
00
00
0C
0A
88
88
88
78
08
F0
00
ENDCHAR
STARTCHAR U+01b5
ENCODING 437
SWIDTH 500 0
DWIDTH 6 0
BBX 6 12 0 -2
BITMAP
00
00
00
F8
08
10
F8
40
80
F8
00
00
ENDCHAR
STARTCHAR U+01b6
ENCODING 438
SWIDTH 500 0
DWIDTH 6 0
BBX 6 12 0 -2
BITMAP
00
00
00
00
00
F8
10
F8
40
F8
00
00
ENDCHAR
STARTCHAR U+01a2
ENCODING 418
SWIDTH 666 0
DWIDTH 8 0
BBX 8 12 0 -2
BITMAP
00
00
00
7E
8A
8A
8A
8A
8A
7A
02
00
ENDCHAR
STARTCHAR U+01a3
ENCODING 419
SWIDTH 666 0
DWIDTH 8 0
BBX 8 12 0 -2
BITMAP
00
00
00
00
00
7E
8A
8A
8A
7A
02
00
ENDCHAR
STARTCHAR U+0222
ENCODING 546
SWIDTH 500 0
DWIDTH 6 0
BBX 6 12 0 -2
BITMAP
00
00
00
48
88
88
70
88
88
70
00
00
ENDCHAR
STARTCHAR U+0223
ENCODING 547
SWIDTH 500 0
DWIDTH 6 0
BBX 6 12 0 -2
BITMAP
00
00
00
88
88
88
70
88
88
70
00
00
ENDCHAR
STARTCHAR U+02ad
ENCODING 685
SWIDTH 500 0
DWIDTH 6 0
BBX 6 12 0 -2
BITMAP
00
00
00
F8
88
88
00
F8
88
88
00
00
ENDCHAR
STARTCHAR U+02ae
ENCODING 686
SWIDTH 583 0
DWIDTH 7 0
BBX 7 12 0 -2
BITMAP
00
00
00
00
00
84
44
44
4C
34
04
04
ENDCHAR
STARTCHAR U+02af
ENCODING 687
SWIDTH 666 0
DWIDTH 8 0
BBX 8 12 0 -2
BITMAP
00
00
00
00
00
84
44
44
4C
34
04
02
ENDCHAR
STARTCHAR U+fb14
ENCODING 64276
SWIDTH 833 0
DWIDTH 10 0
BBX 10 12 0 -2
BITMAP
0000
0000
0000
1C00
1400
9700
9400
9480
9580
7280
0000
0000
ENDCHAR
STARTCHAR U+fb15
ENCODING 64277
SWIDTH 833 0
DWIDTH 10 0
BBX 10 12 0 -2
BITMAP
0000
0000
0000
1C00
1400
9500
9680
9480
9480
7480
0400
0000
ENDCHAR
STARTCHAR U+fb17
ENCODING 64279
SWIDTH 833 0
DWIDTH 10 0
BBX 10 12 0 -2
BITMAP
0000
0000
0000
3800
2800
AC80
AA80
AA80
AA80
6980
0800
0000
ENDCHAR
STARTCHAR U+fb16
ENCODING 64278
SWIDTH 833 0
DWIDTH 10 0
BBX 10 12 0 -2
BITMAP
0000
0000
0000
1C00
1400
9480
9480
9480
9480
7380
1800
0000
ENDCHAR
STARTCHAR U+fb13
ENCODING 64275
SWIDTH 833 0
DWIDTH 10 0
BBX 10 12 0 -2
BITMAP
0000
0000
0000
1C00
1400
9480
9480
9480
9480
7700
0000
0000
ENDCHAR
STARTCHAR U+04d0
ENCODING 1232
SWIDTH 500 0
DWIDTH 6 0
BBX 6 12 0 -2
BITMAP
48
30
00
70
88
F8
88
88
88
88
00
00
ENDCHAR
STARTCHAR U+04d1
ENCODING 1233
SWIDTH 500 0
DWIDTH 6 0
BBX 6 12 0 -2
BITMAP
00
00
48
30
00
70
08
78
88
78
00
00
ENDCHAR
STARTCHAR U+04d2
ENCODING 1234
SWIDTH 500 0
DWIDTH 6 0
BBX 6 12 0 -2
BITMAP
00
50
00
70
88
F8
88
88
88
88
00
00
ENDCHAR
STARTCHAR U+04d3
ENCODING 1235
SWIDTH 500 0
DWIDTH 6 0
BBX 6 12 0 -2
BITMAP
00
00
00
50
00
70
08
78
88
78
00
00
ENDCHAR
STARTCHAR U+04f6
ENCODING 1270
SWIDTH 500 0
DWIDTH 6 0
BBX 6 12 0 -2
BITMAP
00
00
00
F8
80
80
80
80
80
C0
40
00
ENDCHAR
STARTCHAR U+04f7
ENCODING 1271
SWIDTH 416 0
DWIDTH 5 0
BBX 5 12 0 -2
BITMAP
00
00
00
00
00
F0
80
80
80
C0
40
00
ENDCHAR
STARTCHAR U+0494
ENCODING 1172
SWIDTH 500 0
DWIDTH 6 0
BBX 6 12 0 -2
BITMAP
00
00
00
F8
80
80
F0
88
88
88
30
00
ENDCHAR
STARTCHAR U+0495
ENCODING 1173
SWIDTH 416 0
DWIDTH 5 0
BBX 5 12 0 -2
BITMAP
00
00
00
00
00
F0
80
E0
90
90
20
00
ENDCHAR
STARTCHAR U+04d6
ENCODING 1238
SWIDTH 500 0
DWIDTH 6 0
BBX 6 12 0 -2
BITMAP
48
30
00
F8
80
E0
80
80
80
F8
00
00
ENDCHAR
STARTCHAR U+04d7
ENCODING 1239
SWIDTH 500 0
DWIDTH 6 0
BBX 6 12 0 -2
BITMAP
00
00
48
30
00
70
88
F8
80
78
00
00
ENDCHAR
STARTCHAR U+04bc
ENCODING 1212
SWIDTH 666 0
DWIDTH 8 0
BBX 8 12 0 -2
BITMAP
00
00
00
1C
22
A2
FE
20
22
1C
00
00
ENDCHAR
STARTCHAR U+04bd
ENCODING 1213
SWIDTH 666 0
DWIDTH 8 0
BBX 8 12 0 -2
BITMAP
00
00
00
00
00
1C
A2
FE
20
1E
00
00
ENDCHAR
STARTCHAR U+04be
ENCODING 1214
SWIDTH 666 0
DWIDTH 8 0
BBX 8 12 0 -2
BITMAP
00
00
00
1C
22
A2
FE
20
22
1C
08
00
ENDCHAR
STARTCHAR U+04bf
ENCODING 1215
SWIDTH 666 0
DWIDTH 8 0
BBX 8 12 0 -2
BITMAP
00
00
00
00
00
1C
A2
FE
20
1E
08
00
ENDCHAR
STARTCHAR U+04da
ENCODING 1242
SWIDTH 500 0
DWIDTH 6 0
BBX 6 12 0 -2
BITMAP
00
50
00
70
88
08
F8
88
88
70
00
00
ENDCHAR
STARTCHAR U+04db
ENCODING 1243
SWIDTH 500 0
DWIDTH 6 0
BBX 6 12 0 -2
BITMAP
00
00
00
50
00
F0
08
F8
88
70
00
00
ENDCHAR
STARTCHAR U+04dc
ENCODING 1244
SWIDTH 666 0
DWIDTH 8 0
BBX 8 12 0 -2
BITMAP
00
28
00
92
54
38
54
92
92
92
00
00
ENDCHAR
STARTCHAR U+04dd
ENCODING 1245
SWIDTH 500 0
DWIDTH 6 0
BBX 6 12 0 -2
BITMAP
00
00
00
50
00
A8
A8
70
A8
A8
00
00
ENDCHAR
STARTCHAR U+04c1
ENCODING 1217
SWIDTH 666 0
DWIDTH 8 0
BBX 8 12 0 -2
BITMAP
24
18
00
92
54
38
54
92
92
92
00
00
ENDCHAR
STARTCHAR U+04c2
ENCODING 1218
SWIDTH 500 0
DWIDTH 6 0
BBX 6 12 0 -2
BITMAP
00
00
48
30
00
A8
A8
70
A8
A8
00
00
ENDCHAR
STARTCHAR U+04de
ENCODING 1246
SWIDTH 500 0
DWIDTH 6 0
BBX 6 12 0 -2
BITMAP
00
50
00
70
88
30
08
08
88
70
00
00
ENDCHAR
STARTCHAR U+04df
ENCODING 1247
SWIDTH 500 0
DWIDTH 6 0
BBX 6 12 0 -2
BITMAP
00
00
00
50
00
70
88
30
88
70
00
00
ENDCHAR
STARTCHAR U+04e2
ENCODING 1250
SWIDTH 500 0
DWIDTH 6 0
BBX 6 12 0 -2
BITMAP
00
70
00
88
98
A8
C8
88
88
88
00
00
ENDCHAR
STARTCHAR U+04e3
ENCODING 1251
SWIDTH 500 0
DWIDTH 6 0
BBX 6 12 0 -2
BITMAP
00
00
00
70
00
88
98
A8
C8
88
00
00
ENDCHAR
STARTCHAR U+04e4
ENCODING 1252
SWIDTH 500 0
DWIDTH 6 0
BBX 6 12 0 -2
BITMAP
00
50
00
88
98
A8
C8
88
88
88
00
00
ENDCHAR
STARTCHAR U+04e5
ENCODING 1253
SWIDTH 500 0
DWIDTH 6 0
BBX 6 12 0 -2
BITMAP
00
00
00
50
00
88
98
A8
C8
88
00
00
ENDCHAR
STARTCHAR U+04e6
ENCODING 1254
SWIDTH 500 0
DWIDTH 6 0
BBX 6 12 0 -2
BITMAP
00
50
00
70
88
88
88
88
88
70
00
00
ENDCHAR
STARTCHAR U+04e7
ENCODING 1255
SWIDTH 500 0
DWIDTH 6 0
BBX 6 12 0 -2
BITMAP
00
00
00
50
00
70
88
88
88
70
00
00
ENDCHAR
STARTCHAR U+04ea
ENCODING 1258
SWIDTH 500 0
DWIDTH 6 0
BBX 6 12 0 -2
BITMAP
00
50
00
70
88
88
F8
88
88
70
00
00
ENDCHAR
STARTCHAR U+04eb
ENCODING 1259
SWIDTH 500 0
DWIDTH 6 0
BBX 6 12 0 -2
BITMAP
00
00
00
50
00
70
88
F8
88
70
00
00
ENDCHAR
STARTCHAR U+04f0
ENCODING 1264
SWIDTH 500 0
DWIDTH 6 0
BBX 6 12 0 -2
BITMAP
00
50
00
88
88
88
78
08
08
F0
00
00
ENDCHAR
STARTCHAR U+04f1
ENCODING 1265
SWIDTH 500 0
DWIDTH 6 0
BBX 6 12 0 -2
BITMAP
00
00
00
50
00
88
88
88
78
08
F0
00
ENDCHAR
STARTCHAR U+04ee
ENCODING 1262
SWIDTH 500 0
DWIDTH 6 0
BBX 6 12 0 -2
BITMAP
00
70
00
88
88
88
78
08
08
F0
00
00
ENDCHAR
STARTCHAR U+04ef
ENCODING 1263
SWIDTH 500 0
DWIDTH 6 0
BBX 6 12 0 -2
BITMAP
00
00
00
70
00
88
88
88
78
08
F0
00
ENDCHAR
STARTCHAR U+04f2
ENCODING 1266
SWIDTH 500 0
DWIDTH 6 0
BBX 6 12 0 -2
BITMAP
48
90
00
88
88
88
78
08
08
F0
00
00
ENDCHAR
STARTCHAR U+04f3
ENCODING 1267
SWIDTH 500 0
DWIDTH 6 0
BBX 6 12 0 -2
BITMAP
00
00
48
90
00
88
88
88
78
08
F0
00
ENDCHAR
STARTCHAR U+04f4
ENCODING 1268
SWIDTH 500 0
DWIDTH 6 0
BBX 6 12 0 -2
BITMAP
00
50
00
88
88
88
78
08
08
08
00
00
ENDCHAR
STARTCHAR U+04f5
ENCODING 1269
SWIDTH 500 0
DWIDTH 6 0
BBX 6 12 0 -2
BITMAP
00
00
00
50
00
88
88
78
08
08
00
00
ENDCHAR
STARTCHAR U+04f8
ENCODING 1272
SWIDTH 666 0
DWIDTH 8 0
BBX 8 12 0 -2
BITMAP
00
28
00
82
82
82
F2
8A
8A
F2
00
00
ENDCHAR
STARTCHAR U+04f9
ENCODING 1273
SWIDTH 583 0
DWIDTH 7 0
BBX 7 12 0 -2
BITMAP
00
00
00
28
00
84
84
E4
94
E4
00
00
ENDCHAR
STARTCHAR U+04ec
ENCODING 1260
SWIDTH 500 0
DWIDTH 6 0
BBX 6 12 0 -2
BITMAP
00
50
00
70
88
08
38
08
88
70
00
00
ENDCHAR
STARTCHAR U+04ed
ENCODING 1261
SWIDTH 500 0
DWIDTH 6 0
BBX 6 12 0 -2
BITMAP
00
00
00
50
00
70
88
38
88
70
00
00
ENDCHAR
STARTCHAR U+0476
ENCODING 1142
SWIDTH 583 0
DWIDTH 7 0
BBX 7 12 0 -2
BITMAP
90
48
00
84
88
88
88
50
50
20
00
00
ENDCHAR
STARTCHAR U+0477
ENCODING 1143
SWIDTH 583 0
DWIDTH 7 0
BBX 7 12 0 -2
BITMAP
00
00
90
48
00
84
88
88
50
20
00
00
ENDCHAR
STARTCHAR U+04d4
ENCODING 1236
SWIDTH 833 0
DWIDTH 10 0
BBX 10 12 0 -2
BITMAP
0000
0000
0000
7F80
8800
FE00
8800
8800
8800
8F80
0000
0000
ENDCHAR
STARTCHAR U+04fa
ENCODING 1274
SWIDTH 583 0
DWIDTH 7 0
BBX 7 12 0 -2
BITMAP
00
00
00
7C
40
E0
40
40
40
40
20
40
ENDCHAR
STARTCHAR U+0502
ENCODING 1282
SWIDTH 750 0
DWIDTH 9 0
BBX 9 12 0 -2
BITMAP
0000
0000
0000
0800
0800
7900
8900
8900
8900
7600
0000
0000
ENDCHAR
STARTCHAR U+a682
ENCODING 42626
SWIDTH 500 0
DWIDTH 6 0
BBX 6 12 0 -2
BITMAP
00
00
00
78
80
70
08
08
08
88
70
00
ENDCHAR
STARTCHAR U+a680
ENCODING 42624
SWIDTH 583 0
DWIDTH 7 0
BBX 7 12 0 -2
BITMAP
00
00
20
38
28
28
48
48
48
FC
84
00
ENDCHAR
STARTCHAR U+a688
ENCODING 42632
SWIDTH 583 0
DWIDTH 7 0
BBX 7 12 0 -2
BITMAP
00
00
00
38
28
28
48
48
FC
88
04
08
ENDCHAR
STARTCHAR U+052a
ENCODING 1322
SWIDTH 833 0
DWIDTH 10 0
BBX 10 12 0 -2
BITMAP
0000
0000
0000
3A80
2A80
2F00
4A80
4A80
4A80
FE80
8400
0000
ENDCHAR
STARTCHAR U+052c
ENCODING 1324
SWIDTH 583 0
DWIDTH 7 0
BBX 7 12 0 -2
BITMAP
00
00
00
B8
A8
A8
78
48
48
FC
84
00
ENDCHAR
STARTCHAR U+a684
ENCODING 42628
SWIDTH 833 0
DWIDTH 10 0
BBX 10 12 0 -2
BITMAP
0000
0000
0000
6480
9500
2E00
1500
1480
9480
6480
0000
0000
ENDCHAR
STARTCHAR U+0504
ENCODING 1284
SWIDTH 666 0
DWIDTH 8 0
BBX 8 12 0 -2
BITMAP
00
00
00
E0
10
E2
12
12
12
0C
00
00
ENDCHAR
STARTCHAR U+0510
ENCODING 1296
SWIDTH 500 0
DWIDTH 6 0
BBX 6 12 0 -2
BITMAP
00
00
00
70
88
60
80
80
88
70
00
00
ENDCHAR
STARTCHAR U+04e0
ENCODING 1248
SWIDTH 500 0
DWIDTH 6 0
BBX 6 12 0 -2
BITMAP
00
00
00
F8
08
30
08
08
88
70
00
00
ENDCHAR
STARTCHAR U+0506
ENCODING 1286
SWIDTH 583 0
DWIDTH 7 0
BBX 7 12 0 -2
BITMAP
00
00
00
F0
08
F0
08
08
08
0C
04
00
ENDCHAR
STARTCHAR U+048a
ENCODING 1162
SWIDTH 583 0
DWIDTH 7 0
BBX 7 12 0 -2
BITMAP
48
30
00
88
98
A8
C8
88
88
84
08
00
ENDCHAR
STARTCHAR U+04c3
ENCODING 1219
SWIDTH 500 0
DWIDTH 6 0
BBX 6 12 0 -2
BITMAP
00
00
00
88
90
E0
90
88
88
88
30
00
ENDCHAR
STARTCHAR U+049e
ENCODING 1182
SWIDTH 583 0
DWIDTH 7 0
BBX 7 12 0 -2
BITMAP
00
00
00
E4
48
70
48
44
44
44
00
00
ENDCHAR
STARTCHAR U+049c
ENCODING 1180
SWIDTH 500 0
DWIDTH 6 0
BBX 6 12 0 -2
BITMAP
00
00
00
88
D0
E0
D0
88
88
88
00
00
ENDCHAR
STARTCHAR U+051e
ENCODING 1310
SWIDTH 500 0
DWIDTH 6 0
BBX 6 12 0 -2
BITMAP
00
00
00
A8
90
E0
90
88
88
88
00
00
ENDCHAR
STARTCHAR U+051a
ENCODING 1306
SWIDTH 500 0
DWIDTH 6 0
BBX 6 12 0 -2
BITMAP
00
00
00
70
88
88
88
88
90
68
00
00
ENDCHAR
STARTCHAR U+04c5
ENCODING 1221
SWIDTH 583 0
DWIDTH 7 0
BBX 7 12 0 -2
BITMAP
00
00
00
78
48
48
48
48
48
84
08
00
ENDCHAR
STARTCHAR U+052e
ENCODING 1326
SWIDTH 583 0
DWIDTH 7 0
BBX 7 12 0 -2
BITMAP
00
00
00
78
48
48
48
48
48
8C
04
00
ENDCHAR
STARTCHAR U+0512
ENCODING 1298
SWIDTH 500 0
DWIDTH 6 0
BBX 6 12 0 -2
BITMAP
00
00
00
78
48
48
48
48
48
88
10
00
ENDCHAR
STARTCHAR U+0520
ENCODING 1312
SWIDTH 750 0
DWIDTH 9 0
BBX 9 12 0 -2
BITMAP
0000
0000
0000
7800
4800
4E00
4900
4900
4900
8900
0200
0000
ENDCHAR
STARTCHAR U+0508
ENCODING 1288
SWIDTH 750 0
DWIDTH 9 0
BBX 9 12 0 -2
BITMAP
0000
0000
0000
7800
4800
4900
4900
4900
4900
8600
0000
0000
ENDCHAR
STARTCHAR U+0514
ENCODING 1300
SWIDTH 750 0
DWIDTH 9 0
BBX 9 12 0 -2
BITMAP
0000
0000
0000
7100
4A00
4400
4A00
5100
5100
9100
0000
0000
ENDCHAR
STARTCHAR U+04cd
ENCODING 1229
SWIDTH 583 0
DWIDTH 7 0
BBX 7 12 0 -2
BITMAP
00
00
00
88
D8
A8
88
88
88
84
08
00
ENDCHAR
STARTCHAR U+04c9
ENCODING 1225
SWIDTH 583 0
DWIDTH 7 0
BBX 7 12 0 -2
BITMAP
00
00
00
88
88
F8
88
88
88
84
08
00
ENDCHAR
STARTCHAR U+0528
ENCODING 1320
SWIDTH 583 0
DWIDTH 7 0
BBX 7 12 0 -2
BITMAP
00
00
00
44
44
7C
44
44
44
44
80
00
ENDCHAR
STARTCHAR U+04c7
ENCODING 1223
SWIDTH 500 0
DWIDTH 6 0
BBX 6 12 0 -2
BITMAP
00
00
00
88
88
F8
88
88
88
88
30
00
ENDCHAR
STARTCHAR U+04a4
ENCODING 1188
SWIDTH 583 0
DWIDTH 7 0
BBX 7 12 0 -2
BITMAP
00
00
00
8C
88
F8
88
88
88
88
00
00
ENDCHAR
STARTCHAR U+0522
ENCODING 1314
SWIDTH 750 0
DWIDTH 9 0
BBX 9 12 0 -2
BITMAP
0000
0000
0000
8800
8800
FE00
8900
8900
8900
8900
0200
0000
ENDCHAR
STARTCHAR U+050a
ENCODING 1290
SWIDTH 750 0
DWIDTH 9 0
BBX 9 12 0 -2
BITMAP
0000
0000
0000
8800
8800
F900
8900
8900
8900
8600
0000
0000
ENDCHAR
STARTCHAR U+04a8
ENCODING 1192
SWIDTH 583 0
DWIDTH 7 0
BBX 7 12 0 -2
BITMAP
00
00
00
50
A8
A8
A8
98
88
74
00
00
ENDCHAR
STARTCHAR U+0524
ENCODING 1316
SWIDTH 583 0
DWIDTH 7 0
BBX 7 12 0 -2
BITMAP
00
00
00
F8
88
88
88
88
88
8C
04
00
ENDCHAR
STARTCHAR U+04a6
ENCODING 1190
SWIDTH 750 0
DWIDTH 9 0
BBX 9 12 0 -2
BITMAP
0000
0000
0000
F800
8800
8E00
8900
8900
8900
8900
0200
0000
ENDCHAR
STARTCHAR U+048e
ENCODING 1166
SWIDTH 500 0
DWIDTH 6 0
BBX 6 12 0 -2
BITMAP
00
00
00
F0
88
F0
88
80
80
80
00
00
ENDCHAR
STARTCHAR U+0516
ENCODING 1302
SWIDTH 750 0
DWIDTH 9 0
BBX 9 12 0 -2
BITMAP
0000
0000
0000
F100
8A00
FC00
8200
8100
8100
8100
0000
0000
ENDCHAR
STARTCHAR U+050c
ENCODING 1292
SWIDTH 500 0
DWIDTH 6 0
BBX 6 12 0 -2
BITMAP
00
00
00
78
80
98
88
88
88
70
00
00
ENDCHAR
STARTCHAR U+a690
ENCODING 42640
SWIDTH 500 0
DWIDTH 6 0
BBX 6 12 0 -2
BITMAP
00
00
00
F8
20
20
20
20
20
40
20
00
ENDCHAR
STARTCHAR U+04ac
ENCODING 1196
SWIDTH 500 0
DWIDTH 6 0
BBX 6 12 0 -2
BITMAP
00
00
00
F8
20
20
20
20
20
30
10
00
ENDCHAR
STARTCHAR U+a68a
ENCODING 42634
SWIDTH 583 0
DWIDTH 7 0
BBX 7 12 0 -2
BITMAP
00
00
00
F8
20
38
24
24
24
24
08
00
ENDCHAR
STARTCHAR U+a68c
ENCODING 42636
SWIDTH 500 0
DWIDTH 6 0
BBX 6 12 0 -2
BITMAP
00
00
00
F8
20
20
20
20
20
10
00
00
ENDCHAR
STARTCHAR U+050e
ENCODING 1294
SWIDTH 583 0
DWIDTH 7 0
BBX 7 12 0 -2
BITMAP
00
00
00
F8
20
24
24
24
24
18
00
00
ENDCHAR
STARTCHAR U+04b2
ENCODING 1202
SWIDTH 583 0
DWIDTH 7 0
BBX 7 12 0 -2
BITMAP
00
00
00
88
50
20
50
88
88
8C
04
00
ENDCHAR
STARTCHAR U+04fc
ENCODING 1276
SWIDTH 500 0
DWIDTH 6 0
BBX 6 12 0 -2
BITMAP
00
00
00
88
50
20
50
88
88
88
10
00
ENDCHAR
STARTCHAR U+04fe
ENCODING 1278
SWIDTH 500 0
DWIDTH 6 0
BBX 6 12 0 -2
BITMAP
00
00
00
88
50
F8
50
88
88
88
00
00
ENDCHAR
STARTCHAR U+0526
ENCODING 1318
SWIDTH 583 0
DWIDTH 7 0
BBX 7 12 0 -2
BITMAP
00
00
00
80
80
F0
88
88
88
8C
04
00
ENDCHAR
STARTCHAR U+a694
ENCODING 42644
SWIDTH 500 0
DWIDTH 6 0
BBX 6 12 0 -2
BITMAP
00
00
00
60
80
F0
88
88
88
88
00
00
ENDCHAR
STARTCHAR U+04b4
ENCODING 1204
SWIDTH 666 0
DWIDTH 8 0
BBX 8 12 0 -2
BITMAP
00
00
00
E4
44
44
44
44
44
7E
02
00
ENDCHAR
STARTCHAR U+a68e
ENCODING 42638
SWIDTH 583 0
DWIDTH 7 0
BBX 7 12 0 -2
BITMAP
00
00
00
88
88
88
88
88
FC
34
44
38
ENDCHAR
STARTCHAR U+04b6
ENCODING 1206
SWIDTH 583 0
DWIDTH 7 0
BBX 7 12 0 -2
BITMAP
00
00
00
88
88
88
78
08
08
0C
04
00
ENDCHAR
STARTCHAR U+04cb
ENCODING 1227
SWIDTH 500 0
DWIDTH 6 0
BBX 6 12 0 -2
BITMAP
00
00
00
88
88
88
78
08
08
18
10
00
ENDCHAR
STARTCHAR U+04b8
ENCODING 1208
SWIDTH 500 0
DWIDTH 6 0
BBX 6 12 0 -2
BITMAP
00
00
00
88
88
A8
78
28
08
08
00
00
ENDCHAR
STARTCHAR U+a692
ENCODING 42642
SWIDTH 583 0
DWIDTH 7 0
BBX 7 12 0 -2
BITMAP
00
00
00
E4
44
44
3C
04
04
04
00
00
ENDCHAR
STARTCHAR U+a696
ENCODING 42646
SWIDTH 750 0
DWIDTH 9 0
BBX 9 12 0 -2
BITMAP
0000
0000
0000
9200
9200
9200
9200
9200
FE00
1D00
2100
1E00
ENDCHAR
STARTCHAR U+a686
ENCODING 42630
SWIDTH 500 0
DWIDTH 6 0
BBX 6 12 0 -2
BITMAP
00
00
00
A8
A8
A8
A8
58
08
08
00
00
ENDCHAR
STARTCHAR U+048c
ENCODING 1164
SWIDTH 583 0
DWIDTH 7 0
BBX 7 12 0 -2
BITMAP
00
00
00
40
E0
40
78
44
44
78
00
00
ENDCHAR
STARTCHAR U+0518
ENCODING 1304
SWIDTH 833 0
DWIDTH 10 0
BBX 10 12 0 -2
BITMAP
0000
0000
0000
7F80
8800
7E00
8800
8800
8800
8F80
0000
0000
ENDCHAR
STARTCHAR U+051c
ENCODING 1308
SWIDTH 500 0
DWIDTH 6 0
BBX 6 12 0 -2
BITMAP
00
00
00
88
88
88
88
A8
D8
88
00
00
ENDCHAR
STARTCHAR U+04d5
ENCODING 1237
SWIDTH 833 0
DWIDTH 10 0
BBX 10 12 0 -2
BITMAP
0000
0000
0000
0000
0000
7700
0880
7F80
8800
7F80
0000
0000
ENDCHAR
STARTCHAR U+04fb
ENCODING 1275
SWIDTH 500 0
DWIDTH 6 0
BBX 6 12 0 -2
BITMAP
00
00
00
00
00
78
40
E0
40
40
20
40
ENDCHAR
STARTCHAR U+0503
ENCODING 1283
SWIDTH 750 0
DWIDTH 9 0
BBX 9 12 0 -2
BITMAP
0000
0000
0000
0800
0800
6900
9900
8900
8900
7600
0000
0000
ENDCHAR
STARTCHAR U+a683
ENCODING 42627
SWIDTH 500 0
DWIDTH 6 0
BBX 6 12 0 -2
BITMAP
00
00
00
00
00
78
80
70
08
88
70
00
ENDCHAR
STARTCHAR U+a681
ENCODING 42625
SWIDTH 583 0
DWIDTH 7 0
BBX 7 12 0 -2
BITMAP
00
00
00
00
20
38
28
48
48
FC
84
00
ENDCHAR
STARTCHAR U+a689
ENCODING 42633
SWIDTH 583 0
DWIDTH 7 0
BBX 7 12 0 -2
BITMAP
00
00
00
00
00
38
28
48
FC
88
04
08
ENDCHAR
STARTCHAR U+052b
ENCODING 1323
SWIDTH 833 0
DWIDTH 10 0
BBX 10 12 0 -2
BITMAP
0000
0000
0000
0000
0000
3A80
2A80
4F00
4A80
FE80
8400
0000
ENDCHAR
STARTCHAR U+052d
ENCODING 1325
SWIDTH 583 0
DWIDTH 7 0
BBX 7 12 0 -2
BITMAP
00
00
00
00
00
B8
A8
78
48
FC
84
00
ENDCHAR
STARTCHAR U+a685
ENCODING 42629
SWIDTH 750 0
DWIDTH 9 0
BBX 9 12 0 -2
BITMAP
0000
0000
0000
0000
0000
6500
9500
2E00
9500
6500
0000
0000
ENDCHAR
STARTCHAR U+0505
ENCODING 1285
SWIDTH 666 0
DWIDTH 8 0
BBX 8 12 0 -2
BITMAP
00
00
00
00
00
E0
10
E2
12
0C
00
00
ENDCHAR
STARTCHAR U+0511
ENCODING 1297
SWIDTH 500 0
DWIDTH 6 0
BBX 6 12 0 -2
BITMAP
00
00
00
00
00
70
88
60
88
70
00
00
ENDCHAR
STARTCHAR U+04e1
ENCODING 1249
SWIDTH 500 0
DWIDTH 6 0
BBX 6 12 0 -2
BITMAP
00
00
00
00
00
F8
08
30
08
88
70
00
ENDCHAR
STARTCHAR U+0507
ENCODING 1287
SWIDTH 583 0
DWIDTH 7 0
BBX 7 12 0 -2
BITMAP
00
00
00
00
00
F0
08
F0
08
0C
04
00
ENDCHAR
STARTCHAR U+048b
ENCODING 1163
SWIDTH 583 0
DWIDTH 7 0
BBX 7 12 0 -2
BITMAP
00
00
48
30
00
88
98
A8
C8
84
08
00
ENDCHAR
STARTCHAR U+04c4
ENCODING 1220
SWIDTH 416 0
DWIDTH 5 0
BBX 5 12 0 -2
BITMAP
00
00
00
00
00
90
A0
C0
A0
10
60
00
ENDCHAR
STARTCHAR U+049f
ENCODING 1183
SWIDTH 500 0
DWIDTH 6 0
BBX 6 12 0 -2
BITMAP
00
00
00
40
E0
48
50
60
50
48
00
00
ENDCHAR
STARTCHAR U+049d
ENCODING 1181
SWIDTH 500 0
DWIDTH 6 0
BBX 6 12 0 -2
BITMAP
00
00
00
00
00
88
D0
E0
D0
88
00
00
ENDCHAR
STARTCHAR U+051f
ENCODING 1311
SWIDTH 500 0
DWIDTH 6 0
BBX 6 12 0 -2
BITMAP
00
00
00
00
00
A8
90
E0
90
88
00
00
ENDCHAR
STARTCHAR U+051b
ENCODING 1307
SWIDTH 500 0
DWIDTH 6 0
BBX 6 12 0 -2
BITMAP
00
00
00
00
00
68
98
88
78
08
08
00
ENDCHAR
STARTCHAR U+04c6
ENCODING 1222
SWIDTH 583 0
DWIDTH 7 0
BBX 7 12 0 -2
BITMAP
00
00
00
00
00
78
48
48
48
84
08
00
ENDCHAR
STARTCHAR U+052f
ENCODING 1327
SWIDTH 583 0
DWIDTH 7 0
BBX 7 12 0 -2
BITMAP
00
00
00
00
00
78
48
48
48
8C
04
00
ENDCHAR
STARTCHAR U+0513
ENCODING 1299
SWIDTH 500 0
DWIDTH 6 0
BBX 6 12 0 -2
BITMAP
00
00
00
00
00
78
48
48
48
88
10
00
ENDCHAR
STARTCHAR U+0521
ENCODING 1313
SWIDTH 750 0
DWIDTH 9 0
BBX 9 12 0 -2
BITMAP
0000
0000
0000
0000
0000
7800
4800
4E00
4900
8900
0200
0000
ENDCHAR
STARTCHAR U+0509
ENCODING 1289
SWIDTH 750 0
DWIDTH 9 0
BBX 9 12 0 -2
BITMAP
0000
0000
0000
0000
0000
7800
4800
4900
4900
8600
0000
0000
ENDCHAR
STARTCHAR U+0515
ENCODING 1301
SWIDTH 750 0
DWIDTH 9 0
BBX 9 12 0 -2
BITMAP
0000
0000
0000
0000
0000
7100
4A00
4400
4A00
9100
0000
0000
ENDCHAR
STARTCHAR U+04ce
ENCODING 1230
SWIDTH 583 0
DWIDTH 7 0
BBX 7 12 0 -2
BITMAP
00
00
00
00
00
88
D8
A8
88
84
08
00
ENDCHAR
STARTCHAR U+04ca
ENCODING 1226
SWIDTH 583 0
DWIDTH 7 0
BBX 7 12 0 -2
BITMAP
00
00
00
00
00
88
88
F8
88
84
08
00
ENDCHAR
STARTCHAR U+0529
ENCODING 1321
SWIDTH 583 0
DWIDTH 7 0
BBX 7 12 0 -2
BITMAP
00
00
00
00
00
44
44
7C
44
44
80
00
ENDCHAR
STARTCHAR U+04c8
ENCODING 1224
SWIDTH 500 0
DWIDTH 6 0
BBX 6 12 0 -2
BITMAP
00
00
00
00
00
88
88
F8
88
88
30
00
ENDCHAR
STARTCHAR U+04a5
ENCODING 1189
SWIDTH 583 0
DWIDTH 7 0
BBX 7 12 0 -2
BITMAP
00
00
00
00
00
8C
88
F8
88
88
00
00
ENDCHAR
STARTCHAR U+0523
ENCODING 1315
SWIDTH 750 0
DWIDTH 9 0
BBX 9 12 0 -2
BITMAP
0000
0000
0000
0000
0000
8800
8800
FE00
8900
8900
0200
0000
ENDCHAR
STARTCHAR U+050b
ENCODING 1291
SWIDTH 750 0
DWIDTH 9 0
BBX 9 12 0 -2
BITMAP
0000
0000
0000
0000
0000
8800
8800
F900
8900
8600
0000
0000
ENDCHAR
STARTCHAR U+04a9
ENCODING 1193
SWIDTH 583 0
DWIDTH 7 0
BBX 7 12 0 -2
BITMAP
00
00
00
00
00
50
A8
98
88
74
00
00
ENDCHAR
STARTCHAR U+0525
ENCODING 1317
SWIDTH 583 0
DWIDTH 7 0
BBX 7 12 0 -2
BITMAP
00
00
00
00
00
F8
88
88
88
8C
04
00
ENDCHAR
STARTCHAR U+04a7
ENCODING 1191
SWIDTH 750 0
DWIDTH 9 0
BBX 9 12 0 -2
BITMAP
0000
0000
0000
0000
0000
F800
8800
8E00
8900
8900
0200
0000
ENDCHAR
STARTCHAR U+048f
ENCODING 1167
SWIDTH 500 0
DWIDTH 6 0
BBX 6 12 0 -2
BITMAP
00
00
00
00
00
B0
C8
A8
F0
88
80
00
ENDCHAR
STARTCHAR U+0517
ENCODING 1303
SWIDTH 750 0
DWIDTH 9 0
BBX 9 12 0 -2
BITMAP
0000
0000
0000
0000
0000
B100
CA00
8C00
F200
8100
8000
0000
ENDCHAR
STARTCHAR U+050d
ENCODING 1293
SWIDTH 500 0
DWIDTH 6 0
BBX 6 12 0 -2
BITMAP
00
00
00
00
00
78
80
98
88
70
00
00
ENDCHAR
STARTCHAR U+a691
ENCODING 42641
SWIDTH 500 0
DWIDTH 6 0
BBX 6 12 0 -2
BITMAP
00
00
00
00
00
F8
20
20
20
40
20
00
ENDCHAR
STARTCHAR U+04ad
ENCODING 1197
SWIDTH 500 0
DWIDTH 6 0
BBX 6 12 0 -2
BITMAP
00
00
00
00
00
F8
20
20
20
30
10
00
ENDCHAR
STARTCHAR U+a68b
ENCODING 42635
SWIDTH 583 0
DWIDTH 7 0
BBX 7 12 0 -2
BITMAP
00
00
00
00
00
F8
20
38
24
24
08
00
ENDCHAR
STARTCHAR U+a68d
ENCODING 42637
SWIDTH 500 0
DWIDTH 6 0
BBX 6 12 0 -2
BITMAP
00
00
00
00
00
F8
20
20
20
10
00
00
ENDCHAR
STARTCHAR U+050f
ENCODING 1295
SWIDTH 583 0
DWIDTH 7 0
BBX 7 12 0 -2
BITMAP
00
00
00
00
00
F8
20
24
24
18
00
00
ENDCHAR
STARTCHAR U+04b3
ENCODING 1203
SWIDTH 583 0
DWIDTH 7 0
BBX 7 12 0 -2
BITMAP
00
00
00
00
00
88
50
20
50
8C
04
00
ENDCHAR
STARTCHAR U+04fd
ENCODING 1277
SWIDTH 500 0
DWIDTH 6 0
BBX 6 12 0 -2
BITMAP
00
00
00
00
00
88
50
20
50
88
10
00
ENDCHAR
STARTCHAR U+04ff
ENCODING 1279
SWIDTH 500 0
DWIDTH 6 0
BBX 6 12 0 -2
BITMAP
00
00
00
00
00
88
50
F8
50
88
00
00
ENDCHAR
STARTCHAR U+0527
ENCODING 1319
SWIDTH 583 0
DWIDTH 7 0
BBX 7 12 0 -2
BITMAP
00
00
00
80
80
B0
C8
88
88
8C
04
00
ENDCHAR
STARTCHAR U+a695
ENCODING 42645
SWIDTH 500 0
DWIDTH 6 0
BBX 6 12 0 -2
BITMAP
00
00
00
60
80
B0
C8
88
88
88
00
00
ENDCHAR
STARTCHAR U+04b5
ENCODING 1205
SWIDTH 583 0
DWIDTH 7 0
BBX 7 12 0 -2
BITMAP
00
00
00
00
00
E8
48
48
48
7C
04
00
ENDCHAR
STARTCHAR U+a68f
ENCODING 42639
SWIDTH 500 0
DWIDTH 6 0
BBX 6 12 0 -2
BITMAP
00
00
00
00
00
90
90
90
F8
68
88
70
ENDCHAR
STARTCHAR U+04b7
ENCODING 1207
SWIDTH 583 0
DWIDTH 7 0
BBX 7 12 0 -2
BITMAP
00
00
00
00
00
88
88
78
08
0C
04
00
ENDCHAR
STARTCHAR U+04cc
ENCODING 1228
SWIDTH 500 0
DWIDTH 6 0
BBX 6 12 0 -2
BITMAP
00
00
00
00
00
88
88
78
08
18
10
00
ENDCHAR
STARTCHAR U+04b9
ENCODING 1209
SWIDTH 500 0
DWIDTH 6 0
BBX 6 12 0 -2
BITMAP
00
00
00
00
00
88
A8
78
28
08
00
00
ENDCHAR
STARTCHAR U+a693
ENCODING 42643
SWIDTH 583 0
DWIDTH 7 0
BBX 7 12 0 -2
BITMAP
00
00
00
00
00
E4
44
3C
04
04
00
00
ENDCHAR
STARTCHAR U+a697
ENCODING 42647
SWIDTH 583 0
DWIDTH 7 0
BBX 7 12 0 -2
BITMAP
00
00
00
00
00
A8
A8
A8
F8
34
44
38
ENDCHAR
STARTCHAR U+a687
ENCODING 42631
SWIDTH 500 0
DWIDTH 6 0
BBX 6 12 0 -2
BITMAP
00
00
00
00
00
A8
A8
58
08
08
00
00
ENDCHAR
STARTCHAR U+048d
ENCODING 1165
SWIDTH 583 0
DWIDTH 7 0
BBX 7 12 0 -2
BITMAP
00
00
00
40
E0
40
40
78
44
78
00
00
ENDCHAR
STARTCHAR U+0519
ENCODING 1305
SWIDTH 833 0
DWIDTH 10 0
BBX 10 12 0 -2
BITMAP
0000
0000
0000
0000
0000
7F00
8880
7F80
8800
8F80
0000
0000
ENDCHAR
STARTCHAR U+051d
ENCODING 1309
SWIDTH 500 0
DWIDTH 6 0
BBX 6 12 0 -2
BITMAP
00
00
00
00
00
88
88
A8
A8
78
00
00
ENDCHAR
STARTCHAR U+1f08
ENCODING 7944
SWIDTH 750 0
DWIDTH 9 0
BBX 9 12 0 -2
BITMAP
0000
0000
0000
4E00
5100
9F00
1100
1100
1100
1100
0000
0000
ENDCHAR
STARTCHAR U+1f00
ENCODING 7936
SWIDTH 500 0
DWIDTH 6 0
BBX 6 12 0 -2
BITMAP
00
10
10
20
00
68
90
90
90
68
00
00
ENDCHAR
STARTCHAR U+1f09
ENCODING 7945
SWIDTH 750 0
DWIDTH 9 0
BBX 9 12 0 -2
BITMAP
0000
0000
0000
8E00
9100
5F00
1100
1100
1100
1100
0000
0000
ENDCHAR
STARTCHAR U+1f01
ENCODING 7937
SWIDTH 500 0
DWIDTH 6 0
BBX 6 12 0 -2
BITMAP
00
40
40
20
00
68
90
90
90
68
00
00
ENDCHAR
STARTCHAR U+1f0a
ENCODING 7946
SWIDTH 833 0
DWIDTH 10 0
BBX 10 12 0 -2
BITMAP
0000
0000
2000
5700
4880
8F80
0880
0880
0880
0880
0000
0000
ENDCHAR
STARTCHAR U+1f02
ENCODING 7938
SWIDTH 500 0
DWIDTH 6 0
BBX 6 12 0 -2
BITMAP
00
40
50
88
00
68
90
90
90
68
00
00
ENDCHAR
STARTCHAR U+1f0b
ENCODING 7947
SWIDTH 833 0
DWIDTH 10 0
BBX 10 12 0 -2
BITMAP
0000
0000
2000
9700
8880
4F80
0880
0880
0880
0880
0000
0000
ENDCHAR
STARTCHAR U+1f03
ENCODING 7939
SWIDTH 500 0
DWIDTH 6 0
BBX 6 12 0 -2
BITMAP
00
80
90
48
00
68
90
90
90
68
00
00
ENDCHAR
STARTCHAR U+1f0c
ENCODING 7948
SWIDTH 833 0
DWIDTH 10 0
BBX 10 12 0 -2
BITMAP
0000
0000
0800
5700
4880
8F80
0880
0880
0880
0880
0000
0000
ENDCHAR
STARTCHAR U+1f04
ENCODING 7940
SWIDTH 500 0
DWIDTH 6 0
BBX 6 12 0 -2
BITMAP
00
40
48
90
00
68
98
90
90
68
00
00
ENDCHAR
STARTCHAR U+1f0d
ENCODING 7949
SWIDTH 833 0
DWIDTH 10 0
BBX 10 12 0 -2
BITMAP
0000
0000
1000
A700
8880
4F80
0880
0880
0880
0880
0000
0000
ENDCHAR
STARTCHAR U+1f05
ENCODING 7941
SWIDTH 583 0
DWIDTH 7 0
BBX 7 12 0 -2
BITMAP
00
40
44
28
00
34
48
48
48
34
00
00
ENDCHAR
STARTCHAR U+1f0e
ENCODING 7950
SWIDTH 750 0
DWIDTH 9 0
BBX 9 12 0 -2
BITMAP
5000
A000
0000
4E00
5100
9F00
1100
1100
1100
1100
0000
0000
ENDCHAR
STARTCHAR U+1f06
ENCODING 7942
SWIDTH 500 0
DWIDTH 6 0
BBX 6 12 0 -2
BITMAP
28
50
20
20
40
00
68
90
90
68
00
00
ENDCHAR
STARTCHAR U+1f0f
ENCODING 7951
SWIDTH 750 0
DWIDTH 9 0
BBX 9 12 0 -2
BITMAP
5000
A000
0000
8E00
9100
5F00
1100
1100
1100
1100
0000
0000
ENDCHAR
STARTCHAR U+1f07
ENCODING 7943
SWIDTH 500 0
DWIDTH 6 0
BBX 6 12 0 -2
BITMAP
50
A0
40
40
20
00
68
90
90
68
00
00
ENDCHAR
STARTCHAR U+1fba
ENCODING 8122
SWIDTH 750 0
DWIDTH 9 0
BBX 9 12 0 -2
BITMAP
0000
0000
0000
8E00
5100
1F00
1100
1100
1100
1100
0000
0000
ENDCHAR
STARTCHAR U+1f70
ENCODING 8048
SWIDTH 500 0
DWIDTH 6 0
BBX 6 12 0 -2
BITMAP
00
00
40
20
00
68
90
90
90
68
00
00
ENDCHAR
STARTCHAR U+1fb8
ENCODING 8120
SWIDTH 500 0
DWIDTH 6 0
BBX 6 12 0 -2
BITMAP
48
30
00
70
88
F8
88
88
88
88
00
00
ENDCHAR
STARTCHAR U+1fb0
ENCODING 8112
SWIDTH 500 0
DWIDTH 6 0
BBX 6 12 0 -2
BITMAP
00
00
48
30
00
68
90
90
90
68
00
00
ENDCHAR
STARTCHAR U+1fb9
ENCODING 8121
SWIDTH 500 0
DWIDTH 6 0
BBX 6 12 0 -2
BITMAP
00
70
00
70
88
F8
88
88
88
88
00
00
ENDCHAR
STARTCHAR U+1fb1
ENCODING 8113
SWIDTH 500 0
DWIDTH 6 0
BBX 6 12 0 -2
BITMAP
00
00
00
70
00
68
90
90
90
68
00
00
ENDCHAR
STARTCHAR U+1fbb
ENCODING 8123
SWIDTH 750 0
DWIDTH 9 0
BBX 9 12 0 -2
BITMAP
0000
0000
0000
4E00
9100
1F00
1100
1100
1100
1100
0000
0000
ENDCHAR
STARTCHAR U+1f71
ENCODING 8049
SWIDTH 500 0
DWIDTH 6 0
BBX 6 12 0 -2
BITMAP
00
00
10
20
00
68
90
90
90
68
00
00
ENDCHAR
STARTCHAR U+1f88
ENCODING 8072
SWIDTH 750 0
DWIDTH 9 0
BBX 9 12 0 -2
BITMAP
0000
0000
0000
4E00
5100
9F00
1100
1100
1100
1100
0400
0400
ENDCHAR
STARTCHAR U+1f80
ENCODING 8064
SWIDTH 500 0
DWIDTH 6 0
BBX 6 12 0 -2
BITMAP
00
10
10
20
00
68
90
90
90
68
20
20
ENDCHAR
STARTCHAR U+1f89
ENCODING 8073
SWIDTH 750 0
DWIDTH 9 0
BBX 9 12 0 -2
BITMAP
0000
0000
0000
8E00
9100
5F00
1100
1100
1100
1100
0400
0400
ENDCHAR
STARTCHAR U+1f81
ENCODING 8065
SWIDTH 500 0
DWIDTH 6 0
BBX 6 12 0 -2
BITMAP
00
40
40
20
00
68
90
90
90
68
20
20
ENDCHAR
STARTCHAR U+1f8a
ENCODING 8074
SWIDTH 833 0
DWIDTH 10 0
BBX 10 12 0 -2
BITMAP
0000
0000
2000
5700
4880
8F80
0880
0880
0880
0880
0200
0200
ENDCHAR
STARTCHAR U+1f82
ENCODING 8066
SWIDTH 500 0
DWIDTH 6 0
BBX 6 12 0 -2
BITMAP
00
40
50
88
00
68
90
90
90
68
20
20
ENDCHAR
STARTCHAR U+1f8b
ENCODING 8075
SWIDTH 833 0
DWIDTH 10 0
BBX 10 12 0 -2
BITMAP
0000
0000
2000
9700
8880
4F80
0880
0880
0880
0880
0200
0200
ENDCHAR
STARTCHAR U+1f83
ENCODING 8067
SWIDTH 500 0
DWIDTH 6 0
BBX 6 12 0 -2
BITMAP
00
80
90
48
00
68
90
90
90
68
20
20
ENDCHAR
STARTCHAR U+1f8c
ENCODING 8076
SWIDTH 833 0
DWIDTH 10 0
BBX 10 12 0 -2
BITMAP
0000
0000
0800
5700
4880
8F80
0880
0880
0880
0880
0200
0200
ENDCHAR
STARTCHAR U+1f84
ENCODING 8068
SWIDTH 500 0
DWIDTH 6 0
BBX 6 12 0 -2
BITMAP
00
40
48
90
00
68
98
90
90
68
20
20
ENDCHAR
STARTCHAR U+1f8d
ENCODING 8077
SWIDTH 833 0
DWIDTH 10 0
BBX 10 12 0 -2
BITMAP
0000
0000
1000
A700
8880
4F80
0880
0880
0880
0880
0200
0200
ENDCHAR
STARTCHAR U+1f85
ENCODING 8069
SWIDTH 500 0
DWIDTH 6 0
BBX 6 12 0 -2
BITMAP
00
80
88
50
00
68
90
90
90
68
20
20
ENDCHAR
STARTCHAR U+1f8e
ENCODING 8078
SWIDTH 750 0
DWIDTH 9 0
BBX 9 12 0 -2
BITMAP
5000
A000
0000
4E00
5100
9F00
1100
1100
1100
1100
0400
0400
ENDCHAR
STARTCHAR U+1f86
ENCODING 8070
SWIDTH 500 0
DWIDTH 6 0
BBX 6 12 0 -2
BITMAP
28
50
20
20
40
00
68
90
90
68
20
20
ENDCHAR
STARTCHAR U+1f8f
ENCODING 8079
SWIDTH 750 0
DWIDTH 9 0
BBX 9 12 0 -2
BITMAP
5000
A000
0000
8E00
9100
5F00
1100
1100
1100
1100
0400
0400
ENDCHAR
STARTCHAR U+1f87
ENCODING 8071
SWIDTH 500 0
DWIDTH 6 0
BBX 6 12 0 -2
BITMAP
50
A0
40
40
20
00
68
90
90
68
20
20
ENDCHAR
STARTCHAR U+1fbc
ENCODING 8124
SWIDTH 500 0
DWIDTH 6 0
BBX 6 12 0 -2
BITMAP
00
00
00
70
88
F8
88
88
88
88
20
20
ENDCHAR
STARTCHAR U+1fb4
ENCODING 8116
SWIDTH 500 0
DWIDTH 6 0
BBX 6 12 0 -2
BITMAP
00
00
10
20
00
68
90
90
90
68
20
20
ENDCHAR
STARTCHAR U+1fb6
ENCODING 8118
SWIDTH 500 0
DWIDTH 6 0
BBX 6 12 0 -2
BITMAP
00
00
28
50
00
68
90
90
90
68
00
00
ENDCHAR
STARTCHAR U+1fb7
ENCODING 8119
SWIDTH 500 0
DWIDTH 6 0
BBX 6 12 0 -2
BITMAP
00
00
28
50
00
68
90
90
90
68
20
20
ENDCHAR
STARTCHAR U+1fb2
ENCODING 8114
SWIDTH 500 0
DWIDTH 6 0
BBX 6 12 0 -2
BITMAP
00
00
40
20
00
68
90
90
90
68
20
20
ENDCHAR
STARTCHAR U+1fb3
ENCODING 8115
SWIDTH 500 0
DWIDTH 6 0
BBX 6 12 0 -2
BITMAP
00
00
00
00
00
68
90
90
90
68
20
20
ENDCHAR
STARTCHAR U+1f18
ENCODING 7960
SWIDTH 750 0
DWIDTH 9 0
BBX 9 12 0 -2
BITMAP
0000
0000
0000
5F00
5000
9C00
1000
1000
1000
1F00
0000
0000
ENDCHAR
STARTCHAR U+1f10
ENCODING 7952
SWIDTH 500 0
DWIDTH 6 0
BBX 6 12 0 -2
BITMAP
00
10
10
20
00
78
80
60
80
78
00
00
ENDCHAR
STARTCHAR U+1f19
ENCODING 7961
SWIDTH 750 0
DWIDTH 9 0
BBX 9 12 0 -2
BITMAP
0000
0000
0000
9F00
9000
5C00
1000
1000
1000
1F00
0000
0000
ENDCHAR
STARTCHAR U+1f11
ENCODING 7953
SWIDTH 500 0
DWIDTH 6 0
BBX 6 12 0 -2
BITMAP
00
40
40
20
00
78
80
60
80
78
00
00
ENDCHAR
STARTCHAR U+1f1a
ENCODING 7962
SWIDTH 833 0
DWIDTH 10 0
BBX 10 12 0 -2
BITMAP
0000
0000
2000
5F80
4800
8E00
0800
0800
0800
0F80
0000
0000
ENDCHAR
STARTCHAR U+1f12
ENCODING 7954
SWIDTH 500 0
DWIDTH 6 0
BBX 6 12 0 -2
BITMAP
00
40
50
88
00
78
80
60
80
78
00
00
ENDCHAR
STARTCHAR U+1f1b
ENCODING 7963
SWIDTH 833 0
DWIDTH 10 0
BBX 10 12 0 -2
BITMAP
0000
0000
0000
AF80
9800
4E00
0800
0800
0800
0F80
0000
0000
ENDCHAR
STARTCHAR U+1f13
ENCODING 7955
SWIDTH 500 0
DWIDTH 6 0
BBX 6 12 0 -2
BITMAP
00
80
90
48
00
78
80
60
80
78
00
00
ENDCHAR
STARTCHAR U+1f1c
ENCODING 7964
SWIDTH 833 0
DWIDTH 10 0
BBX 10 12 0 -2
BITMAP
0000
0000
1000
6F80
4800
8E00
0800
0800
0800
0F80
0000
0000
ENDCHAR
STARTCHAR U+1f14
ENCODING 7956
SWIDTH 500 0
DWIDTH 6 0
BBX 6 12 0 -2
BITMAP
00
40
48
90
00
78
80
60
80
78
00
00
ENDCHAR
STARTCHAR U+1f1d
ENCODING 7965
SWIDTH 833 0
DWIDTH 10 0
BBX 10 12 0 -2
BITMAP
0000
0000
1000
AF80
8800
4E00
0800
0800
0800
0F80
0000
0000
ENDCHAR
STARTCHAR U+1f15
ENCODING 7957
SWIDTH 500 0
DWIDTH 6 0
BBX 6 12 0 -2
BITMAP
00
80
88
50
00
78
80
60
80
78
00
00
ENDCHAR
STARTCHAR U+1fc8
ENCODING 8136
SWIDTH 750 0
DWIDTH 9 0
BBX 9 12 0 -2
BITMAP
0000
0000
0000
9F00
5000
1C00
1000
1000
1000
1F00
0000
0000
ENDCHAR
STARTCHAR U+1fc9
ENCODING 8137
SWIDTH 750 0
DWIDTH 9 0
BBX 9 12 0 -2
BITMAP
0000
0000
0000
5F00
9000
1C00
1000
1000
1000
1F00
0000
0000
ENDCHAR
STARTCHAR U+1f72
ENCODING 8050
SWIDTH 500 0
DWIDTH 6 0
BBX 6 12 0 -2
BITMAP
00
00
40
20
00
78
80
60
80
78
00
00
ENDCHAR
STARTCHAR U+1f73
ENCODING 8051
SWIDTH 500 0
DWIDTH 6 0
BBX 6 12 0 -2
BITMAP
00
00
10
20
00
78
80
60
80
78
00
00
ENDCHAR
STARTCHAR U+1f28
ENCODING 7976
SWIDTH 750 0
DWIDTH 9 0
BBX 9 12 0 -2
BITMAP
0000
0000
0000
5100
5100
9F00
1100
1100
1100
1100
0000
0000
ENDCHAR
STARTCHAR U+1f20
ENCODING 7968
SWIDTH 500 0
DWIDTH 6 0
BBX 6 12 0 -2
BITMAP
00
10
10
20
00
F0
88
88
88
88
08
00
ENDCHAR
STARTCHAR U+1fca
ENCODING 8138
SWIDTH 750 0
DWIDTH 9 0
BBX 9 12 0 -2
BITMAP
0000
0000
0000
9100
5100
1F00
1100
1100
1100
1100
0000
0000
ENDCHAR
STARTCHAR U+1f74
ENCODING 8052
SWIDTH 500 0
DWIDTH 6 0
BBX 6 12 0 -2
BITMAP
00
00
40
20
00
F0
88
88
88
88
08
00
ENDCHAR
STARTCHAR U+1f29
ENCODING 7977
SWIDTH 750 0
DWIDTH 9 0
BBX 9 12 0 -2
BITMAP
0000
0000
0000
9100
9100
5F00
1100
1100
1100
1100
0000
0000
ENDCHAR
STARTCHAR U+1f21
ENCODING 7969
SWIDTH 500 0
DWIDTH 6 0
BBX 6 12 0 -2
BITMAP
00
40
40
20
00
F0
88
88
88
88
08
00
ENDCHAR
STARTCHAR U+1f2a
ENCODING 7978
SWIDTH 833 0
DWIDTH 10 0
BBX 10 12 0 -2
BITMAP
0000
0000
2000
5880
4880
8F80
0880
0880
0880
0880
0000
0000
ENDCHAR
STARTCHAR U+1f22
ENCODING 7970
SWIDTH 500 0
DWIDTH 6 0
BBX 6 12 0 -2
BITMAP
00
40
50
88
00
F0
88
88
88
88
08
00
ENDCHAR
STARTCHAR U+1f2b
ENCODING 7979
SWIDTH 833 0
DWIDTH 10 0
BBX 10 12 0 -2
BITMAP
0000
0000
0000
A880
9880
4F80
0880
0880
0880
0880
0000
0000
ENDCHAR
STARTCHAR U+1f23
ENCODING 7971
SWIDTH 500 0
DWIDTH 6 0
BBX 6 12 0 -2
BITMAP
00
80
90
48
00
F0
88
88
88
88
08
00
ENDCHAR
STARTCHAR U+1f2c
ENCODING 7980
SWIDTH 833 0
DWIDTH 10 0
BBX 10 12 0 -2
BITMAP
0000
0000
1000
6880
4880
8F80
0880
0880
0880
0880
0000
0000
ENDCHAR
STARTCHAR U+1f24
ENCODING 7972
SWIDTH 500 0
DWIDTH 6 0
BBX 6 12 0 -2
BITMAP
00
40
48
90
00
F0
88
88
88
88
08
00
ENDCHAR
STARTCHAR U+1f2d
ENCODING 7981
SWIDTH 833 0
DWIDTH 10 0
BBX 10 12 0 -2
BITMAP
0000
0000
1000
A880
8880
4F80
0880
0880
0880
0880
0000
0000
ENDCHAR
STARTCHAR U+1f25
ENCODING 7973
SWIDTH 500 0
DWIDTH 6 0
BBX 6 12 0 -2
BITMAP
00
00
88
50
00
F0
88
88
88
88
08
00
ENDCHAR
STARTCHAR U+1f2e
ENCODING 7982
SWIDTH 750 0
DWIDTH 9 0
BBX 9 12 0 -2
BITMAP
5000
A000
0000
5100
5100
9F00
1100
1100
1100
1100
0000
0000
ENDCHAR
STARTCHAR U+1f26
ENCODING 7974
SWIDTH 500 0
DWIDTH 6 0
BBX 6 12 0 -2
BITMAP
28
50
20
20
40
00
F0
88
88
88
08
00
ENDCHAR
STARTCHAR U+1f2f
ENCODING 7983
SWIDTH 750 0
DWIDTH 9 0
BBX 9 12 0 -2
BITMAP
5000
A000
0000
9100
9100
5F00
1100
1100
1100
1100
0000
0000
ENDCHAR
STARTCHAR U+1f27
ENCODING 7975
SWIDTH 500 0
DWIDTH 6 0
BBX 6 12 0 -2
BITMAP
50
A0
40
40
20
00
F0
88
88
88
08
00
ENDCHAR
STARTCHAR U+1f98
ENCODING 8088
SWIDTH 750 0
DWIDTH 9 0
BBX 9 12 0 -2
BITMAP
0000
0000
0000
5100
5100
9F00
1100
1100
1100
1100
0400
0400
ENDCHAR
STARTCHAR U+1f90
ENCODING 8080
SWIDTH 500 0
DWIDTH 6 0
BBX 6 12 0 -2
BITMAP
00
10
10
20
00
F0
88
88
88
08
88
80
ENDCHAR
STARTCHAR U+1f99
ENCODING 8089
SWIDTH 750 0
DWIDTH 9 0
BBX 9 12 0 -2
BITMAP
0000
0000
0000
9100
9100
5F00
1100
1100
1100
1100
0400
0400
ENDCHAR
STARTCHAR U+1f91
ENCODING 8081
SWIDTH 500 0
DWIDTH 6 0
BBX 6 12 0 -2
BITMAP
00
40
40
20
00
F0
88
88
88
08
88
80
ENDCHAR
STARTCHAR U+1f9a
ENCODING 8090
SWIDTH 833 0
DWIDTH 10 0
BBX 10 12 0 -2
BITMAP
0000
0000
2000
5880
4880
8F80
0880
0880
0880
0880
0200
0200
ENDCHAR
STARTCHAR U+1f92
ENCODING 8082
SWIDTH 500 0
DWIDTH 6 0
BBX 6 12 0 -2
BITMAP
00
40
50
88
00
F0
88
88
88
08
88
80
ENDCHAR
STARTCHAR U+1f9b
ENCODING 8091
SWIDTH 833 0
DWIDTH 10 0
BBX 10 12 0 -2
BITMAP
0000
0000
0000
A880
9880
4F80
0880
0880
0880
0880
0200
0200
ENDCHAR
STARTCHAR U+1f93
ENCODING 8083
SWIDTH 500 0
DWIDTH 6 0
BBX 6 12 0 -2
BITMAP
00
80
90
48
00
F0
88
88
88
08
88
80
ENDCHAR
STARTCHAR U+1f9c
ENCODING 8092
SWIDTH 833 0
DWIDTH 10 0
BBX 10 12 0 -2
BITMAP
0000
0000
1000
6880
4880
8F80
0880
0880
0880
0880
0200
0200
ENDCHAR
STARTCHAR U+1f94
ENCODING 8084
SWIDTH 500 0
DWIDTH 6 0
BBX 6 12 0 -2
BITMAP
00
40
48
90
00
F0
88
88
88
08
88
80
ENDCHAR
STARTCHAR U+1f9d
ENCODING 8093
SWIDTH 833 0
DWIDTH 10 0
BBX 10 12 0 -2
BITMAP
0000
0000
1000
A880
8880
4F80
0880
0880
0880
0880
0200
0200
ENDCHAR
STARTCHAR U+1f95
ENCODING 8085
SWIDTH 500 0
DWIDTH 6 0
BBX 6 12 0 -2
BITMAP
00
00
88
50
00
F0
88
88
88
08
88
80
ENDCHAR
STARTCHAR U+1f9e
ENCODING 8094
SWIDTH 750 0
DWIDTH 9 0
BBX 9 12 0 -2
BITMAP
5000
A000
0000
5100
5100
9F00
1100
1100
1100
1100
0400
0400
ENDCHAR
STARTCHAR U+1f96
ENCODING 8086
SWIDTH 500 0
DWIDTH 6 0
BBX 6 12 0 -2
BITMAP
28
50
20
20
40
00
F0
88
88
08
88
80
ENDCHAR
STARTCHAR U+1f9f
ENCODING 8095
SWIDTH 750 0
DWIDTH 9 0
BBX 9 12 0 -2
BITMAP
5000
A000
0000
9100
9100
5F00
1100
1100
1100
1100
0400
0400
ENDCHAR
STARTCHAR U+1f97
ENCODING 8087
SWIDTH 500 0
DWIDTH 6 0
BBX 6 12 0 -2
BITMAP
50
A0
40
40
20
00
F0
88
88
08
88
80
ENDCHAR
STARTCHAR U+1fcb
ENCODING 8139
SWIDTH 750 0
DWIDTH 9 0
BBX 9 12 0 -2
BITMAP
0000
0000
0000
5100
9100
1F00
1100
1100
1100
1100
0000
0000
ENDCHAR
STARTCHAR U+1f75
ENCODING 8053
SWIDTH 500 0
DWIDTH 6 0
BBX 6 12 0 -2
BITMAP
00
00
10
20
00
F0
88
88
88
88
08
00
ENDCHAR
STARTCHAR U+1fcc
ENCODING 8140
SWIDTH 500 0
DWIDTH 6 0
BBX 6 12 0 -2
BITMAP
00
00
00
88
88
F8
88
88
88
88
20
20
ENDCHAR
STARTCHAR U+1fc3
ENCODING 8131
SWIDTH 500 0
DWIDTH 6 0
BBX 6 12 0 -2
BITMAP
00
00
00
00
00
F0
88
88
88
08
88
80
ENDCHAR
STARTCHAR U+1fc2
ENCODING 8130
SWIDTH 500 0
DWIDTH 6 0
BBX 6 12 0 -2
BITMAP
00
00
40
20
00
F0
88
88
88
08
88
80
ENDCHAR
STARTCHAR U+1fc4
ENCODING 8132
SWIDTH 500 0
DWIDTH 6 0
BBX 6 12 0 -2
BITMAP
00
00
10
20
00
F0
88
88
88
08
88
80
ENDCHAR
STARTCHAR U+1fc6
ENCODING 8134
SWIDTH 500 0
DWIDTH 6 0
BBX 6 12 0 -2
BITMAP
00
00
28
50
00
F0
88
88
88
88
08
00
ENDCHAR
STARTCHAR U+1fc7
ENCODING 8135
SWIDTH 500 0
DWIDTH 6 0
BBX 6 12 0 -2
BITMAP
00
00
28
50
00
F0
88
88
88
08
88
80
ENDCHAR
STARTCHAR U+1fda
ENCODING 8154
SWIDTH 583 0
DWIDTH 7 0
BBX 7 12 0 -2
BITMAP
00
00
00
9C
48
08
08
08
08
1C
00
00
ENDCHAR
STARTCHAR U+1f76
ENCODING 8054
SWIDTH 333 0
DWIDTH 4 0
BBX 4 12 0 -2
BITMAP
00
00
80
40
00
40
40
40
40
20
00
00
ENDCHAR
STARTCHAR U+1fdb
ENCODING 8155
SWIDTH 583 0
DWIDTH 7 0
BBX 7 12 0 -2
BITMAP
00
00
00
5C
88
08
08
08
08
1C
00
00
ENDCHAR
STARTCHAR U+1f77
ENCODING 8055
SWIDTH 250 0
DWIDTH 3 0
BBX 3 12 0 -2
BITMAP
00
00
40
80
00
80
80
80
80
40
00
00
ENDCHAR
STARTCHAR U+1f38
ENCODING 7992
SWIDTH 583 0
DWIDTH 7 0
BBX 7 12 0 -2
BITMAP
00
00
00
5C
48
88
08
08
08
1C
00
00
ENDCHAR
STARTCHAR U+1f30
ENCODING 7984
SWIDTH 333 0
DWIDTH 4 0
BBX 4 12 0 -2
BITMAP
00
20
20
40
00
40
40
40
40
20
00
00
ENDCHAR
STARTCHAR U+1f39
ENCODING 7993
SWIDTH 833 0
DWIDTH 10 0
BBX 10 12 0 -2
BITMAP
0000
0080
0080
9C00
8800
4800
0800
0800
0800
1C00
0000
0000
ENDCHAR
STARTCHAR U+1f31
ENCODING 7985
SWIDTH 250 0
DWIDTH 3 0
BBX 3 12 0 -2
BITMAP
00
00
00
80
00
80
80
80
80
40
00
00
ENDCHAR
STARTCHAR U+1f3a
ENCODING 7994
SWIDTH 750 0
DWIDTH 9 0
BBX 9 12 0 -2
BITMAP
0000
0000
0000
5700
4A00
8200
0200
0200
0200
0700
0000
0000
ENDCHAR
STARTCHAR U+1f32
ENCODING 7986
SWIDTH 500 0
DWIDTH 6 0
BBX 6 12 0 -2
BITMAP
00
40
50
88
00
20
20
20
20
10
00
00
ENDCHAR
STARTCHAR U+1f3b
ENCODING 7995
SWIDTH 666 0
DWIDTH 8 0
BBX 8 12 0 -2
BITMAP
00
00
00
AE
94
44
04
04
04
0E
00
00
ENDCHAR
STARTCHAR U+1f33
ENCODING 7987
SWIDTH 500 0
DWIDTH 6 0
BBX 6 12 0 -2
BITMAP
00
80
90
48
00
20
20
20
20
10
00
00
ENDCHAR
STARTCHAR U+1f3c
ENCODING 7996
SWIDTH 750 0
DWIDTH 9 0
BBX 9 12 0 -2
BITMAP
0000
0000
0800
5700
4200
8200
0200
0200
0200
0700
0000
0000
ENDCHAR
STARTCHAR U+1f34
ENCODING 7988
SWIDTH 500 0
DWIDTH 6 0
BBX 6 12 0 -2
BITMAP
00
40
48
90
00
20
20
20
20
10
00
00
ENDCHAR
STARTCHAR U+1f3d
ENCODING 7997
SWIDTH 666 0
DWIDTH 8 0
BBX 8 12 0 -2
BITMAP
00
00
10
AE
84
44
04
04
04
0E
00
00
ENDCHAR
STARTCHAR U+1f35
ENCODING 7989
SWIDTH 500 0
DWIDTH 6 0
BBX 6 12 0 -2
BITMAP
00
80
88
50
00
20
20
20
20
10
00
00
ENDCHAR
STARTCHAR U+1f3e
ENCODING 7998
SWIDTH 583 0
DWIDTH 7 0
BBX 7 12 0 -2
BITMAP
50
A0
00
5C
48
88
08
08
08
1C
00
00
ENDCHAR
STARTCHAR U+1f36
ENCODING 7990
SWIDTH 416 0
DWIDTH 5 0
BBX 5 12 0 -2
BITMAP
50
A0
40
40
80
00
40
40
40
20
00
00
ENDCHAR
STARTCHAR U+1f3f
ENCODING 7999
SWIDTH 583 0
DWIDTH 7 0
BBX 7 12 0 -2
BITMAP
50
A0
00
9C
88
48
08
08
08
1C
00
00
ENDCHAR
STARTCHAR U+1f37
ENCODING 7991
SWIDTH 416 0
DWIDTH 5 0
BBX 5 12 0 -2
BITMAP
50
A0
40
40
20
00
40
40
40
20
00
00
ENDCHAR
STARTCHAR U+1fd8
ENCODING 8152
SWIDTH 416 0
DWIDTH 5 0
BBX 5 12 0 -2
BITMAP
90
60
00
E0
40
40
40
40
40
E0
00
00
ENDCHAR
STARTCHAR U+1fd0
ENCODING 8144
SWIDTH 416 0
DWIDTH 5 0
BBX 5 12 0 -2
BITMAP
00
00
90
60
00
40
40
40
40
20
00
00
ENDCHAR
STARTCHAR U+1fd9
ENCODING 8153
SWIDTH 333 0
DWIDTH 4 0
BBX 4 12 0 -2
BITMAP
00
E0
00
E0
40
40
40
40
40
E0
00
00
ENDCHAR
STARTCHAR U+1fd1
ENCODING 8145
SWIDTH 333 0
DWIDTH 4 0
BBX 4 12 0 -2
BITMAP
00
00
00
E0
00
40
40
40
40
20
00
00
ENDCHAR
STARTCHAR U+1fd2
ENCODING 8146
SWIDTH 333 0
DWIDTH 4 0
BBX 4 12 0 -2
BITMAP
80
40
00
A0
00
40
40
40
40
20
00
00
ENDCHAR
STARTCHAR U+1fd3
ENCODING 8147
SWIDTH 333 0
DWIDTH 4 0
BBX 4 12 0 -2
BITMAP
20
40
00
A0
00
40
40
40
40
20
00
00
ENDCHAR
STARTCHAR U+1fd6
ENCODING 8150
SWIDTH 416 0
DWIDTH 5 0
BBX 5 12 0 -2
BITMAP
00
00
50
A0
00
40
40
40
40
20
00
00
ENDCHAR
STARTCHAR U+1fd7
ENCODING 8151
SWIDTH 416 0
DWIDTH 5 0
BBX 5 12 0 -2
BITMAP
50
A0
00
A0
00
40
40
40
40
20
00
00
ENDCHAR
STARTCHAR U+1ff8
ENCODING 8184
SWIDTH 750 0
DWIDTH 9 0
BBX 9 12 0 -2
BITMAP
0000
0000
0000
8E00
5100
1100
1100
1100
1100
0E00
0000
0000
ENDCHAR
STARTCHAR U+1f78
ENCODING 8056
SWIDTH 500 0
DWIDTH 6 0
BBX 6 12 0 -2
BITMAP
00
00
40
20
00
70
88
88
88
70
00
00
ENDCHAR
STARTCHAR U+1ff9
ENCODING 8185
SWIDTH 750 0
DWIDTH 9 0
BBX 9 12 0 -2
BITMAP
0000
0000
0000
4E00
9100
1100
1100
1100
1100
0E00
0000
0000
ENDCHAR
STARTCHAR U+1f79
ENCODING 8057
SWIDTH 500 0
DWIDTH 6 0
BBX 6 12 0 -2
BITMAP
00
00
10
20
00
70
88
88
88
70
00
00
ENDCHAR
STARTCHAR U+1f48
ENCODING 8008
SWIDTH 750 0
DWIDTH 9 0
BBX 9 12 0 -2
BITMAP
0000
0000
0000
4E00
5100
9100
1100
1100
1100
0E00
0000
0000
ENDCHAR
STARTCHAR U+1f40
ENCODING 8000
SWIDTH 500 0
DWIDTH 6 0
BBX 6 12 0 -2
BITMAP
00
10
10
20
00
70
88
88
88
70
00
00
ENDCHAR
STARTCHAR U+1f49
ENCODING 8009
SWIDTH 750 0
DWIDTH 9 0
BBX 9 12 0 -2
BITMAP
0000
0000
0000
8E00
9100
5100
1100
1100
1100
0E00
0000
0000
ENDCHAR
STARTCHAR U+1f41
ENCODING 8001
SWIDTH 500 0
DWIDTH 6 0
BBX 6 12 0 -2
BITMAP
00
40
40
20
00
70
88
88
88
70
00
00
ENDCHAR
STARTCHAR U+1f4a
ENCODING 8010
SWIDTH 833 0
DWIDTH 10 0
BBX 10 12 0 -2
BITMAP
0000
0000
2000
5700
4880
8880
0880
0880
0880
0700
0000
0000
ENDCHAR
STARTCHAR U+1f42
ENCODING 8002
SWIDTH 500 0
DWIDTH 6 0
BBX 6 12 0 -2
BITMAP
00
40
50
88
00
70
88
88
88
70
00
00
ENDCHAR
STARTCHAR U+1f4b
ENCODING 8011
SWIDTH 833 0
DWIDTH 10 0
BBX 10 12 0 -2
BITMAP
0000
0000
2000
9700
8880
4880
0880
0880
0880
0700
0000
0000
ENDCHAR
STARTCHAR U+1f43
ENCODING 8003
SWIDTH 500 0
DWIDTH 6 0
BBX 6 12 0 -2
BITMAP
00
80
90
48
00
70
88
88
88
70
00
00
ENDCHAR
STARTCHAR U+1f4c
ENCODING 8012
SWIDTH 833 0
DWIDTH 10 0
BBX 10 12 0 -2
BITMAP
0000
0000
0800
5700
4880
8880
0880
0880
0880
0700
0000
0000
ENDCHAR
STARTCHAR U+1f44
ENCODING 8004
SWIDTH 500 0
DWIDTH 6 0
BBX 6 12 0 -2
BITMAP
00
40
48
90
00
70
88
88
88
70
00
00
ENDCHAR
STARTCHAR U+1f4d
ENCODING 8013
SWIDTH 833 0
DWIDTH 10 0
BBX 10 12 0 -2
BITMAP
0000
0000
1000
A700
8880
4880
0880
0880
0880
0700
0000
0000
ENDCHAR
STARTCHAR U+1f45
ENCODING 8005
SWIDTH 500 0
DWIDTH 6 0
BBX 6 12 0 -2
BITMAP
00
80
88
50
00
70
88
88
88
70
00
00
ENDCHAR
STARTCHAR U+1fec
ENCODING 8172
SWIDTH 750 0
DWIDTH 9 0
BBX 9 12 0 -2
BITMAP
0000
0000
0000
9E00
9100
5E00
1000
1000
1000
1000
0000
0000
ENDCHAR
STARTCHAR U+1fe4
ENCODING 8164
SWIDTH 500 0
DWIDTH 6 0
BBX 6 12 0 -2
BITMAP
00
10
10
20
00
70
88
88
F0
80
80
00
ENDCHAR
STARTCHAR U+1fe5
ENCODING 8165
SWIDTH 500 0
DWIDTH 6 0
BBX 6 12 0 -2
BITMAP
00
40
40
20
00
70
88
88
F0
80
80
00
ENDCHAR
STARTCHAR U+1fea
ENCODING 8170
SWIDTH 750 0
DWIDTH 9 0
BBX 9 12 0 -2
BITMAP
0000
0000
0000
9100
4A00
0400
0400
0400
0400
0400
0000
0000
ENDCHAR
STARTCHAR U+1f7a
ENCODING 8058
SWIDTH 500 0
DWIDTH 6 0
BBX 6 12 0 -2
BITMAP
00
00
40
20
00
90
88
88
88
70
00
00
ENDCHAR
STARTCHAR U+1feb
ENCODING 8171
SWIDTH 750 0
DWIDTH 9 0
BBX 9 12 0 -2
BITMAP
0000
0000
0000
5100
8A00
0400
0400
0400
0400
0400
0000
0000
ENDCHAR
STARTCHAR U+1f7b
ENCODING 8059
SWIDTH 500 0
DWIDTH 6 0
BBX 6 12 0 -2
BITMAP
00
00
10
20
00
90
88
88
88
70
00
00
ENDCHAR
STARTCHAR U+1f59
ENCODING 8025
SWIDTH 750 0
DWIDTH 9 0
BBX 9 12 0 -2
BITMAP
0000
0000
0000
9100
8A00
4400
0400
0400
0400
0400
0000
0000
ENDCHAR
STARTCHAR U+1f51
ENCODING 8017
SWIDTH 500 0
DWIDTH 6 0
BBX 6 12 0 -2
BITMAP
00
40
40
20
00
90
88
88
88
70
00
00
ENDCHAR
STARTCHAR U+1f5b
ENCODING 8027
SWIDTH 833 0
DWIDTH 10 0
BBX 10 12 0 -2
BITMAP
0000
0000
0000
A880
9500
4200
0200
0200
0200
0200
0000
0000
ENDCHAR
STARTCHAR U+1f53
ENCODING 8019
SWIDTH 500 0
DWIDTH 6 0
BBX 6 12 0 -2
BITMAP
00
80
90
48
00
90
88
88
88
70
00
00
ENDCHAR
STARTCHAR U+1f5d
ENCODING 8029
SWIDTH 833 0
DWIDTH 10 0
BBX 10 12 0 -2
BITMAP
0000
0000
1000
A880
8500
4200
0200
0200
0200
0200
0000
0000
ENDCHAR
STARTCHAR U+1f55
ENCODING 8021
SWIDTH 500 0
DWIDTH 6 0
BBX 6 12 0 -2
BITMAP
00
80
88
50
00
90
88
88
88
70
00
00
ENDCHAR
STARTCHAR U+1f5f
ENCODING 8031
SWIDTH 750 0
DWIDTH 9 0
BBX 9 12 0 -2
BITMAP
5000
A000
0000
9100
8A00
4400
0400
0400
0400
0400
0000
0000
ENDCHAR
STARTCHAR U+1f57
ENCODING 8023
SWIDTH 500 0
DWIDTH 6 0
BBX 6 12 0 -2
BITMAP
50
A0
40
40
20
00
88
88
88
70
00
00
ENDCHAR
STARTCHAR U+1fe8
ENCODING 8168
SWIDTH 500 0
DWIDTH 6 0
BBX 6 12 0 -2
BITMAP
48
30
00
88
50
20
20
20
20
20
00
00
ENDCHAR
STARTCHAR U+1fe0
ENCODING 8160
SWIDTH 500 0
DWIDTH 6 0
BBX 6 12 0 -2
BITMAP
00
00
48
30
00
90
88
88
88
70
00
00
ENDCHAR
STARTCHAR U+1fe9
ENCODING 8169
SWIDTH 500 0
DWIDTH 6 0
BBX 6 12 0 -2
BITMAP
00
70
00
88
50
20
20
20
20
20
00
00
ENDCHAR
STARTCHAR U+1fe1
ENCODING 8161
SWIDTH 500 0
DWIDTH 6 0
BBX 6 12 0 -2
BITMAP
00
00
00
70
00
90
88
88
88
70
00
00
ENDCHAR
STARTCHAR U+03d3
ENCODING 979
SWIDTH 833 0
DWIDTH 10 0
BBX 10 12 0 -2
BITMAP
0000
0000
0000
5180
8A00
0400
0400
0400
0400
0400
0000
0000
ENDCHAR
STARTCHAR U+03d4
ENCODING 980
SWIDTH 583 0
DWIDTH 7 0
BBX 7 12 0 -2
BITMAP
00
50
00
8C
50
20
20
20
20
20
00
00
ENDCHAR
STARTCHAR U+1fe2
ENCODING 8162
SWIDTH 500 0
DWIDTH 6 0
BBX 6 12 0 -2
BITMAP
40
20
00
50
00
90
88
88
88
70
00
00
ENDCHAR
STARTCHAR U+1fe3
ENCODING 8163
SWIDTH 500 0
DWIDTH 6 0
BBX 6 12 0 -2
BITMAP
10
20
00
50
00
90
88
88
88
70
00
00
ENDCHAR
STARTCHAR U+1fe7
ENCODING 8167
SWIDTH 500 0
DWIDTH 6 0
BBX 6 12 0 -2
BITMAP
28
50
00
50
00
90
88
88
88
70
00
00
ENDCHAR
STARTCHAR U+1f50
ENCODING 8016
SWIDTH 500 0
DWIDTH 6 0
BBX 6 12 0 -2
BITMAP
00
10
10
20
00
90
88
88
88
70
00
00
ENDCHAR
STARTCHAR U+1f52
ENCODING 8018
SWIDTH 500 0
DWIDTH 6 0
BBX 6 12 0 -2
BITMAP
00
40
50
88
00
90
88
88
88
70
00
00
ENDCHAR
STARTCHAR U+1f54
ENCODING 8020
SWIDTH 500 0
DWIDTH 6 0
BBX 6 12 0 -2
BITMAP
00
40
48
90
00
90
88
88
88
70
00
00
ENDCHAR
STARTCHAR U+1fe6
ENCODING 8166
SWIDTH 500 0
DWIDTH 6 0
BBX 6 12 0 -2
BITMAP
00
00
28
50
00
90
88
88
88
70
00
00
ENDCHAR
STARTCHAR U+1f56
ENCODING 8022
SWIDTH 500 0
DWIDTH 6 0
BBX 6 12 0 -2
BITMAP
28
50
20
20
40
00
88
88
88
70
00
00
ENDCHAR
STARTCHAR U+1ffa
ENCODING 8186
SWIDTH 750 0
DWIDTH 9 0
BBX 9 12 0 -2
BITMAP
0000
0000
0000
8E00
5100
1100
1100
1100
0A00
1B00
0000
0000
ENDCHAR
STARTCHAR U+1f7c
ENCODING 8060
SWIDTH 666 0
DWIDTH 8 0
BBX 8 12 0 -2
BITMAP
00
00
20
10
00
44
82
92
92
6C
00
00
ENDCHAR
STARTCHAR U+1ffb
ENCODING 8187
SWIDTH 750 0
DWIDTH 9 0
BBX 9 12 0 -2
BITMAP
0000
0000
0000
4E00
9100
1100
1100
1100
0A00
1B00
0000
0000
ENDCHAR
STARTCHAR U+1f7d
ENCODING 8061
SWIDTH 666 0
DWIDTH 8 0
BBX 8 12 0 -2
BITMAP
00
00
08
10
00
44
82
92
92
6C
00
00
ENDCHAR
STARTCHAR U+1f68
ENCODING 8040
SWIDTH 750 0
DWIDTH 9 0
BBX 9 12 0 -2
BITMAP
0000
0000
0000
4E00
5100
9100
1100
1100
0A00
1B00
0000
0000
ENDCHAR
STARTCHAR U+1f60
ENCODING 8032
SWIDTH 666 0
DWIDTH 8 0
BBX 8 12 0 -2
BITMAP
00
08
08
10
00
44
82
92
92
6C
00
00
ENDCHAR
STARTCHAR U+1f69
ENCODING 8041
SWIDTH 750 0
DWIDTH 9 0
BBX 9 12 0 -2
BITMAP
0000
0000
0000
8E00
9100
5100
1100
1100
0A00
1B00
0000
0000
ENDCHAR
STARTCHAR U+1f61
ENCODING 8033
SWIDTH 666 0
DWIDTH 8 0
BBX 8 12 0 -2
BITMAP
00
20
20
10
00
44
82
92
92
6C
00
00
ENDCHAR
STARTCHAR U+1f6a
ENCODING 8042
SWIDTH 833 0
DWIDTH 10 0
BBX 10 12 0 -2
BITMAP
0000
0000
2000
5700
4880
8880
0880
0880
0500
0D80
0000
0000
ENDCHAR
STARTCHAR U+1f62
ENCODING 8034
SWIDTH 666 0
DWIDTH 8 0
BBX 8 12 0 -2
BITMAP
00
20
28
44
00
44
82
92
92
6C
00
00
ENDCHAR
STARTCHAR U+1f6b
ENCODING 8043
SWIDTH 833 0
DWIDTH 10 0
BBX 10 12 0 -2
BITMAP
0000
0000
2000
9700
8880
4880
0880
0880
0500
0D80
0000
0000
ENDCHAR
STARTCHAR U+1f63
ENCODING 8035
SWIDTH 666 0
DWIDTH 8 0
BBX 8 12 0 -2
BITMAP
00
40
48
24
00
44
82
92
92
6C
00
00
ENDCHAR
STARTCHAR U+1f6c
ENCODING 8044
SWIDTH 833 0
DWIDTH 10 0
BBX 10 12 0 -2
BITMAP
0000
0000
0800
5700
4880
8880
0880
0880
0500
0D80
0000
0000
ENDCHAR
STARTCHAR U+1f64
ENCODING 8036
SWIDTH 666 0
DWIDTH 8 0
BBX 8 12 0 -2
BITMAP
00
20
24
48
00
44
82
92
92
6C
00
00
ENDCHAR
STARTCHAR U+1f6d
ENCODING 8045
SWIDTH 833 0
DWIDTH 10 0
BBX 10 12 0 -2
BITMAP
0000
0000
1000
A700
8880
4880
0880
0880
0500
0D80
0000
0000
ENDCHAR
STARTCHAR U+1f65
ENCODING 8037
SWIDTH 666 0
DWIDTH 8 0
BBX 8 12 0 -2
BITMAP
00
40
44
28
00
44
82
92
92
6C
00
00
ENDCHAR
STARTCHAR U+1f6e
ENCODING 8046
SWIDTH 750 0
DWIDTH 9 0
BBX 9 12 0 -2
BITMAP
5000
A000
0000
4E00
5100
9100
1100
1100
0A00
1B00
0000
0000
ENDCHAR
STARTCHAR U+1f66
ENCODING 8038
SWIDTH 666 0
DWIDTH 8 0
BBX 8 12 0 -2
BITMAP
14
28
10
10
20
00
44
82
92
6C
00
00
ENDCHAR
STARTCHAR U+1f6f
ENCODING 8047
SWIDTH 833 0
DWIDTH 10 0
BBX 10 12 0 -2
BITMAP
5000
A000
0000
4700
4880
2880
0880
0880
0500
0D80
0000
0000
ENDCHAR
STARTCHAR U+1f67
ENCODING 8039
SWIDTH 666 0
DWIDTH 8 0
BBX 8 12 0 -2
BITMAP
28
50
20
20
10
44
82
92
92
6C
00
00
ENDCHAR
STARTCHAR U+1fa8
ENCODING 8104
SWIDTH 750 0
DWIDTH 9 0
BBX 9 12 0 -2
BITMAP
0000
0000
0000
4E00
5100
9100
1100
1100
0A00
1B00
0400
0400
ENDCHAR
STARTCHAR U+1fa0
ENCODING 8096
SWIDTH 666 0
DWIDTH 8 0
BBX 8 12 0 -2
BITMAP
00
08
08
10
00
44
82
92
92
6C
10
10
ENDCHAR
STARTCHAR U+1fa9
ENCODING 8105
SWIDTH 750 0
DWIDTH 9 0
BBX 9 12 0 -2
BITMAP
0000
0000
0000
8E00
9100
5100
1100
1100
0A00
1B00
0400
0400
ENDCHAR
STARTCHAR U+1fa1
ENCODING 8097
SWIDTH 666 0
DWIDTH 8 0
BBX 8 12 0 -2
BITMAP
00
20
20
10
00
44
82
92
92
6C
10
10
ENDCHAR
STARTCHAR U+1faa
ENCODING 8106
SWIDTH 833 0
DWIDTH 10 0
BBX 10 12 0 -2
BITMAP
0000
0000
2000
5700
4880
8880
0880
0880
0500
0D80
0200
0200
ENDCHAR
STARTCHAR U+1fa2
ENCODING 8098
SWIDTH 666 0
DWIDTH 8 0
BBX 8 12 0 -2
BITMAP
00
20
28
44
00
44
82
92
92
6C
10
10
ENDCHAR
STARTCHAR U+1fab
ENCODING 8107
SWIDTH 833 0
DWIDTH 10 0
BBX 10 12 0 -2
BITMAP
0000
0000
2000
9700
8880
4880
0880
0880
0500
0D80
0200
0200
ENDCHAR
STARTCHAR U+1fa3
ENCODING 8099
SWIDTH 666 0
DWIDTH 8 0
BBX 8 12 0 -2
BITMAP
00
40
48
24
00
44
82
92
92
6C
10
10
ENDCHAR
STARTCHAR U+1fac
ENCODING 8108
SWIDTH 833 0
DWIDTH 10 0
BBX 10 12 0 -2
BITMAP
0000
0000
0800
5700
4880
8880
0880
0880
0500
0D80
0200
0200
ENDCHAR
STARTCHAR U+1fa4
ENCODING 8100
SWIDTH 666 0
DWIDTH 8 0
BBX 8 12 0 -2
BITMAP
00
20
24
48
00
44
82
92
92
6C
10
10
ENDCHAR
STARTCHAR U+1fad
ENCODING 8109
SWIDTH 833 0
DWIDTH 10 0
BBX 10 12 0 -2
BITMAP
0000
0000
1000
A700
8880
4880
0880
0880
0500
0D80
0200
0200
ENDCHAR
STARTCHAR U+1fa5
ENCODING 8101
SWIDTH 666 0
DWIDTH 8 0
BBX 8 12 0 -2
BITMAP
00
40
44
28
00
44
82
92
92
6C
10
10
ENDCHAR
STARTCHAR U+1fae
ENCODING 8110
SWIDTH 750 0
DWIDTH 9 0
BBX 9 12 0 -2
BITMAP
5000
A000
0000
4E00
5100
9100
1100
1100
0A00
1B00
0400
0400
ENDCHAR
STARTCHAR U+1fa6
ENCODING 8102
SWIDTH 666 0
DWIDTH 8 0
BBX 8 12 0 -2
BITMAP
14
28
10
10
20
00
44
82
92
6C
10
10
ENDCHAR
STARTCHAR U+1faf
ENCODING 8111
SWIDTH 833 0
DWIDTH 10 0
BBX 10 12 0 -2
BITMAP
5000
A000
0000
4700
4880
2880
0880
0880
0500
0D80
0200
0200
ENDCHAR
STARTCHAR U+1fa7
ENCODING 8103
SWIDTH 666 0
DWIDTH 8 0
BBX 8 12 0 -2
BITMAP
28
50
20
20
10
44
82
92
92
6C
10
10
ENDCHAR
STARTCHAR U+1ffc
ENCODING 8188
SWIDTH 500 0
DWIDTH 6 0
BBX 6 12 0 -2
BITMAP
00
00
00
70
88
88
88
88
50
D8
20
20
ENDCHAR
STARTCHAR U+1ff3
ENCODING 8179
SWIDTH 666 0
DWIDTH 8 0
BBX 8 12 0 -2
BITMAP
00
00
00
00
00
44
82
92
92
6C
10
10
ENDCHAR
STARTCHAR U+1ff2
ENCODING 8178
SWIDTH 666 0
DWIDTH 8 0
BBX 8 12 0 -2
BITMAP
00
00
20
10
00
44
82
92
92
6C
10
10
ENDCHAR
STARTCHAR U+1ff4
ENCODING 8180
SWIDTH 666 0
DWIDTH 8 0
BBX 8 12 0 -2
BITMAP
00
00
08
10
00
44
82
92
92
6C
10
10
ENDCHAR
STARTCHAR U+1ff6
ENCODING 8182
SWIDTH 666 0
DWIDTH 8 0
BBX 8 12 0 -2
BITMAP
00
00
14
28
00
44
82
92
92
6C
00
00
ENDCHAR
STARTCHAR U+1ff7
ENCODING 8183
SWIDTH 666 0
DWIDTH 8 0
BBX 8 12 0 -2
BITMAP
00
00
14
28
00
44
82
92
92
6C
10
10
ENDCHAR
STARTCHAR U+262f
ENCODING 9775
SWIDTH 833 0
DWIDTH 10 0
BBX 10 12 0 -2
BITMAP
0000
0000
3E00
4300
9380
8380
8780
8F80
9B80
5F00
3E00
0000
ENDCHAR
STARTCHAR U+2610
ENCODING 9744
SWIDTH 833 0
DWIDTH 10 0
BBX 10 12 0 -2
BITMAP
0000
0000
FF80
8080
8080
8080
8080
8080
8080
8080
FF80
0000
ENDCHAR
STARTCHAR U+2611
ENCODING 9745
SWIDTH 833 0
DWIDTH 10 0
BBX 10 12 0 -2
BITMAP
0000
0000
FF80
8080
8180
8280
8480
A880
9080
8080
FF80
0000
ENDCHAR
STARTCHAR U+2612
ENCODING 9746
SWIDTH 833 0
DWIDTH 10 0
BBX 10 12 0 -2
BITMAP
0000
0000
FF80
8080
A280
9480
8880
9480
A280
8080
FF80
0000
ENDCHAR
STARTCHAR U+018d
ENCODING 397
SWIDTH 500 0
DWIDTH 6 0
BBX 6 12 0 -2
BITMAP
00
00
00
00
00
70
88
88
50
20
10
60
ENDCHAR
STARTCHAR U+01ba
ENCODING 442
SWIDTH 500 0
DWIDTH 6 0
BBX 6 12 0 -2
BITMAP
00
00
00
00
00
F8
08
30
08
70
80
78
ENDCHAR
STARTCHAR U+2c7e
ENCODING 11390
SWIDTH 500 0
DWIDTH 6 0
BBX 6 12 0 -2
BITMAP
00
00
00
78
80
70
08
08
88
70
40
38
ENDCHAR
STARTCHAR U+023f
ENCODING 575
SWIDTH 500 0
DWIDTH 6 0
BBX 6 12 0 -2
BITMAP
00
00
00
00
00
78
80
70
08
F0
40
38
ENDCHAR
STARTCHAR U+2c7f
ENCODING 11391
SWIDTH 500 0
DWIDTH 6 0
BBX 6 12 0 -2
BITMAP
00
00
00
F8
08
10
20
40
80
C0
38
00
ENDCHAR
STARTCHAR U+0240
ENCODING 576
SWIDTH 500 0
DWIDTH 6 0
BBX 6 12 0 -2
BITMAP
00
00
00
00
00
F8
10
20
40
C0
78
00
ENDCHAR
STARTCHAR U+1d80
ENCODING 7552
SWIDTH 500 0
DWIDTH 6 0
BBX 6 12 0 -2
BITMAP
00
00
00
80
80
B0
C8
88
88
F0
08
10
ENDCHAR
STARTCHAR U+a7c4
ENCODING 42948
SWIDTH 500 0
DWIDTH 6 0
BBX 6 12 0 -2
BITMAP
00
00
00
70
88
80
80
80
88
70
08
10
ENDCHAR
STARTCHAR U+a794
ENCODING 42900
SWIDTH 500 0
DWIDTH 6 0
BBX 6 12 0 -2
BITMAP
00
00
00
00
00
70
88
80
88
70
08
10
ENDCHAR
STARTCHAR U+1d81
ENCODING 7553
SWIDTH 583 0
DWIDTH 7 0
BBX 7 12 0 -2
BITMAP
00
00
00
08
08
68
98
88
88
78
04
08
ENDCHAR
STARTCHAR U+1d82
ENCODING 7554
SWIDTH 416 0
DWIDTH 5 0
BBX 5 12 0 -2
BITMAP
00
00
00
30
40
F0
40
40
40
40
20
40
ENDCHAR
STARTCHAR U+1d83
ENCODING 7555
SWIDTH 583 0
DWIDTH 7 0
BBX 7 12 0 -2
BITMAP
00
00
00
00
00
78
88
88
78
08
F4
08
ENDCHAR
STARTCHAR U+a795
ENCODING 42901
SWIDTH 583 0
DWIDTH 7 0
BBX 7 12 0 -2
BITMAP
00
00
00
80
80
B0
C8
88
88
88
04
08
ENDCHAR
STARTCHAR U+1d84
ENCODING 7556
SWIDTH 500 0
DWIDTH 6 0
BBX 6 12 0 -2
BITMAP
00
00
00
80
80
90
A0
C0
A0
90
08
10
ENDCHAR
STARTCHAR U+1d85
ENCODING 7557
SWIDTH 250 0
DWIDTH 3 0
BBX 3 12 0 -2
BITMAP
00
00
00
80
80
80
80
80
80
80
40
80
ENDCHAR
STARTCHAR U+1d86
ENCODING 7558
SWIDTH 583 0
DWIDTH 7 0
BBX 7 12 0 -2
BITMAP
00
00
00
00
00
D0
A8
A8
88
88
04
08
ENDCHAR
STARTCHAR U+1d87
ENCODING 7559
SWIDTH 583 0
DWIDTH 7 0
BBX 7 12 0 -2
BITMAP
00
00
00
00
00
F0
88
88
88
88
04
08
ENDCHAR
STARTCHAR U+1d88
ENCODING 7560
SWIDTH 500 0
DWIDTH 6 0
BBX 6 12 0 -2
BITMAP
00
00
00
00
00
B0
C8
88
F0
88
90
00
ENDCHAR
STARTCHAR U+1d89
ENCODING 7561
SWIDTH 500 0
DWIDTH 6 0
BBX 6 12 0 -2
BITMAP
00
00
00
00
00
B0
C8
80
80
80
40
80
ENDCHAR
STARTCHAR U+1d8a
ENCODING 7562
SWIDTH 500 0
DWIDTH 6 0
BBX 6 12 0 -2
BITMAP
00
00
00
00
00
78
80
70
08
F0
08
10
ENDCHAR
STARTCHAR U+1d8b
ENCODING 7563
SWIDTH 500 0
DWIDTH 6 0
BBX 6 12 0 -2
BITMAP
00
00
00
18
20
20
20
20
38
28
D0
00
ENDCHAR
STARTCHAR U+1d8c
ENCODING 7564
SWIDTH 500 0
DWIDTH 6 0
BBX 6 12 0 -2
BITMAP
00
00
00
00
00
88
88
88
50
28
08
10
ENDCHAR
STARTCHAR U+1d8d
ENCODING 7565
SWIDTH 583 0
DWIDTH 7 0
BBX 7 12 0 -2
BITMAP
00
00
00
00
00
88
50
20
50
88
04
08
ENDCHAR
STARTCHAR U+a7c6
ENCODING 42950
SWIDTH 583 0
DWIDTH 7 0
BBX 7 12 0 -2
BITMAP
00
00
00
F8
08
10
20
40
80
F8
04
08
ENDCHAR
STARTCHAR U+1d8e
ENCODING 7566
SWIDTH 583 0
DWIDTH 7 0
BBX 7 12 0 -2
BITMAP
00
00
00
00
00
F8
10
20
40
F8
04
08
ENDCHAR
STARTCHAR U+1d8f
ENCODING 7567
SWIDTH 583 0
DWIDTH 7 0
BBX 7 12 0 -2
BITMAP
00
00
00
00
00
70
08
78
88
78
08
04
ENDCHAR
STARTCHAR U+1d90
ENCODING 7568
SWIDTH 583 0
DWIDTH 7 0
BBX 7 12 0 -2
BITMAP
00
00
00
00
00
68
98
88
88
78
08
04
ENDCHAR
STARTCHAR U+1d92
ENCODING 7570
SWIDTH 583 0
DWIDTH 7 0
BBX 7 12 0 -2
BITMAP
00
00
00
00
00
70
88
F8
80
78
08
04
ENDCHAR
STARTCHAR U+1d93
ENCODING 7571
SWIDTH 583 0
DWIDTH 7 0
BBX 7 12 0 -2
BITMAP
00
00
00
00
00
78
80
60
80
78
08
04
ENDCHAR
STARTCHAR U+1d94
ENCODING 7572
SWIDTH 500 0
DWIDTH 6 0
BBX 6 12 0 -2
BITMAP
00
00
00
00
00
F0
08
30
08
F0
80
40
ENDCHAR
STARTCHAR U+1d95
ENCODING 7573
SWIDTH 583 0
DWIDTH 7 0
BBX 7 12 0 -2
BITMAP
00
00
00
00
00
F0
08
F8
88
70
08
04
ENDCHAR
STARTCHAR U+1d96
ENCODING 7574
SWIDTH 250 0
DWIDTH 3 0
BBX 3 12 0 -2
BITMAP
00
00
00
80
00
80
80
80
80
80
80
40
ENDCHAR
STARTCHAR U+1d97
ENCODING 7575
SWIDTH 583 0
DWIDTH 7 0
BBX 7 12 0 -2
BITMAP
00
00
00
00
00
70
88
08
88
70
08
04
ENDCHAR
STARTCHAR U+1d98
ENCODING 7576
SWIDTH 500 0
DWIDTH 6 0
BBX 6 12 0 -2
BITMAP
00
00
00
18
20
20
20
20
20
C0
80
40
ENDCHAR
STARTCHAR U+1d99
ENCODING 7577
SWIDTH 583 0
DWIDTH 7 0
BBX 7 12 0 -2
BITMAP
00
00
00
00
00
88
88
88
88
78
08
04
ENDCHAR
STARTCHAR U+1d9a
ENCODING 7578
SWIDTH 500 0
DWIDTH 6 0
BBX 6 12 0 -2
BITMAP
00
00
00
00
00
F8
08
30
08
F0
80
40
ENDCHAR
STARTCHAR U+1e9a
ENCODING 7834
SWIDTH 500 0
DWIDTH 6 0
BBX 6 12 0 -2
BITMAP
00
20
10
20
00
70
08
78
88
78
00
00
ENDCHAR
STARTCHAR U+2152
ENCODING 8530
SWIDTH 833 0
DWIDTH 10 0
BBX 10 12 0 -2
BITMAP
0000
0000
0000
4400
C800
4800
5500
2E80
2680
4500
0000
0000
ENDCHAR
STARTCHAR U+2158
ENCODING 8536
SWIDTH 833 0
DWIDTH 10 0
BBX 10 12 0 -2
BITMAP
0000
0000
0000
6200
A400
E400
2B80
1300
1080
2300
0000
0000
ENDCHAR
STARTCHAR U+20a8
ENCODING 8360
SWIDTH 833 0
DWIDTH 10 0
BBX 10 12 0 -2
BITMAP
0000
0000
0000
F000
8800
F380
8C00
8B00
8880
8F00
0000
0000
ENDCHAR
STARTCHAR U+20af
ENCODING 8367
SWIDTH 833 0
DWIDTH 10 0
BBX 10 12 0 -2
BITMAP
0000
0000
0000
7800
2400
2400
2500
6680
A700
5A00
0200
0000
ENDCHAR
STARTCHAR U+0020
ENCODING 32
SWIDTH 83 0
DWIDTH 1 0
BBX 1 12 0 -2
BITMAP
00
00
00
00
00
00
00
00
00
00
00
00
ENDCHAR
STARTCHAR U+0021
ENCODING 33
SWIDTH 166 0
DWIDTH 2 0
BBX 2 12 0 -2
BITMAP
00
00
00
80
80
80
80
80
00
80
00
00
ENDCHAR
STARTCHAR U+0022
ENCODING 34
SWIDTH 333 0
DWIDTH 4 0
BBX 4 12 0 -2
BITMAP
00
00
00
A0
A0
00
00
00
00
00
00
00
ENDCHAR
STARTCHAR U+0023
ENCODING 35
SWIDTH 500 0
DWIDTH 6 0
BBX 6 12 0 -2
BITMAP
00
00
00
50
50
F8
50
F8
50
50
00
00
ENDCHAR
STARTCHAR U+0024
ENCODING 36
SWIDTH 500 0
DWIDTH 6 0
BBX 6 12 0 -2
BITMAP
00
00
00
20
78
80
70
08
F0
20
00
00
ENDCHAR
STARTCHAR U+0025
ENCODING 37
SWIDTH 500 0
DWIDTH 6 0
BBX 6 12 0 -2
BITMAP
00
00
00
88
90
10
20
40
48
88
00
00
ENDCHAR
STARTCHAR U+0026
ENCODING 38
SWIDTH 500 0
DWIDTH 6 0
BBX 6 12 0 -2
BITMAP
00
00
00
20
50
20
68
B0
90
68
00
00
ENDCHAR
STARTCHAR U+0027
ENCODING 39
SWIDTH 166 0
DWIDTH 2 0
BBX 2 12 0 -2
BITMAP
00
00
00
80
80
00
00
00
00
00
00
00
ENDCHAR
STARTCHAR U+0028
ENCODING 40
SWIDTH 333 0
DWIDTH 4 0
BBX 4 12 0 -2
BITMAP
00
00
00
20
40
80
80
80
40
20
00
00
ENDCHAR
STARTCHAR U+0029
ENCODING 41
SWIDTH 333 0
DWIDTH 4 0
BBX 4 12 0 -2
BITMAP
00
00
00
80
40
20
20
20
40
80
00
00
ENDCHAR
STARTCHAR U+002a
ENCODING 42
SWIDTH 333 0
DWIDTH 4 0
BBX 4 12 0 -2
BITMAP
00
00
00
A0
40
A0
00
00
00
00
00
00
ENDCHAR
STARTCHAR U+002b
ENCODING 43
SWIDTH 500 0
DWIDTH 6 0
BBX 6 12 0 -2
BITMAP
00
00
00
00
20
20
F8
20
20
00
00
00
ENDCHAR
STARTCHAR U+002c
ENCODING 44
SWIDTH 166 0
DWIDTH 2 0
BBX 2 12 0 -2
BITMAP
00
00
00
00
00
00
00
00
00
80
80
00
ENDCHAR
STARTCHAR U+002d
ENCODING 45
SWIDTH 500 0
DWIDTH 6 0
BBX 6 12 0 -2
BITMAP
00
00
00
00
00
00
F8
00
00
00
00
00
ENDCHAR
STARTCHAR U+002e
ENCODING 46
SWIDTH 166 0
DWIDTH 2 0
BBX 2 12 0 -2
BITMAP
00
00
00
00
00
00
00
00
00
80
00
00
ENDCHAR
STARTCHAR U+002f
ENCODING 47
SWIDTH 500 0
DWIDTH 6 0
BBX 6 12 0 -2
BITMAP
00
00
00
08
10
10
20
40
40
80
00
00
ENDCHAR
STARTCHAR U+0030
ENCODING 48
SWIDTH 500 0
DWIDTH 6 0
BBX 6 12 0 -2
BITMAP
00
00
00
70
88
98
A8
C8
88
70
00
00
ENDCHAR
STARTCHAR U+0031
ENCODING 49
SWIDTH 500 0
DWIDTH 6 0
BBX 6 12 0 -2
BITMAP
00
00
00
20
60
20
20
20
20
F8
00
00
ENDCHAR
STARTCHAR U+0032
ENCODING 50
SWIDTH 500 0
DWIDTH 6 0
BBX 6 12 0 -2
BITMAP
00
00
00
70
88
08
30
40
88
F8
00
00
ENDCHAR
STARTCHAR U+0033
ENCODING 51
SWIDTH 500 0
DWIDTH 6 0
BBX 6 12 0 -2
BITMAP
00
00
00
70
88
08
30
08
88
70
00
00
ENDCHAR
STARTCHAR U+0034
ENCODING 52
SWIDTH 500 0
DWIDTH 6 0
BBX 6 12 0 -2
BITMAP
00
00
00
18
28
48
88
F8
08
08
00
00
ENDCHAR
STARTCHAR U+0035
ENCODING 53
SWIDTH 500 0
DWIDTH 6 0
BBX 6 12 0 -2
BITMAP
00
00
00
F8
80
F0
08
08
88
70
00
00
ENDCHAR
STARTCHAR U+0036
ENCODING 54
SWIDTH 500 0
DWIDTH 6 0
BBX 6 12 0 -2
BITMAP
00
00
00
30
40
80
F0
88
88
70
00
00
ENDCHAR
STARTCHAR U+0037
ENCODING 55
SWIDTH 500 0
DWIDTH 6 0
BBX 6 12 0 -2
BITMAP
00
00
00
F8
88
08
10
20
20
20
00
00
ENDCHAR
STARTCHAR U+0038
ENCODING 56
SWIDTH 500 0
DWIDTH 6 0
BBX 6 12 0 -2
BITMAP
00
00
00
70
88
88
70
88
88
70
00
00
ENDCHAR
STARTCHAR U+0039
ENCODING 57
SWIDTH 500 0
DWIDTH 6 0
BBX 6 12 0 -2
BITMAP
00
00
00
70
88
88
78
08
10
60
00
00
ENDCHAR
STARTCHAR U+003a
ENCODING 58
SWIDTH 166 0
DWIDTH 2 0
BBX 2 12 0 -2
BITMAP
00
00
00
00
00
80
00
00
00
80
00
00
ENDCHAR
STARTCHAR U+003b
ENCODING 59
SWIDTH 166 0
DWIDTH 2 0
BBX 2 12 0 -2
BITMAP
00
00
00
00
00
80
00
00
00
80
80
00
ENDCHAR
STARTCHAR U+003c
ENCODING 60
SWIDTH 416 0
DWIDTH 5 0
BBX 5 12 0 -2
BITMAP
00
00
00
10
20
40
80
40
20
10
00
00
ENDCHAR
STARTCHAR U+003d
ENCODING 61
SWIDTH 500 0
DWIDTH 6 0
BBX 6 12 0 -2
BITMAP
00
00
00
00
00
F8
00
00
F8
00
00
00
ENDCHAR
STARTCHAR U+003e
ENCODING 62
SWIDTH 416 0
DWIDTH 5 0
BBX 5 12 0 -2
BITMAP
00
00
00
80
40
20
10
20
40
80
00
00
ENDCHAR
STARTCHAR U+003f
ENCODING 63
SWIDTH 500 0
DWIDTH 6 0
BBX 6 12 0 -2
BITMAP
00
00
00
70
88
08
10
20
00
20
00
00
ENDCHAR
STARTCHAR U+0040
ENCODING 64
SWIDTH 583 0
DWIDTH 7 0
BBX 7 12 0 -2
BITMAP
00
00
00
00
78
84
B4
A4
BC
80
78
00
ENDCHAR
STARTCHAR U+0041
ENCODING 65
SWIDTH 500 0
DWIDTH 6 0
BBX 6 12 0 -2
BITMAP
00
00
00
70
88
F8
88
88
88
88
00
00
ENDCHAR
STARTCHAR U+0042
ENCODING 66
SWIDTH 500 0
DWIDTH 6 0
BBX 6 12 0 -2
BITMAP
00
00
00
F0
88
F0
88
88
88
F0
00
00
ENDCHAR
STARTCHAR U+0043
ENCODING 67
SWIDTH 500 0
DWIDTH 6 0
BBX 6 12 0 -2
BITMAP
00
00
00
70
88
80
80
80
88
70
00
00
ENDCHAR
STARTCHAR U+0044
ENCODING 68
SWIDTH 500 0
DWIDTH 6 0
BBX 6 12 0 -2
BITMAP
00
00
00
F0
88
88
88
88
88
F0
00
00
ENDCHAR
STARTCHAR U+0045
ENCODING 69
SWIDTH 500 0
DWIDTH 6 0
BBX 6 12 0 -2
BITMAP
00
00
00
F8
80
E0
80
80
80
F8
00
00
ENDCHAR
STARTCHAR U+0046
ENCODING 70
SWIDTH 500 0
DWIDTH 6 0
BBX 6 12 0 -2
BITMAP
00
00
00
F8
80
E0
80
80
80
80
00
00
ENDCHAR
STARTCHAR U+0047
ENCODING 71
SWIDTH 500 0
DWIDTH 6 0
BBX 6 12 0 -2
BITMAP
00
00
00
78
80
98
88
88
88
70
00
00
ENDCHAR
STARTCHAR U+0048
ENCODING 72
SWIDTH 500 0
DWIDTH 6 0
BBX 6 12 0 -2
BITMAP
00
00
00
88
88
F8
88
88
88
88
00
00
ENDCHAR
STARTCHAR U+0049
ENCODING 73
SWIDTH 333 0
DWIDTH 4 0
BBX 4 12 0 -2
BITMAP
00
00
00
E0
40
40
40
40
40
E0
00
00
ENDCHAR
STARTCHAR U+004a
ENCODING 74
SWIDTH 500 0
DWIDTH 6 0
BBX 6 12 0 -2
BITMAP
00
00
00
08
08
08
08
08
88
70
00
00
ENDCHAR
STARTCHAR U+004b
ENCODING 75
SWIDTH 500 0
DWIDTH 6 0
BBX 6 12 0 -2
BITMAP
00
00
00
88
90
E0
90
88
88
88
00
00
ENDCHAR
STARTCHAR U+004c
ENCODING 76
SWIDTH 500 0
DWIDTH 6 0
BBX 6 12 0 -2
BITMAP
00
00
00
80
80
80
80
80
80
F8
00
00
ENDCHAR
STARTCHAR U+004d
ENCODING 77
SWIDTH 500 0
DWIDTH 6 0
BBX 6 12 0 -2
BITMAP
00
00
00
88
D8
A8
88
88
88
88
00
00
ENDCHAR
STARTCHAR U+004e
ENCODING 78
SWIDTH 500 0
DWIDTH 6 0
BBX 6 12 0 -2
BITMAP
00
00
00
88
C8
A8
98
88
88
88
00
00
ENDCHAR
STARTCHAR U+004f
ENCODING 79
SWIDTH 500 0
DWIDTH 6 0
BBX 6 12 0 -2
BITMAP
00
00
00
70
88
88
88
88
88
70
00
00
ENDCHAR
STARTCHAR U+0050
ENCODING 80
SWIDTH 500 0
DWIDTH 6 0
BBX 6 12 0 -2
BITMAP
00
00
00
F0
88
F0
80
80
80
80
00
00
ENDCHAR
STARTCHAR U+0051
ENCODING 81
SWIDTH 500 0
DWIDTH 6 0
BBX 6 12 0 -2
BITMAP
00
00
00
70
88
88
88
88
90
68
00
00
ENDCHAR
STARTCHAR U+0052
ENCODING 82
SWIDTH 500 0
DWIDTH 6 0
BBX 6 12 0 -2
BITMAP
00
00
00
F0
88
F0
88
88
88
88
00
00
ENDCHAR
STARTCHAR U+0053
ENCODING 83
SWIDTH 500 0
DWIDTH 6 0
BBX 6 12 0 -2
BITMAP
00
00
00
78
80
70
08
08
88
70
00
00
ENDCHAR
STARTCHAR U+0054
ENCODING 84
SWIDTH 500 0
DWIDTH 6 0
BBX 6 12 0 -2
BITMAP
00
00
00
F8
20
20
20
20
20
20
00
00
ENDCHAR
STARTCHAR U+0055
ENCODING 85
SWIDTH 500 0
DWIDTH 6 0
BBX 6 12 0 -2
BITMAP
00
00
00
88
88
88
88
88
88
70
00
00
ENDCHAR
STARTCHAR U+0056
ENCODING 86
SWIDTH 500 0
DWIDTH 6 0
BBX 6 12 0 -2
BITMAP
00
00
00
88
88
88
88
50
50
20
00
00
ENDCHAR
STARTCHAR U+0057
ENCODING 87
SWIDTH 500 0
DWIDTH 6 0
BBX 6 12 0 -2
BITMAP
00
00
00
88
88
88
88
A8
D8
88
00
00
ENDCHAR
STARTCHAR U+0058
ENCODING 88
SWIDTH 500 0
DWIDTH 6 0
BBX 6 12 0 -2
BITMAP
00
00
00
88
50
20
50
88
88
88
00
00
ENDCHAR
STARTCHAR U+0059
ENCODING 89
SWIDTH 500 0
DWIDTH 6 0
BBX 6 12 0 -2
BITMAP
00
00
00
88
50
20
20
20
20
20
00
00
ENDCHAR
STARTCHAR U+005a
ENCODING 90
SWIDTH 500 0
DWIDTH 6 0
BBX 6 12 0 -2
BITMAP
00
00
00
F8
08
10
20
40
80
F8
00
00
ENDCHAR
STARTCHAR U+005b
ENCODING 91
SWIDTH 333 0
DWIDTH 4 0
BBX 4 12 0 -2
BITMAP
00
00
00
E0
80
80
80
80
80
E0
00
00
ENDCHAR
STARTCHAR U+005c
ENCODING 92
SWIDTH 500 0
DWIDTH 6 0
BBX 6 12 0 -2
BITMAP
00
00
00
80
40
40
20
10
10
08
00
00
ENDCHAR
STARTCHAR U+005d
ENCODING 93
SWIDTH 333 0
DWIDTH 4 0
BBX 4 12 0 -2
BITMAP
00
00
00
E0
20
20
20
20
20
E0
00
00
ENDCHAR
STARTCHAR U+005e
ENCODING 94
SWIDTH 500 0
DWIDTH 6 0
BBX 6 12 0 -2
BITMAP
00
00
00
20
50
88
00
00
00
00
00
00
ENDCHAR
STARTCHAR U+005f
ENCODING 95
SWIDTH 500 0
DWIDTH 6 0
BBX 6 12 0 -2
BITMAP
00
00
00
00
00
00
00
00
00
00
F8
00
ENDCHAR
STARTCHAR U+0060
ENCODING 96
SWIDTH 250 0
DWIDTH 3 0
BBX 3 12 0 -2
BITMAP
00
00
00
80
40
00
00
00
00
00
00
00
ENDCHAR
STARTCHAR U+0061
ENCODING 97
SWIDTH 500 0
DWIDTH 6 0
BBX 6 12 0 -2
BITMAP
00
00
00
00
00
70
08
78
88
78
00
00
ENDCHAR
STARTCHAR U+0062
ENCODING 98
SWIDTH 500 0
DWIDTH 6 0
BBX 6 12 0 -2
BITMAP
00
00
00
80
80
B0
C8
88
88
F0
00
00
ENDCHAR
STARTCHAR U+0063
ENCODING 99
SWIDTH 500 0
DWIDTH 6 0
BBX 6 12 0 -2
BITMAP
00
00
00
00
00
70
88
80
88
70
00
00
ENDCHAR
STARTCHAR U+0064
ENCODING 100
SWIDTH 500 0
DWIDTH 6 0
BBX 6 12 0 -2
BITMAP
00
00
00
08
08
68
98
88
88
78
00
00
ENDCHAR
STARTCHAR U+0065
ENCODING 101
SWIDTH 500 0
DWIDTH 6 0
BBX 6 12 0 -2
BITMAP
00
00
00
00
00
70
88
F8
80
78
00
00
ENDCHAR
STARTCHAR U+0066
ENCODING 102
SWIDTH 416 0
DWIDTH 5 0
BBX 5 12 0 -2
BITMAP
00
00
00
30
40
F0
40
40
40
40
00
00
ENDCHAR
STARTCHAR U+0067
ENCODING 103
SWIDTH 500 0
DWIDTH 6 0
BBX 6 12 0 -2
BITMAP
00
00
00
00
00
78
88
88
78
08
F0
00
ENDCHAR
STARTCHAR U+0068
ENCODING 104
SWIDTH 500 0
DWIDTH 6 0
BBX 6 12 0 -2
BITMAP
00
00
00
80
80
B0
C8
88
88
88
00
00
ENDCHAR
STARTCHAR U+0069
ENCODING 105
SWIDTH 166 0
DWIDTH 2 0
BBX 2 12 0 -2
BITMAP
00
00
00
80
00
80
80
80
80
80
00
00
ENDCHAR
STARTCHAR U+006a
ENCODING 106
SWIDTH 500 0
DWIDTH 6 0
BBX 6 12 0 -2
BITMAP
00
00
00
08
00
08
08
08
88
88
70
00
ENDCHAR
STARTCHAR U+006b
ENCODING 107
SWIDTH 416 0
DWIDTH 5 0
BBX 5 12 0 -2
BITMAP
00
00
00
80
80
90
A0
C0
A0
90
00
00
ENDCHAR
STARTCHAR U+006c
ENCODING 108
SWIDTH 250 0
DWIDTH 3 0
BBX 3 12 0 -2
BITMAP
00
00
00
80
80
80
80
80
80
40
00
00
ENDCHAR
STARTCHAR U+006d
ENCODING 109
SWIDTH 500 0
DWIDTH 6 0
BBX 6 12 0 -2
BITMAP
00
00
00
00
00
D0
A8
A8
88
88
00
00
ENDCHAR
STARTCHAR U+006e
ENCODING 110
SWIDTH 500 0
DWIDTH 6 0
BBX 6 12 0 -2
BITMAP
00
00
00
00
00
F0
88
88
88
88
00
00
ENDCHAR
STARTCHAR U+006f
ENCODING 111
SWIDTH 500 0
DWIDTH 6 0
BBX 6 12 0 -2
BITMAP
00
00
00
00
00
70
88
88
88
70
00
00
ENDCHAR
STARTCHAR U+0070
ENCODING 112
SWIDTH 500 0
DWIDTH 6 0
BBX 6 12 0 -2
BITMAP
00
00
00
00
00
B0
C8
88
F0
80
80
00
ENDCHAR
STARTCHAR U+0071
ENCODING 113
SWIDTH 500 0
DWIDTH 6 0
BBX 6 12 0 -2
BITMAP
00
00
00
00
00
68
98
88
78
08
08
00
ENDCHAR
STARTCHAR U+0072
ENCODING 114
SWIDTH 500 0
DWIDTH 6 0
BBX 6 12 0 -2
BITMAP
00
00
00
00
00
B0
C8
80
80
80
00
00
ENDCHAR
STARTCHAR U+0073
ENCODING 115
SWIDTH 500 0
DWIDTH 6 0
BBX 6 12 0 -2
BITMAP
00
00
00
00
00
78
80
70
08
F0
00
00
ENDCHAR
STARTCHAR U+0074
ENCODING 116
SWIDTH 333 0
DWIDTH 4 0
BBX 4 12 0 -2
BITMAP
00
00
00
40
40
E0
40
40
40
20
00
00
ENDCHAR
STARTCHAR U+0075
ENCODING 117
SWIDTH 500 0
DWIDTH 6 0
BBX 6 12 0 -2
BITMAP
00
00
00
00
00
88
88
88
88
78
00
00
ENDCHAR
STARTCHAR U+0076
ENCODING 118
SWIDTH 500 0
DWIDTH 6 0
BBX 6 12 0 -2
BITMAP
00
00
00
00
00
88
88
88
50
20
00
00
ENDCHAR
STARTCHAR U+0077
ENCODING 119
SWIDTH 500 0
DWIDTH 6 0
BBX 6 12 0 -2
BITMAP
00
00
00
00
00
88
88
A8
A8
78
00
00
ENDCHAR
STARTCHAR U+0078
ENCODING 120
SWIDTH 500 0
DWIDTH 6 0
BBX 6 12 0 -2
BITMAP
00
00
00
00
00
88
50
20
50
88
00
00
ENDCHAR
STARTCHAR U+0079
ENCODING 121
SWIDTH 500 0
DWIDTH 6 0
BBX 6 12 0 -2
BITMAP
00
00
00
00
00
88
88
88
78
08
F0
00
ENDCHAR
STARTCHAR U+007a
ENCODING 122
SWIDTH 500 0
DWIDTH 6 0
BBX 6 12 0 -2
BITMAP
00
00
00
00
00
F8
10
20
40
F8
00
00
ENDCHAR
STARTCHAR U+007b
ENCODING 123
SWIDTH 333 0
DWIDTH 4 0
BBX 4 12 0 -2
BITMAP
00
00
00
20
40
40
80
40
40
20
00
00
ENDCHAR
STARTCHAR U+007c
ENCODING 124
SWIDTH 166 0
DWIDTH 2 0
BBX 2 12 0 -2
BITMAP
00
00
00
80
80
80
80
80
80
80
00
00
ENDCHAR
STARTCHAR U+007d
ENCODING 125
SWIDTH 333 0
DWIDTH 4 0
BBX 4 12 0 -2
BITMAP
00
00
00
80
40
40
20
40
40
80
00
00
ENDCHAR
STARTCHAR U+007e
ENCODING 126
SWIDTH 583 0
DWIDTH 7 0
BBX 7 12 0 -2
BITMAP
00
00
00
64
98
00
00
00
00
00
00
00
ENDCHAR
STARTCHAR U+00a3
ENCODING 163
SWIDTH 500 0
DWIDTH 6 0
BBX 6 12 0 -2
BITMAP
00
00
00
30
48
40
F0
40
40
F8
00
00
ENDCHAR
STARTCHAR U+0192
ENCODING 402
SWIDTH 500 0
DWIDTH 6 0
BBX 6 12 0 -2
BITMAP
00
00
00
10
28
20
70
20
20
A0
40
00
ENDCHAR
STARTCHAR U+00aa
ENCODING 170
SWIDTH 416 0
DWIDTH 5 0
BBX 5 12 0 -2
BITMAP
00
00
00
60
10
F0
70
00
F0
00
00
00
ENDCHAR
STARTCHAR U+00ba
ENCODING 186
SWIDTH 416 0
DWIDTH 5 0
BBX 5 12 0 -2
BITMAP
00
00
00
60
90
90
60
00
F0
00
00
00
ENDCHAR
STARTCHAR U+00ac
ENCODING 172
SWIDTH 500 0
DWIDTH 6 0
BBX 6 12 0 -2
BITMAP
00
00
00
00
00
00
F8
08
08
00
00
00
ENDCHAR
STARTCHAR U+00ab
ENCODING 171
SWIDTH 583 0
DWIDTH 7 0
BBX 7 12 0 -2
BITMAP
00
00
00
00
24
48
90
48
24
00
00
00
ENDCHAR
STARTCHAR U+00bb
ENCODING 187
SWIDTH 583 0
DWIDTH 7 0
BBX 7 12 0 -2
BITMAP
00
00
00
00
90
48
24
48
90
00
00
00
ENDCHAR
STARTCHAR U+2591
ENCODING 9617
SWIDTH 666 0
DWIDTH 8 0
BBX 8 12 0 -2
BITMAP
00
00
00
22
88
22
88
22
88
22
88
00
ENDCHAR
STARTCHAR U+2592
ENCODING 9618
SWIDTH 750 0
DWIDTH 9 0
BBX 9 12 0 -2
BITMAP
0000
0000
0000
2A80
5500
2A80
5500
2A80
5500
2A80
5500
0000
ENDCHAR
STARTCHAR U+2593
ENCODING 9619
SWIDTH 750 0
DWIDTH 9 0
BBX 9 12 0 -2
BITMAP
0000
0000
0000
6D80
3B80
6D80
7700
6D80
3B80
6D80
7700
0000
ENDCHAR
STARTCHAR U+2502
ENCODING 9474
SWIDTH 500 0
DWIDTH 6 0
BBX 6 12 0 -2
BITMAP
00
00
00
18
18
18
18
18
18
18
18
00
ENDCHAR
STARTCHAR U+2524
ENCODING 9508
SWIDTH 500 0
DWIDTH 6 0
BBX 6 12 0 -2
BITMAP
00
00
00
18
18
18
18
F8
18
18
18
00
ENDCHAR
STARTCHAR U+2561
ENCODING 9569
SWIDTH 500 0
DWIDTH 6 0
BBX 6 12 0 -2
BITMAP
00
00
00
18
18
F8
18
F8
18
18
18
00
ENDCHAR
STARTCHAR U+2562
ENCODING 9570
SWIDTH 666 0
DWIDTH 8 0
BBX 8 12 0 -2
BITMAP
00
00
00
36
36
36
36
F6
36
36
36
00
ENDCHAR
STARTCHAR U+2556
ENCODING 9558
SWIDTH 666 0
DWIDTH 8 0
BBX 8 12 0 -2
BITMAP
00
00
00
00
00
00
00
FE
36
36
36
00
ENDCHAR
STARTCHAR U+2555
ENCODING 9557
SWIDTH 500 0
DWIDTH 6 0
BBX 6 12 0 -2
BITMAP
00
00
00
00
00
F8
18
F8
18
18
18
00
ENDCHAR
STARTCHAR U+2563
ENCODING 9571
SWIDTH 666 0
DWIDTH 8 0
BBX 8 12 0 -2
BITMAP
00
00
00
36
36
F6
06
F6
36
36
36
00
ENDCHAR
STARTCHAR U+2551
ENCODING 9553
SWIDTH 666 0
DWIDTH 8 0
BBX 8 12 0 -2
BITMAP
00
00
00
36
36
36
36
36
36
36
36
00
ENDCHAR
STARTCHAR U+2557
ENCODING 9559
SWIDTH 666 0
DWIDTH 8 0
BBX 8 12 0 -2
BITMAP
00
00
00
00
00
FE
06
F6
36
36
36
00
ENDCHAR
STARTCHAR U+255d
ENCODING 9565
SWIDTH 666 0
DWIDTH 8 0
BBX 8 12 0 -2
BITMAP
00
00
00
36
36
F6
06
FE
00
00
00
00
ENDCHAR
STARTCHAR U+255c
ENCODING 9564
SWIDTH 666 0
DWIDTH 8 0
BBX 8 12 0 -2
BITMAP
00
00
00
36
36
36
36
FE
00
00
00
00
ENDCHAR
STARTCHAR U+255b
ENCODING 9563
SWIDTH 500 0
DWIDTH 6 0
BBX 6 12 0 -2
BITMAP
00
00
00
18
18
F8
18
F8
00
00
00
00
ENDCHAR
STARTCHAR U+2510
ENCODING 9488
SWIDTH 500 0
DWIDTH 6 0
BBX 6 12 0 -2
BITMAP
00
00
00
00
00
00
00
F8
18
18
18
00
ENDCHAR
STARTCHAR U+2514
ENCODING 9492
SWIDTH 750 0
DWIDTH 9 0
BBX 9 12 0 -2
BITMAP
0000
0000
0000
0C00
0C00
0C00
0C00
0F80
0000
0000
0000
0000
ENDCHAR
STARTCHAR U+2534
ENCODING 9524
SWIDTH 750 0
DWIDTH 9 0
BBX 9 12 0 -2
BITMAP
0000
0000
0000
0C00
0C00
0C00
0C00
7F80
0000
0000
0000
0000
ENDCHAR
STARTCHAR U+252c
ENCODING 9516
SWIDTH 750 0
DWIDTH 9 0
BBX 9 12 0 -2
BITMAP
0000
0000
0000
0000
0000
0000
0000
7F80
0C00
0C00
0C00
0000
ENDCHAR
STARTCHAR U+251c
ENCODING 9500
SWIDTH 750 0
DWIDTH 9 0
BBX 9 12 0 -2
BITMAP
0000
0000
0000
0C00
0C00
0C00
0C00
0F80
0C00
0C00
0C00
0000
ENDCHAR
STARTCHAR U+2500
ENCODING 9472
SWIDTH 750 0
DWIDTH 9 0
BBX 9 12 0 -2
BITMAP
0000
0000
0000
0000
0000
0000
0000
7F80
0000
0000
0000
0000
ENDCHAR
STARTCHAR U+253c
ENCODING 9532
SWIDTH 750 0
DWIDTH 9 0
BBX 9 12 0 -2
BITMAP
0000
0000
0000
0C00
0C00
0C00
0C00
7F80
0C00
0C00
0C00
0000
ENDCHAR
STARTCHAR U+255e
ENCODING 9566
SWIDTH 750 0
DWIDTH 9 0
BBX 9 12 0 -2
BITMAP
0000
0000
0000
0C00
0C00
0F80
0C00
0F80
0C00
0C00
0C00
0000
ENDCHAR
STARTCHAR U+255f
ENCODING 9567
SWIDTH 750 0
DWIDTH 9 0
BBX 9 12 0 -2
BITMAP
0000
0000
0000
1B00
1B00
1B00
1B00
1B80
1B00
1B00
1B00
0000
ENDCHAR
STARTCHAR U+255a
ENCODING 9562
SWIDTH 750 0
DWIDTH 9 0
BBX 9 12 0 -2
BITMAP
0000
0000
0000
1B00
1B00
1B80
1800
1F80
0000
0000
0000
0000
ENDCHAR
STARTCHAR U+2554
ENCODING 9556
SWIDTH 750 0
DWIDTH 9 0
BBX 9 12 0 -2
BITMAP
0000
0000
0000
0000
0000
1F80
1800
1B80
1B00
1B00
1B00
0000
ENDCHAR
STARTCHAR U+2569
ENCODING 9577
SWIDTH 750 0
DWIDTH 9 0
BBX 9 12 0 -2
BITMAP
0000
0000
0000
1B00
1B00
7B80
0000
7F80
0000
0000
0000
0000
ENDCHAR
STARTCHAR U+2566
ENCODING 9574
SWIDTH 750 0
DWIDTH 9 0
BBX 9 12 0 -2
BITMAP
0000
0000
0000
0000
0000
7F80
0000
7B80
1B00
1B00
1B00
0000
ENDCHAR
STARTCHAR U+2560
ENCODING 9568
SWIDTH 750 0
DWIDTH 9 0
BBX 9 12 0 -2
BITMAP
0000
0000
0000
1B00
1B00
1B80
1800
1B80
1B00
1B00
1B00
0000
ENDCHAR
STARTCHAR U+2550
ENCODING 9552
SWIDTH 750 0
DWIDTH 9 0
BBX 9 12 0 -2
BITMAP
0000
0000
0000
0000
0000
7F80
0000
7F80
0000
0000
0000
0000
ENDCHAR
STARTCHAR U+256c
ENCODING 9580
SWIDTH 750 0
DWIDTH 9 0
BBX 9 12 0 -2
BITMAP
0000
0000
0000
1B00
1B00
7B80
0000
7B80
1B00
1B00
1B00
0000
ENDCHAR
STARTCHAR U+2567
ENCODING 9575
SWIDTH 750 0
DWIDTH 9 0
BBX 9 12 0 -2
BITMAP
0000
0000
0000
0C00
0C00
7F80
0000
7F80
0000
0000
0000
0000
ENDCHAR
STARTCHAR U+2568
ENCODING 9576
SWIDTH 750 0
DWIDTH 9 0
BBX 9 12 0 -2
BITMAP
0000
0000
0000
1B00
1B00
1B00
1B00
7F80
0000
0000
0000
0000
ENDCHAR
STARTCHAR U+2564
ENCODING 9572
SWIDTH 750 0
DWIDTH 9 0
BBX 9 12 0 -2
BITMAP
0000
0000
0000
0000
0000
7F80
0000
7F80
0C00
0C00
0C00
0000
ENDCHAR
STARTCHAR U+2565
ENCODING 9573
SWIDTH 750 0
DWIDTH 9 0
BBX 9 12 0 -2
BITMAP
0000
0000
0000
0000
0000
0000
0000
7F80
1B00
1B00
1B00
0000
ENDCHAR
STARTCHAR U+2559
ENCODING 9561
SWIDTH 750 0
DWIDTH 9 0
BBX 9 12 0 -2
BITMAP
0000
0000
0000
1B00
1B00
1B00
1B00
1F80
0000
0000
0000
0000
ENDCHAR
STARTCHAR U+2558
ENCODING 9560
SWIDTH 750 0
DWIDTH 9 0
BBX 9 12 0 -2
BITMAP
0000
0000
0000
0C00
0C00
0F80
0C00
0F80
0000
0000
0000
0000
ENDCHAR
STARTCHAR U+2552
ENCODING 9554
SWIDTH 750 0
DWIDTH 9 0
BBX 9 12 0 -2
BITMAP
0000
0000
0000
0000
0000
0F80
0C00
0F80
0C00
0C00
0C00
0000
ENDCHAR
STARTCHAR U+2553
ENCODING 9555
SWIDTH 750 0
DWIDTH 9 0
BBX 9 12 0 -2
BITMAP
0000
0000
0000
0000
0000
0000
0000
1F80
1B00
1B00
1B00
0000
ENDCHAR
STARTCHAR U+256b
ENCODING 9579
SWIDTH 750 0
DWIDTH 9 0
BBX 9 12 0 -2
BITMAP
0000
0000
0000
1B00
1B00
1B00
1B00
7F80
1B00
1B00
1B00
0000
ENDCHAR
STARTCHAR U+256a
ENCODING 9578
SWIDTH 750 0
DWIDTH 9 0
BBX 9 12 0 -2
BITMAP
0000
0000
0000
0C00
0C00
7F80
0C00
7F80
0C00
0C00
0C00
0000
ENDCHAR
STARTCHAR U+2518
ENCODING 9496
SWIDTH 500 0
DWIDTH 6 0
BBX 6 12 0 -2
BITMAP
00
00
00
18
18
18
18
F8
00
00
00
00
ENDCHAR
STARTCHAR U+250c
ENCODING 9484
SWIDTH 750 0
DWIDTH 9 0
BBX 9 12 0 -2
BITMAP
0000
0000
0000
0000
0000
0000
0000
0F80
0C00
0C00
0C00
0000
ENDCHAR
STARTCHAR U+2588
ENCODING 9608
SWIDTH 750 0
DWIDTH 9 0
BBX 9 12 0 -2
BITMAP
0000
0000
0000
7F80
7F80
7F80
7F80
7F80
7F80
7F80
7F80
0000
ENDCHAR
STARTCHAR U+2584
ENCODING 9604
SWIDTH 750 0
DWIDTH 9 0
BBX 9 12 0 -2
BITMAP
0000
0000
0000
0000
0000
0000
0000
7F80
7F80
7F80
7F80
0000
ENDCHAR
STARTCHAR U+258c
ENCODING 9612
SWIDTH 416 0
DWIDTH 5 0
BBX 5 12 0 -2
BITMAP
00
00
00
F0
F0
F0
F0
F0
F0
F0
F0
00
ENDCHAR
STARTCHAR U+2590
ENCODING 9616
SWIDTH 750 0
DWIDTH 9 0
BBX 9 12 0 -2
BITMAP
0000
0000
0000
0780
0780
0780
0780
0780
0780
0780
0780
0000
ENDCHAR
STARTCHAR U+2580
ENCODING 9600
SWIDTH 750 0
DWIDTH 9 0
BBX 9 12 0 -2
BITMAP
0000
0000
0000
7F80
7F80
7F80
7F80
0000
0000
0000
0000
0000
ENDCHAR
STARTCHAR U+2205
ENCODING 8709
SWIDTH 666 0
DWIDTH 8 0
BBX 8 12 0 -2
BITMAP
00
00
00
3A
44
8A
92
A2
44
B8
00
00
ENDCHAR
STARTCHAR U+2208
ENCODING 8712
SWIDTH 500 0
DWIDTH 6 0
BBX 6 12 0 -2
BITMAP
00
00
00
38
40
80
F8
80
40
38
00
00
ENDCHAR
STARTCHAR U+2261
ENCODING 8801
SWIDTH 583 0
DWIDTH 7 0
BBX 7 12 0 -2
BITMAP
00
00
00
00
FC
00
FC
00
FC
00
00
00
ENDCHAR
STARTCHAR U+00b1
ENCODING 177
SWIDTH 500 0
DWIDTH 6 0
BBX 6 12 0 -2
BITMAP
00
00
00
20
20
F8
20
20
00
F8
00
00
ENDCHAR
STARTCHAR U+2265
ENCODING 8805
SWIDTH 500 0
DWIDTH 6 0
BBX 6 12 0 -2
BITMAP
00
00
00
40
20
10
20
40
00
F8
00
00
ENDCHAR
STARTCHAR U+2264
ENCODING 8804
SWIDTH 500 0
DWIDTH 6 0
BBX 6 12 0 -2
BITMAP
00
00
00
10
20
40
20
10
00
F8
00
00
ENDCHAR
STARTCHAR U+2320
ENCODING 8992
SWIDTH 666 0
DWIDTH 8 0
BBX 8 12 0 -2
BITMAP
00
00
00
0C
12
12
10
10
10
10
10
00
ENDCHAR
STARTCHAR U+2321
ENCODING 8993
SWIDTH 416 0
DWIDTH 5 0
BBX 5 12 0 -2
BITMAP
00
00
00
10
10
10
10
10
90
90
60
00
ENDCHAR
STARTCHAR U+00f7
ENCODING 247
SWIDTH 500 0
DWIDTH 6 0
BBX 6 12 0 -2
BITMAP
00
00
00
00
20
00
F8
00
20
00
00
00
ENDCHAR
STARTCHAR U+2248
ENCODING 8776
SWIDTH 583 0
DWIDTH 7 0
BBX 7 12 0 -2
BITMAP
00
00
00
00
64
98
00
64
98
00
00
00
ENDCHAR
STARTCHAR U+00b0
ENCODING 176
SWIDTH 416 0
DWIDTH 5 0
BBX 5 12 0 -2
BITMAP
00
00
00
60
90
90
60
00
00
00
00
00
ENDCHAR
STARTCHAR U+2219
ENCODING 8729
SWIDTH 500 0
DWIDTH 6 0
BBX 6 12 0 -2
BITMAP
00
00
00
00
00
00
18
18
00
00
00
00
ENDCHAR
STARTCHAR U+221a
ENCODING 8730
SWIDTH 583 0
DWIDTH 7 0
BBX 7 12 0 -2
BITMAP
00
00
00
1C
10
10
10
90
50
30
00
00
ENDCHAR
STARTCHAR U+207f
ENCODING 8319
SWIDTH 416 0
DWIDTH 5 0
BBX 5 12 0 -2
BITMAP
00
00
00
00
E0
90
90
90
00
00
00
00
ENDCHAR
STARTCHAR U+00b2
ENCODING 178
SWIDTH 416 0
DWIDTH 5 0
BBX 5 12 0 -2
BITMAP
00
00
00
60
90
20
40
F0
00
00
00
00
ENDCHAR
STARTCHAR U+25a0
ENCODING 9632
SWIDTH 500 0
DWIDTH 6 0
BBX 6 12 0 -2
BITMAP
00
00
00
00
F8
F8
F8
F8
F8
00
00
00
ENDCHAR
ENDFONT